job_id,source_dir,status,S,N,E,total_envs,wall_time_s,compile_wall_time_s,sim_time_total_s,train_time_total_s,compile_time_min_s,compile_time_mean_s,compile_time_max_s,sim_time_per_iter_min_s,sim_time_per_iter_mean_s,sim_time_per_iter_max_s,steps_per_sec_avg,steps_per_sec_per_iter,iter_times_s,ram_per_scene_mean_mb,ram_per_scene_max_mb,vram_allocated_per_scene_mean_mb,vram_allocated_per_scene_max_mb,vram_allocated_total_mb,vram_reserved_per_scene_mean_mb,vram_reserved_per_scene_max_mb,error
0,sne_benchmark_2817981_0,ERROR,1,300,32,9600,,,,,,,,,,,,,,,,,,,,,
0,sne_benchmark_2820694_0,ERROR,4,42,2048,344064,,,,,,,,,,,,,,,,,,,,,
0,sne_benchmark_2819563_0,ERROR,2,64,4096,524288,,,,,,,,,,,,,,,,,,,,,
0,sne_benchmark_2819563_0,ERROR,2,96,2048,393216,,,,,,,,,,,,,,,,,,,,,
0,sne_benchmark_2819563_0,OK,1,1,32,32,77.986423432827,54.23054054006934,14.767095252871512,20.81229404732585,51.07474602013826,51.07474602013826,51.07474602013826,1.0257729217410088,1.4767095252871514,5.354316100478172,483.12818413050127,"[113.43288668386943, 525.9497559739867, 526.3743817581638, 532.2034531228878, 519.6126519624821, 526.0818891512007, 519.0704611187582, 520.9589085031338, 522.4973978458228, 525.1000551847071]","[7.052628416568041, 1.521057840436697, 1.5198308043181896, 1.5031845346093178, 1.5396083928644657, 1.5206758044660091, 1.54121657833457, 1.535629753023386, 1.5311081036925316, 1.5235191695392132]",2018.58203125,2018.58203125,10.35498046875,10.35498046875,0.0,26.0,26.0,
0,sne_benchmark_2819563_0,OK,1,1,4096,4096,108.79993825033308,78.97498355805874,19.18761826306581,28.13618890196085,75.80345195159316,75.80345195159316,75.80345195159316,1.360999707132578,1.918761826306581,6.905737437307835,42964.61057235629,"[12458.584632803337, 45551.53771988116, 45836.14136764702, 45841.48093045747, 45848.379516067034, 46049.81145651707, 46191.71614530656, 46260.73162631191, 49517.50178136372, 46090.220547207624]","[8.219232201576233, 2.2480031438171864, 2.234044946730137, 2.2337847277522087, 2.2334486208856106, 2.2236790284514427, 2.2168477065861225, 2.2135404348373413, 2.0679556988179684, 2.2217294424772263]",1934.76171875,1934.76171875,284.64990234375,284.64990234375,0.0,954.0,954.0,
0,sne_benchmark_2819563_0,OK,1,2,2048,4096,180.4942028261721,97.99488591402768,72.23051860183477,80.05904070287943,94.86892287805676,94.86892287805676,94.86892287805676,6.040593337267637,7.223051860183477,17.109130948781967,13998.346986666516,"[5593.025083570876, 14811.767874295316, 14950.585306518908, 14878.010338308419, 14698.332941664445, 14991.217788591006, 15098.817926141726, 15096.056005120305, 14676.62929900656, 15189.027303447607]","[18.308517925441265, 6.913421873003244, 6.849230173975229, 6.8826407343149185, 6.966776464134455, 6.83066589012742, 6.781987868249416, 6.783228676766157, 6.9770788587629795, 6.741708863526583]",1804.28515625,1804.28515625,188.1875,188.1875,0.0,490.0,490.0,
0,sne_benchmark_2819563_0,OK,1,4,1024,4096,224.53962603211403,94.21383947879076,120.06478233262897,128.1478654704988,91.04301350936294,91.04301350936294,91.04301350936294,10.839237596839666,12.006478233262897,22.17590808868408,8355.954288719611,"[4382.8906812992445, 8789.547829866548, 8769.6853388024, 8779.884176002666, 8816.979894577275, 8797.183287395117, 8840.163761897402, 8838.622900207654, 8698.156883260212, 8846.428133887588]","[23.363576106727123, 11.650201123207808, 11.676587704569101, 11.663024015724659, 11.613954123109579, 11.64008940756321, 11.583495821803808, 11.585515204817057, 11.772608999162912, 11.575293265283108]",1915.6640625,1915.6640625,99.95703125,99.95703125,0.0,250.0,250.0,
0,sne_benchmark_2819563_0,OK,2,4,32,256,163.99224454164505,76.37544108182192,79.90976092219353,85.41544860228896,73.15904508903623,73.18193104863167,73.20481700822711,6.666207905858755,7.990976092219353,18.90670089796185,823.5739276127085,"[321.90650924315923, 879.1240720944909, 879.5476671229153, 867.7564144808978, 874.9021095996874, 880.9193109290848, 882.131593138507, 887.5218171558853, 893.1162981126791, 868.8134842497784]","[19.881548885256052, 7.279973559081554, 7.2764674834907055, 7.37534162029624, 7.315104089677334, 7.26513759046793, 7.255153369158506, 7.211090337485075, 7.165920063853264, 7.3663681745529175]",1911.919921875,1912.73046875,3.583740234375,3.5869140625,0.0,26.0,26.0,
0,sne_benchmark_2819563_0,OK,2,4,4096,32768,360.6461753286421,168.74990778416395,163.42823599651456,189.724035512656,165.58364372700453,165.60080243460834,165.61796114221215,15.166863936930897,16.342823599651457,26.714176777750254,44234.3969545614,"[27582.643336393965, 45408.97730042901, 45586.58290543692, 45771.93674226631, 45867.397471628356, 45912.446987152936, 46213.29968956634, 46882.86242876373, 46546.05743306353, 46571.765250912875]","[29.69983659684658, 18.040485575795174, 17.97019973397255, 17.897429261356592, 17.86018054559827, 17.842656049877405, 17.726498767733574, 17.473335832357407, 17.599772036075592, 17.590056885033846]",1930.537109375,1934.63671875,398.99609375,398.99609375,0.0,970.0,970.0,
0,sne_benchmark_2819563_0,OK,2,8,2048,32768,571.5146034024656,223.6138848401606,319.5196374543011,345.6454441845417,213.29922887682915,216.88423491455612,220.46924095228317,29.55314116179943,31.951963745430117,50.84629490226507,24263.66208481601,"[15224.521214816159, 24907.774173840186, 25011.825085969387, 25080.26186633749, 25177.49258800375, 25157.13516481195, 25363.94827838273, 25478.596653181306, 25764.509964279016, 25470.555858538068]","[53.80793185159564, 32.88932982459664, 32.7525079511106, 32.66313583031297, 32.536996968090534, 32.56332625448704, 32.297810696065426, 32.15247727930546, 31.795675568282604, 32.16262748837471]",2282.49609375,2285.6328125,222.53515625,222.53515625,0.0,510.0,510.0,
0,sne_benchmark_2819563_0,OK,2,10,1024,20480,632.1607617773116,201.17951783165336,406.3944873921573,428.69136237725616,195.9290461838245,196.94696405157447,197.9648819193244,37.70310055464506,40.63944873921573,63.44643644616008,12218.256330766122,"[7724.366171963281, 12525.341711649235, 12581.794733709507, 12555.938889737714, 12639.900914252945, 12709.256276209655, 12866.012476081758, 12809.560374700843, 12939.645166849246, 12830.746592507037]","[66.28375566378236, 40.877128288149834, 40.69371745735407, 40.77751608192921, 40.506646648049355, 40.28559884801507, 39.7947694323957, 39.970146127045155, 39.5683184042573, 39.904147144407034]",2459.005859375,2460.84375,117.142578125,117.142578125,0.0,260.0,260.0,
0,sne_benchmark_2819563_0,OK,2,12,512,12288,628.3816762901843,173.32734987139702,439.2367218695581,452.76471012830734,170.1465806439519,170.15049786493182,170.15441508591175,40.82340280339122,43.92367218695581,70.09071849659085,6961.190006929158,"[4273.45731755949, 7182.986055260667, 7150.01844511406, 7263.5610251874505, 7255.547903561939, 7298.277139688273, 7293.026601821672, 7288.6311425228905, 7296.11229143768, 7310.282147137456]","[71.8855898566544, 42.767728857696056, 42.96492412686348, 42.29330474883318, 42.34001402556896, 42.09212587028742, 42.12242965400219, 42.14783187583089, 42.10461513325572, 42.023001823574305]",2642.673828125,2647.66796875,61.58984375,61.58984375,0.0,134.0,134.0,
0,sne_benchmark_2819563_0,OK,2,16,384,12288,846.1609725989401,211.60347897559404,619.5248326733708,632.1632090210915,205.4133838713169,206.93800180405375,208.46261973679063,56.53280796483159,61.95248326733709,96.92306531220676,4975.307674676536,"[3119.160157844377, 5107.1931611963, 5158.994630023009, 5165.2600631101095, 5144.841307898415, 5166.974808838174, 5174.503391689571, 5312.640234728581, 5247.563734820313, 5155.945256616505]","[98.48804949223995, 60.15045648440719, 59.54648570716381, 59.47425613552332, 59.710296511650085, 59.454518623650074, 59.368015971034765, 57.82435595616698, 58.541451904922724, 59.58170320093632]",3003.826171875,3008.23046875,50.59912109375,50.59912109375,0.0,114.0,114.0,
0,sne_benchmark_2819563_0,OK,2,20,256,10240,1069.2259272150695,293.7249245494604,761.4074922464788,772.8853497840464,290.5498201139271,290.5768650639802,290.6039100140333,70.55010264366865,76.14074922464788,121.82573444396256,3399.927546665612,"[2076.557662135896, 3519.974868892745, 3556.135991286586, 3537.0094512033334, 3568.0128453270227, 3532.4053314859198, 3549.8528487050457, 3540.3514039317306, 3549.6152767708813, 3569.3597869169557]","[123.28094936534762, 72.72779196873307, 71.98824809491634, 72.37752783298492, 71.74862061813474, 72.4718643464148, 72.1156653277576, 72.3092062883079, 72.12049195170403, 71.72154539823532]",3358.1875,3362.03125,36.759765625,36.759765625,0.0,72.0,72.0,
0,sne_benchmark_2819563_0,OK,2,32,128,8192,1633.7483945041895,397.8950763903558,1222.9474671408534,1232.8964406512678,394.67606895416975,394.69131231307983,394.7065556719899,113.33839773759246,122.29474671408532,192.063094008714,1701.8450691977189,"[1058.9455053208465, 1770.3276243096716, 1781.0340343840576, 1757.09791624174, 1777.2608866857854, 1772.9137365512943, 1753.373347243728, 1775.1201946519927, 1792.7563550144662, 1779.6210915736071]","[193.39994265139103, 115.68480160832405, 114.98938035219908, 116.55582657456398, 115.23350428417325, 115.51605460420251, 116.80341800674796, 115.37246920913458, 114.23749770969152, 115.08067698776722]",4413.203125,4416.8203125,22.99853515625,22.99853515625,0.0,50.0,50.0,
0,sne_benchmark_2819563_0,OK,2,40,64,5120,1984.0734106190505,555.922778930515,1416.236529044807,1425.0399146564305,552.6842349804938,552.7051358819008,552.7260367833078,129.33651877567172,141.6236529044807,228.0190646573901,923.038260702401,"[558.3228588158632, 964.8972508986752, 954.0719031992018, 981.048527400879, 965.4066763524845, 942.0823548734645, 963.4859455960091, 983.4717467473607, 964.1991293383487, 953.3962138017226]","[229.2580322995782, 132.6566117592156, 134.16179595142603, 130.47264882922173, 132.58661156520247, 135.86922559142113, 132.85092593729496, 130.15117152407765, 132.75266084074974, 134.25687887892127]",5112.970703125,5118.34375,14.509765625,14.509765625,0.0,30.0,30.0,
0,sne_benchmark_2819563_0,OK,2,64,32,4096,2830.563248105347,659.2620327621698,2159.575251080096,2167.368956446648,656.0924240760505,656.0968206748366,656.1012172736228,189.76520741730928,215.9575251080096,375.04086719080806,490.5442677421676,"[272.20018867983754, 496.3922638464263, 513.9391487051353, 517.9977227798706, 516.8043955700973, 537.5811727921937, 502.44062581388, 513.6433148732923, 528.3310040132825, 506.11284034766044]","[376.1937142536044, 206.2884687334299, 199.24537809193134, 197.68426673859358, 198.1407296024263, 190.4828613474965, 203.80517565459013, 199.3601338416338, 193.81788920611143, 202.3264217711985]",7232.8671875,7240.9453125,12.066650390625,12.06982421875,0.0,32.0,32.0,
0,sne_benchmark_2819563_0,OK,10,8,256,20480,1540.558154888451,377.08884620293975,1140.0638327263296,1160.2645159512758,358.4430639818311,365.7431845601648,373.4007255360484,111.11069636046886,114.00638327263296,133.2499625943601,4425.566908393177,"[3765.4303218013, 4481.567573744776, 4477.35402872583, 4477.756893359301, 4496.041179263705, 4484.491386701279, 4508.680113012927, 4515.1440502460555, 4514.916430425359, 4534.287106651237]","[135.97383465990424, 114.24573914706707, 114.35325344279408, 114.34296505898237, 113.87796054035425, 114.17125284671783, 113.55873274803162, 113.3961606323719, 113.4018775075674, 112.91741964221]",2299.775,2317.80078125,28.0966796875,28.0966796875,0.0,66.0,66.0,
0,sne_benchmark_2819563_0,OK,10,10,128,12800,1834.9126959778368,261.9397292025388,1555.7880268879237,1569.8144551292062,254.33378302678463,256.4706157244742,258.2576762884855,152.2862651869655,155.57880268879234,177.60175843909383,2042.5691889496936,"[1785.5292024664016, 2070.1859886909856, 2060.4281065786863, 2061.30094771984, 2060.3881201200916, 2083.712865712135, 2072.1289013217565, 2071.263921187792, 2082.3676090421145, 2078.386226657133]","[179.218575399369, 154.57548343390226, 155.30753001198173, 155.2417663000524, 155.31054410338402, 153.57202293351293, 154.43054715171456, 154.49503886327147, 153.67123394086957, 153.96560845896602]",2474.807421875,2501.1875,14.9501953125,14.9501953125,0.0,44.0,44.0,
0,sne_benchmark_2819563_0,ERROR,2,128,1024,262144,,,,,,,,,,,,,,,,,,,,,
0,sne_benchmark_2819563_0,ERROR,2,160,512,163840,,,,,,,,,,,,,,,,,,,,,
0,sne_benchmark_2819563_0,OK,4,1,384,1536,92.48118732497096,59.97491214796901,24.697557639330626,30.83037267625332,56.5818927846849,56.635407778434455,56.68664287775755,2.0759908445179462,2.4697557639330627,5.972626145929098,13609.38834372224,"[5492.766949138266, 14416.861445057502, 14485.325170975004, 14523.431775602681, 14531.042418767436, 14520.712334434938, 14482.721599266795, 14528.599270573914, 14555.660640186128, 14556.761833219733]","[6.991012062877417, 2.6635478287935257, 2.6509587839245796, 2.6440031938254833, 2.6426183953881264, 2.644498363137245, 2.651435349136591, 2.6430627815425396, 2.63814889267087, 2.6379493214190006]",1925.38671875,1941.7109375,34.06591796875,34.06591796875,0.0,102.0,102.0,
0,sne_benchmark_2819563_0,OK,4,2,256,2048,196.8507206439972,79.20007545500994,108.18807109817864,115.45228145644067,74.34742964431643,75.13162845373154,75.79481170326471,10.03078554198146,10.818807109817865,17.375402759760618,4554.104738561204,"[2776.452614565216, 4741.269356006532, 4774.150259957327, 4745.019466685531, 4754.403048501338, 4772.942583115574, 4798.658996432281, 4763.682298028375, 4767.794512275366, 4646.674250044495]","[18.440797343850136, 10.798795882612467, 10.724421564489603, 10.790261317044497, 10.768964994698763, 10.727135118097067, 10.669647507369518, 10.74798796325922, 10.738717842847109, 11.018633380532265]",1759.109375,1763.77734375,23.76513671875,23.76513671875,0.0,62.0,62.0,
0,sne_benchmark_2819563_0,OK,4,4,128,2048,288.7328444644809,93.04048312082888,186.85797404125333,193.4241738691926,80.67369236424565,85.39305658265948,89.77923184633255,17.518079943954945,18.68579740412533,28.86338770017028,2707.9294861487697,"[1711.2837254987953, 2815.7074471453307, 2818.9179429748983, 2826.502374762232, 2822.051698527466, 2826.1925630688, 2810.367841711654, 2816.8264952181453, 2809.1359033330286, 2822.3088692473484]","[29.919059731066227, 18.183707278221846, 18.162997659295797, 18.114260386675596, 18.14282850548625, 18.116246100515127, 18.21825571730733, 18.176483388990164, 18.226245280355215, 18.14117531850934]",1934.861328125,1958.94921875,12.7548828125,12.7548828125,0.0,44.0,44.0,
0,sne_benchmark_2819563_0,OK,4,8,64,2048,496.4310950264335,141.62607690691948,345.17226019501686,352.1957629993558,138.04737275838852,138.23450394999236,138.4036179855466,32.045405164361,34.517226019501685,53.38906539976597,1487.2229970624278,"[939.3987984378354, 1547.699331023998, 1542.7434568913288, 1548.2112705308482, 1546.826692154519, 1552.6708668704402, 1565.8033116536956, 1535.5738683496481, 1532.3142566028646, 1560.9881181091]","[54.50294388830662, 33.081360813230276, 33.187630627304316, 33.07042196020484, 33.100023590028286, 32.97543677315116, 32.69887068122625, 33.34258354827762, 33.41351147741079, 32.79973717033863]",2300.986328125,2315.921875,7.5234375,7.5234375,0.0,24.0,24.0,
0,sne_benchmark_2819563_0,OK,4,10,32,1280,526.9992339499295,128.69288404658437,389.3385829366744,395.9212323240936,124.67106599733232,125.0576520105824,125.30932699143888,35.53245719894767,38.93385829366744,63.58608362078667,832.0555381650845,"[495.279155346425, 866.4785246639897, 850.5256341514344, 867.101929907239, 853.9020385791807, 879.6475485418249, 884.1795547561578, 868.321677999914, 874.5512017476516, 880.5681159570283]","[64.61002780869603, 36.93109418079257, 37.62379252910614, 36.90454247221351, 37.475024715065956, 36.37820630893111, 36.1917438916862, 36.85270195454359, 36.59019613265991, 36.34017564356327]",2477.69140625,2489.9765625,4.430908203125,4.435546875,0.0,26.0,26.0,
0,sne_benchmark_2819563_0,ERROR,4,10,4096,163840,,,,,,,,,,,,,,,,,,,,,
0,sne_benchmark_2819563_0,ERROR,4,12,2048,98304,,,,,,,,,,,,,,,,,,,,,
0,sne_benchmark_2819563_0,ERROR,4,16,1024,65536,,,,,,,,,,,,,,,,,,,,,
0,sne_benchmark_2819563_0,OK,4,20,512,40960,2306.446872342378,691.8603315986693,1578.1131268292663,1611.5513665229082,686.1607012860477,687.4661410450935,688.6199378035963,152.08928718045354,157.81131268292663,199.1636067405343,6393.398951348911,"[5044.590047373859, 6464.629969022535, 6501.881326413577, 6514.17217702814, 6508.237222811086, 6573.806065524954, 6568.218369491962, 6565.922699791451, 6585.25547642483, 6607.276159606723]","[202.9897356145084, 158.4004041850567, 157.49287761375308, 157.1957222148776, 157.33907123282552, 155.76973062381148, 155.9022466056049, 155.95675532892346, 155.49890261143446, 154.98065697029233]",3388.3837890625,3410.98828125,73.0625,73.0625,0.0,140.0,140.0,
0,sne_benchmark_2819563_0,OK,4,32,384,49152,3340.794275593013,581.1382369846106,2713.663604959845,2755.643113132566,564.2698520310223,569.2672330485657,577.7404821105301,261.56417655199766,271.36636049598457,336.2607066780329,4482.1141130977285,"[3612.329541175077, 4533.243148506211, 4540.72592203285, 4561.825300758118, 4560.478175713949, 4579.30457450709, 4582.46384472387, 4597.375067022612, 4621.6611363765705, 4631.734420160934]","[340.16830025985837, 271.0642160028219, 270.6175226382911, 269.36586102843285, 269.44542932882905, 268.3376875258982, 268.15268851816654, 267.2829564884305, 265.8784285001457, 265.30018531531096]",4440.5166015625,4453.37890625,67.84716796875,67.84716796875,0.0,124.0,124.0,
0,sne_benchmark_2819563_0,ERROR,4,40,256,40960,,,,,,,,,,,,,,,,,,,,,
0,sne_benchmark_2819563_0,ERROR,4,64,128,32768,,,,,,,,,,,,,,,,,,,,,
0,sne_benchmark_2819320_0,OK,1,1,32,32,71.11774397268891,49.6234970651567,12.584216464310884,18.928399957716465,46.544203851372,46.544203851372,46.544203851372,0.8516431301832199,1.2584216464310884,4.676005911082029,530.8547806301601,"[124.99015592444245, 562.4363921174213, 579.4987971591212, 576.19400199183, 577.561532670694, 566.6993789062097, 576.1398416627956, 588.5452383692551, 578.7146552352131, 577.7678122646192]","[6.400504056364298, 1.4223830662667751, 1.3805032968521118, 1.388421256095171, 1.3851337991654873, 1.4116832129657269, 1.3885517753660679, 1.3592837862670422, 1.3823738396167755, 1.3846392668783665]",1990.94921875,1990.94921875,10.35498046875,10.35498046875,0.0,26.0,26.0,
0,sne_benchmark_2819563_0,OK,32,2,512,32768,1421.103830859065,555.0869505852461,828.1334206014872,863.4684557430446,487.30529326200485,534.5648192414083,549.140532836318,82.03476281836629,82.81334206014871,87.14608082175255,9490.896425458088,"[8997.251987839054, 9470.587656076133, 9480.971697201698, 9500.743836916708, 9516.242147827561, 9615.902466949006, 9555.020060327171, 9572.847975587465, 9591.230580106974, 9608.1658457491]","[91.05002295225859, 86.49938417226076, 86.40464565902948, 86.22482766211033, 86.0844004675746, 85.19221184030175, 85.73503716662526, 85.575369220227, 85.41135500371456, 85.26080972701311]",1745.8358154296875,1766.609375,47.2490234375,47.2490234375,0.0,124.0,124.0,
0,sne_benchmark_2819563_0,OK,32,4,384,49152,2368.9836332425475,810.8698565922678,1516.0132869891822,1554.9653310365975,711.6322619393468,785.7974997224519,804.9966484904289,149.6815962344408,151.60132869891822,158.79325757920742,7904.700294974412,"[7548.91458896602, 7892.523059833245, 7907.281560912091, 7868.915885065305, 7913.5235182474225, 7943.622183398864, 7967.817503059725, 7966.886658837419, 8003.74433734507, 8033.773654078955]","[162.77836840227246, 155.6916578747332, 155.4010680578649, 156.15874129906297, 155.27849221229553, 154.69013651832938, 154.2203996926546, 154.23841867223382, 153.52814235538244, 152.95427191630006]",1926.953369140625,1954.03125,37.6630859375,37.6630859375,0.0,106.0,106.0,
0,sne_benchmark_2819563_0,OK,8,1,4096,32768,611.7672347128391,526.1202443949878,56.22354060783982,83.91068185120821,514.6397272013128,517.7386250765994,522.3742900788784,5.139336604624987,5.622354060783982,9.44771884009242,100017.14304171392,"[63762.61481720491, 96253.8406452904, 99587.63801733211, 98997.33759141815, 102628.28407902874, 102512.89383435984, 104717.75849622584, 108733.07958369897, 112025.55636045782, 110952.42699212249]","[12.847653791308403, 8.510829225182533, 8.22592056915164, 8.274970013648272, 7.982204977422953, 7.991189882159233, 7.822932917624712, 7.534045785665512, 7.3126171082258224, 7.383344575762749]",1936.8720703125,1953.1953125,284.64990234375,284.64990234375,0.0,954.0,954.0,
0,sne_benchmark_2819563_0,OK,8,2,2048,32768,821.0754400417209,526.7282378748059,264.90110552310944,291.9357685111463,464.63606207072735,510.00914856791496,523.0357622690499,25.547740407288074,26.490110552310945,33.103471517562866,28210.46338041924,"[22686.827943605702, 28558.634914846007, 28561.39190955195, 28638.48667485174, 28680.80959590861, 29012.929983885475, 28909.502086843535, 28759.959956661292, 29123.67447188684, 29172.41626615126]","[36.10905861482024, 28.684844441711903, 28.682075530290604, 28.604863423854113, 28.562652572989464, 28.235686656087637, 28.33670388162136, 28.48404522240162, 28.128318794071674, 28.081321496516466]",1762.17236328125,1774.03515625,188.1875,188.1875,0.0,490.0,490.0,
0,sne_benchmark_2819563_0,OK,8,4,1024,32768,1032.445053242147,537.2134537547827,463.15416030958295,492.83279713243246,506.408297996968,522.7973955264315,533.6987235024571,45.018884520977736,46.315416030958296,55.87137667089701,16692.32905697666,"[13742.44334210904, 16876.02088300728, 16944.716907934413, 16951.90550521742, 16949.915152793896, 17047.34538507697, 17150.688118902144, 16995.55815685095, 17047.857835575116, 17216.83928229937]","[59.610942509025335, 48.54224853590131, 48.34545212239027, 48.32495082914829, 48.33062541112304, 48.0544026941061, 47.76484735310078, 48.200829442590475, 48.052958201617, 47.58132352679968]",1918.06396484375,1938.828125,99.95703125,99.95703125,0.0,250.0,250.0,
0,sne_benchmark_2819563_0,OK,8,8,512,32768,1561.3225170373917,525.4335745200515,1004.5045791082084,1032.9119692891836,511.5779748857021,516.5982561693527,521.8423204571009,98.35742365196349,100.45045791082084,117.4180151373148,7953.114888439423,"[6786.932572713151, 8068.360221271763, 8037.567464211804, 8033.987703982815, 8084.57216350907, 8101.00374557651, 8105.508047701456, 8088.0377119255245, 8094.358694155571, 8130.820559346571]","[120.70253995060921, 101.53240280970931, 101.92138400673866, 101.9667978323996, 101.3288005143404, 101.1232713535428, 101.06707626208663, 101.28538332507014, 101.20628834888339, 100.75243870168924]",2289.29052734375,2307.9140625,55.853515625,55.853515625,0.0,130.0,130.0,
0,sne_benchmark_2819563_0,OK,8,10,384,30720,1873.672380913049,493.6217378787696,1351.0263305604458,1377.1542828306556,464.3712639696896,475.1249527581968,490.0156909674406,132.55691295862198,135.10263305604457,156.14285385981202,5589.790861665711,"[4833.249027576147, 5655.429333970267, 5654.3474618456985, 5664.0208721457375, 5691.143397294237, 5661.738856516241, 5671.112830396402, 5685.904833489926, 5682.630893452035, 5698.331109970422]","[158.89932333678007, 135.79870857670903, 135.82469156384468, 135.5927206724882, 134.94652065262198, 135.64737255871296, 135.42315643653274, 135.0708501972258, 135.14866870641708, 134.77630295231938]",2456.2646484375,2462.4765625,44.13134765625,44.13134765625,0.0,108.0,108.0,
0,sne_benchmark_2819563_0,OK,8,12,256,24576,2020.7974773682652,389.6006734371185,1606.2724244967103,1628.1667823269963,350.1226601302624,373.9953129491769,385.936780963093,157.36207876726985,160.62724244967103,184.37338176369667,3781.9880412385983,"[3281.42367323133, 3832.5463603252238, 3830.054873167751, 3832.0758591750923, 3841.45406717483, 3835.8321076007287, 3833.863018486364, 3849.1330614336734, 3828.7829707915525, 3854.7144209994362]","[187.23580408468843, 160.3111723214388, 160.4154562652111, 160.3308552801609, 159.9394368007779, 160.17385087907314, 160.2561168819666, 159.6203587129712, 160.468745470047, 159.3892394863069]",2636.8349609375,2652.85546875,30.984375,30.984375,0.0,68.0,68.0,
0,sne_benchmark_2819563_0,OK,8,16,128,16384,2450.8803365267813,279.1426767222584,2150.885546389967,2168.345497880131,258.27125238627195,266.3333849664777,275.4527381062508,211.0104423314333,215.08855463899675,244.77371267601848,1892.576304027491,"[1660.5532597971999, 1917.5109889904147, 1910.4071031472433, 1923.5305732909437, 1910.4331067629496, 1918.8948687224552, 1918.9866673085323, 1924.2376084218727, 1921.0269985592147, 1920.1818652740833]","[246.66477728635073, 213.61024909466505, 214.404562946409, 212.94176743924618, 214.40164460614324, 213.4561964161694, 213.44598530977964, 212.86352486163378, 213.21928338706493, 213.31312799453735]",2982.43212890625,2992.18359375,17.14501953125,17.14501953125,0.0,46.0,46.0,
0,sne_benchmark_2819563_0,OK,8,20,64,10240,2631.9564048685133,248.53105523064733,2367.9586645513773,2379.8154540658,236.5871601253748,238.8132248497568,244.86441353335977,231.0260855332017,236.7958664551377,276.5291769132018,1078.6883293917845,"[920.8515637748174, 1095.302944629874, 1095.0373721422757, 1088.2633574242884, 1092.7090559266371, 1103.0431607799758, 1097.763750206646, 1097.8694839445618, 1094.6489620435773, 1101.3936430451918]","[278.00354592502117, 233.72529148682952, 233.78197540342808, 235.2371769696474, 234.28011199459434, 232.0852067284286, 233.2013604491949, 233.17890126630664, 233.86492736637592, 232.43279241397977]",3353.98388671875,3376.05859375,10.14227294921875,10.1435546875,0.0,28.0,28.0,
0,sne_benchmark_2819563_0,OK,8,32,32,8192,3815.568424593657,522.7056186422706,3276.418966278434,3288.0024373084307,518.9067548289895,519.0153134022839,519.1716820783913,314.1757022924721,327.6418966278434,391.3525583669543,625.1873241204661,"[521.2393281385135, 649.3549062766532, 632.6431816800894, 629.335846521408, 634.4190152218903, 641.2830649246604, 634.0593583766903, 642.9436094119073, 638.7636646804881, 627.83126597236]","[392.90972293168306, 315.38993240892887, 323.72118427976966, 325.42242926731706, 322.8150403536856, 319.35975110158324, 322.9981504008174, 318.53493370488286, 320.61936413124204, 326.2022952660918]",4398.52783203125,4411.20703125,7.54461669921875,7.54541015625,0.0,26.0,26.0,
0,sne_benchmark_2819563_0,ERROR,8,32,4096,1048576,,,,,,,,,,,,,,,,,,,,,
0,sne_benchmark_2819563_0,ERROR,8,40,2048,655360,,,,,,,,,,,,,,,,,,,,,
0,sne_benchmark_2819563_0,OK,10,1,1024,10240,270.20394349843264,203.1651511639357,52.07552906498313,65.3009629547596,198.7738380916417,199.1553196564317,199.58969052135944,4.690366357564926,5.207552906498313,9.550130188465118,40698.293451669335,"[22684.302773765336, 41685.55207981218, 41816.564493920494, 43415.26776142884, 42166.34567301831, 41083.41296404022, 42748.777910317, 42991.37938079032, 44679.96704010715, 43711.3644394935]","[11.285336937755346, 6.141216494143009, 6.121975898742676, 5.896543156355619, 6.071192461997271, 6.231225244700909, 5.988475285470486, 5.9546821638941765, 5.729637172073126, 5.856600526720285]",1936.59609375,1978.96875,77.26904296875,77.26904296875,0.0,244.0,244.0,
0,sne_benchmark_2819563_0,OK,10,2,512,10240,485.7039936035872,203.44292141869664,267.17941604554653,279.828447163105,185.46085272356868,194.5043694999069,199.93730333447456,25.895833022892475,26.717941604554653,33.36639663204551,9201.394789975382,"[7325.336874591876, 9320.005575233983, 9398.316938638503, 9409.771350464544, 9354.843360900977, 9446.079432212273, 9460.03287835509, 9467.381828546932, 9417.522947128422, 9414.656713681217]","[34.94719824939966, 27.467794727534056, 27.238919656723738, 27.205762017518282, 27.365503635257483, 27.10119069367647, 27.061216730624437, 27.040210761129856, 27.183368857949972, 27.19164466485381]",1763.654296875,1797.80859375,47.2490234375,47.2490234375,0.0,124.0,124.0,
0,sne_benchmark_2819563_0,OK,10,4,384,15360,806.7860418334603,298.2084815837443,490.2311894968152,505.9381731338799,285.9154749624431,291.6744561374188,294.5170740969479,47.524434376508,49.02311894968152,59.99567026272416,7626.565872205144,"[6189.9904922913665, 7737.81432123419, 7763.128767902174, 7728.926834186989, 7776.392738692061, 7768.955941933389, 7815.531171602593, 7769.587497664199, 7856.272467049659, 7859.058489494817]","[62.035636480897665, 49.626416977494955, 49.46459236741066, 49.683482356369495, 49.38022202625871, 49.42749101296067, 49.1329369135201, 49.42347326874733, 48.8781418427825, 48.86081462725997]",1946.059375,1967.140625,37.6630859375,37.6630859375,0.0,106.0,106.0,
0,sne_benchmark_2819320_0,OK,1,2,128,256,118.60580074414612,56.33131897449493,54.16812640428543,60.02613024786115,53.24115934595466,53.24115934595466,53.24115934595466,4.724240910261869,5.416812640428543,10.947877675294876,1133.1007699161714,"[534.0830669866237, 1194.647251970247, 1207.0948301917097, 1193.734405327221, 1189.1355693811345, 1176.862937678274, 1199.3928970409268, 1217.6918739155801, 1211.41188498018, 1206.9529816898175]","[11.98315467312932, 5.357229918241501, 5.301986090838909, 5.361326582729816, 5.38206085562706, 5.438186381012201, 5.336032934486866, 5.255845207720995, 5.283091638237238, 5.302609212696552]",1783.875,1783.875,12.0234375,12.0234375,0.0,44.0,44.0,
0,sne_benchmark_2819320_0,OK,1,4,512,2048,190.4029115699232,80.92465160787106,100.49653186649084,107.16466177999972,77.83274143561721,77.83274143561721,77.83274143561721,8.913509916514158,10.049653186649085,20.086159598082304,5066.200347421005,"[2417.6388343436442, 5355.9111306025225, 5354.976610892042, 5361.371971459903, 5358.658553982614, 5368.356660124076, 5363.003824551271, 5374.257883816079, 5369.372694763447, 5338.455309674451]","[21.177687615156174, 9.559531282633543, 9.561199557036161, 9.549794394522905, 9.554630041122437, 9.537369299679995, 9.546888586133718, 9.526896756142378, 9.535564564168453, 9.590789288282394]",1947.18359375,1947.18359375,50.1171875,50.1171875,0.0,126.0,126.0,
0,sne_benchmark_2819320_0,OK,1,10,32,320,284.78872068598866,119.24929553642868,157.19064799696207,163.1710345223546,116.18176848068832,116.18176848068832,116.18176848068832,12.900175347924232,15.719064799696207,37.40577121824026,540.5874459546185,"[208.09889168130258, 568.696218553489, 584.3136863611945, 573.6224899128445, 595.1440398304918, 564.4987223572246, 579.6551882643221, 576.5636119749893, 568.123044819085, 587.1585657912411]","[38.443260967731476, 14.067264277487993, 13.691276084631681, 13.94645457714796, 13.442124031484127, 14.171865556389093, 13.801308367401361, 13.875311993062496, 14.08145660161972, 13.624939609318972]",2466.08203125,2466.08203125,4.435546875,4.435546875,0.0,26.0,26.0,
0,sne_benchmark_2819320_0,OK,1,12,128,1536,436.2052717022598,138.11279571056366,288.9119156487286,295.6257820054889,135.0325532592833,135.0325532592833,135.0325532592833,25.599445924162865,28.891191564872862,54.76647490635514,1366.441996659545,"[687.0174208203929, 1434.900271548216, 1412.9406574995223, 1423.315362076781, 1464.6664682372352, 1452.1572037566393, 1443.5671810861315, 1437.8106637467629, 1450.6983050542437, 1457.346432769528]","[55.893779162317514, 26.761441726237535, 27.17736218869686, 26.979263361543417, 26.21757296472788, 26.44341804087162, 26.600770995020866, 26.7072716653347, 26.470010936260223, 26.349259953945875]",2636.56640625,2636.56640625,15.681640625,15.681640625,0.0,46.0,46.0,
0,sne_benchmark_2819320_0,OK,1,16,512,8192,718.5620598830283,210.41765652224424,494.849995803088,505.54751543328166,207.3065774217248,207.3065774217248,207.3065774217248,45.051379915326834,49.4849995803088,83.24420978873968,4183.940297062437,"[2418.1308863792497, 4353.077839361323, 4363.476305959816, 4382.193988156588, 4384.044502511768, 4396.150708741905, 4331.104109810114, 4386.953643975853, 4376.090241855714, 4448.180743872038]","[84.69351314008236, 47.04717157781124, 46.935054905712605, 46.734581023454666, 46.71485425904393, 46.58620997518301, 47.285864021629095, 46.683876015245914, 46.79976615682244, 46.04129458591342]",3005.359375,3005.359375,67.326171875,67.326171875,0.0,136.0,136.0,
0,sne_benchmark_2819320_0,OK,1,32,32,1024,995.0275624096394,295.4534955844283,690.5104230009019,696.7195613905787,292.32984879240394,292.32984879240394,292.32984879240394,60.18254172429442,69.05104230009019,137.60638254508376,390.097933390171,"[184.64862246215714, 410.2997100567079, 418.4264415046424, 421.36508516093727, 411.27558320478937, 417.19269503178265, 411.7866094534784, 407.5815140450073, 413.76457636845714, 404.63849661375065]","[138.64170584455132, 62.39341479539871, 61.18160197511315, 60.75491515919566, 62.24536793678999, 61.36253176257014, 62.168121576309204, 62.809521820396185, 61.87093207612634, 63.26634814590216]",4454.81640625,4454.81640625,7.54541015625,7.54541015625,0.0,26.0,26.0,
0,sne_benchmark_2819320_0,OK,1,40,128,5120,1767.580384735018,385.35190848633647,1369.8657894544303,1378.6831406988204,382.2638658843935,382.2638658843935,382.2638658843935,124.32616316527128,136.98657894544303,212.5143817216158,950.4462396644308,"[598.8074477973987, 1007.0242717238747, 972.6661575681344, 991.1565784380409, 1022.7275826698568, 1019.3797991382005, 979.8662713964055, 950.9398667223196, 959.4038759852701, 1002.4905452048077]","[213.75819634646177, 127.10716473683715, 131.5970531143248, 129.14205765724182, 125.15551762655377, 125.56654556840658, 130.63007038459182, 134.60367419570684, 133.416179779917, 127.68200220167637]",5159.01953125,5159.01953125,25.92529296875,25.92529296875,0.0,52.0,52.0,
0,sne_benchmark_2819320_0,OK,2,1,512,1024,71.7057782523334,42.54955155774951,21.42415362596512,27.45122093334794,39.23863527178764,39.27021781913936,39.30180036649108,1.701607994735241,2.142415362596512,5.672371715307236,10385.243299119962,"[3824.668259123279, 11139.420032054217, 11316.471886229701, 11126.332967708864, 11358.159923884676, 11011.429896143158, 10996.87796001419, 11026.119715235005, 10953.3001703919, 11099.652180414623]","[6.6933909729123116, 2.298144780099392, 2.262189157307148, 2.300847914069891, 2.2538862079381943, 2.324857011437416, 2.327933445572853, 2.3217596635222435, 2.33719514682889, 2.3063785769045353]",1922.6640625,1922.79296875,42.70556640625,42.70556640625,0.0,122.0,122.0,
0,sne_benchmark_2819320_0,OK,2,4,32,256,154.71830651909113,69.0211533755064,77.78928556293249,83.44228619709611,65.61640284210443,65.63106749393046,65.64573214575648,6.31177543476224,7.778928556293249,18.96410135924816,849.8021215390438,"[319.94453211634914, 897.3486953983645, 892.5678811432929, 900.0631994299063, 923.7292274243707, 938.5210020401073, 921.6727396823663, 879.6876610255434, 927.0702790818308, 897.415998048307]","[20.003467343747616, 7.1321215853095055, 7.170322991907597, 7.110611792653799, 6.928437262773514, 6.819240044802427, 6.943896379321814, 7.275309503078461, 6.903467994183302, 7.131586704403162]",1919.6953125,1923.18359375,3.5869140625,3.5869140625,0.0,26.0,26.0,
0,sne_benchmark_2819563_0,OK,10,12,64,7680,1704.030681554228,219.62403325736523,1470.2566146217289,1481.2257036939263,215.6254609450698,215.79089760407803,215.8689357712865,143.41803658381104,147.02566146217288,174.2573874257505,1300.5311387993756,"[1093.4086796760525, 1322.512053766541, 1322.8776973870292, 1326.0155378361255, 1313.3686788405403, 1323.647931459843, 1328.4836923768944, 1322.488499885947, 1327.144646542431, 1325.3639702223516]","[175.5976549014449, 145.17826091125607, 145.13813361525536, 144.79468341171741, 146.188959043473, 145.05367736890912, 144.52567321807146, 145.1808465756476, 144.6714949272573, 144.86586651951075]",2652.39609375,2674.6015625,8.394921875,8.39697265625,0.0,26.0,26.0,
0,sne_benchmark_2819563_0,OK,10,16,32,5120,1988.42545703426,226.26461459323764,1749.2764945477247,1758.7892957553267,217.7490048892796,219.64930920004844,222.45330798998475,167.65781123936176,174.92764945477248,207.6314177252352,730.3058634678773,"[613.0041962606017, 745.3432336633095, 738.8253005998164, 741.1219482126015, 731.1194726267419, 740.8237755516509, 735.238438891949, 753.0968856517167, 745.0618478963123, 759.4235353240738]","[208.80770601704717, 171.73296035826206, 173.2479923143983, 172.71111766248941, 175.07398556917906, 172.7806318104267, 174.09318287670612, 169.96485105529428, 171.7978183440864, 168.5488980077207]",2994.362890625,3020.19921875,5.280078125,5.283203125,0.0,26.0,26.0,
0,sne_benchmark_2819563_0,ERROR,10,16,4096,655360,,,,,,,,,,,,,,,,,,,,,
0,sne_benchmark_2819563_0,ERROR,10,20,2048,409600,,,,,,,,,,,,,,,,,,,,,
0,sne_benchmark_2819563_0,ERROR,10,32,1024,327680,,,,,,,,,,,,,,,,,,,,,
0,sne_benchmark_2819563_0,OK,20,1,512,10240,306.47991386428475,198.13027254492044,92.61756819859148,106.53760512173176,163.98809076473117,189.7296653529629,193.59682119637728,8.78422111645341,9.261756819859148,13.034911755472422,24336.277759843582,"[17372.60434414426, 24409.45508635762, 24993.3194592416, 25066.982943196606, 25162.65593499829, 24633.55908704387, 25273.783539427663, 25299.884958794682, 25531.641562895777, 25618.890682335492]","[14.735844720155, 10.487739242613316, 10.242737080901861, 10.212637100368738, 10.173806797713041, 10.392326951026917, 10.129073061048985, 10.118623085319996, 10.026774007827044, 9.992626268416643]",1924.6271484375,1949.28515625,42.70556640625,42.70556640625,0.0,122.0,122.0,
0,sne_benchmark_2819563_0,OK,20,2,384,15360,813.2479344792664,282.73961371928453,513.1310574151576,528.042202796787,249.74434266239405,267.9894187377766,278.4048554934561,50.524885188788176,51.31310574151576,56.781120259314775,7281.304248762022,"[6559.115733325554, 7322.6899004953575, 7359.7715802871335, 7322.70686216942, 7369.109231114006, 7334.505564360462, 7392.877482185153, 7394.919219161906, 7380.624446030307, 7376.722468490926]","[58.544476971030235, 52.43974621593952, 52.17553232610226, 52.43962474912405, 52.10941892117262, 52.35526739060879, 51.9418860822916, 51.92754492908716, 52.028118055313826, 52.05563875287771]",1750.628125,1781.9609375,35.50732421875,35.50732421875,0.0,104.0,104.0,
0,sne_benchmark_2819563_0,OK,20,4,256,20480,1367.248062457889,363.8822301663458,977.9026835672556,1000.5795755498112,301.94276870787144,346.44177018944174,359.25137274712324,96.49006101861596,97.79026835672558,106.51438472047448,5121.292597761907,"[4704.413685336938, 5162.09595535232, 5153.456624167798, 5151.5117247874, 5147.607358652497, 5163.0223767414855, 5176.204023696863, 5172.000745066249, 5193.06308512803, 5189.550398689485]","[108.83396619558334, 99.18451815471053, 99.35079255327582, 99.38830140605569, 99.46368561685085, 99.16672108694911, 98.91418453678489, 98.99457197263837, 98.59306378662586, 98.65979914739728]",1926.6185546875,1968.7421875,25.208984375,25.208984375,0.0,64.0,64.0,
0,sne_benchmark_2819563_0,OK,20,8,128,20480,2460.753249000758,374.1150642596185,2061.2199151292443,2082.94666723907,355.92732932418585,362.5693326149136,369.5649232119322,204.0112626887858,206.12199151292444,219.7320294715464,2459.263501176195,"[2303.7917068202573, 2477.871702253287, 2476.4487201777033, 2472.261474979964, 2478.916228517968, 2465.8961339765824, 2467.5553008618203, 2483.638391224176, 2483.0505825589826, 2483.204770391211]","[222.24231404438615, 206.62893867120147, 206.7476688809693, 207.09783539548516, 206.54187265783548, 207.6324273943901, 207.49281680583954, 206.14917284622788, 206.19797421619296, 206.1851709149778]",2289.321875,2336.26953125,14.2171875,14.21826171875,0.0,44.0,44.0,
0,sne_benchmark_2819563_0,OK,20,10,64,12800,2477.83239370212,254.0031472593546,2206.5778506956995,2220.178185392171,238.19640618562696,243.18789946064356,249.3206074424088,216.58637197315693,220.65778506956997,240.012887429446,1442.5230656935346,"[1324.4403678474193, 1449.2635944122842, 1450.6097731355903, 1456.9538793665483, 1447.8988971252509, 1456.170681224592, 1455.1756117569655, 1455.522385392423, 1459.5076319357443, 1469.6878347385282]","[241.61148192733526, 220.80179287865758, 220.59688685834408, 219.63632791116834, 221.0099065862596, 219.75445881858468, 219.90472999587655, 219.8523383848369, 219.2520223930478, 217.73331209272146]",2461.6568359375,2497.55859375,7.9593505859375,7.96044921875,0.0,26.0,26.0,
0,sne_benchmark_2819563_0,ERROR,32,8,256,65536,,,,,,,,,,,,,,,,,,,,,
0,sne_benchmark_2819563_0,OK,32,10,128,40960,5568.388895608485,701.9070041328669,4828.192092310637,4861.518701307476,644.7315553016961,673.5374127675314,695.9822632148862,478.6288859322667,482.8192092310637,494.0578249916434,2106.5250584023875,"[2055.706137791651, 2102.6226537091425, 2101.9361198264146, 2097.6602679705134, 2110.1340075355824, 2113.1562988218734, 2116.332928167692, 2118.957975368626, 2126.3124980289813, 2122.4316968033963]","[498.1256713569164, 487.0108282119036, 487.1698955744505, 488.16293831542134, 485.277236584574, 484.5831804163754, 483.8558179438114, 483.2563986182213, 481.58490388840437, 482.46546710655093]",2454.579467773437,2475.515625,14.9501953125,14.9501953125,0.0,44.0,44.0,
0,sne_benchmark_2819563_0,OK,32,12,64,24576,5008.957392688841,452.308009557426,4530.794227641076,4551.422063227743,388.279807087034,423.7046904172748,446.3138056397438,446.17224841564894,453.0794227641076,466.8671475462616,1350.093348045155,"[1309.3967947426727, 1348.8650157786908, 1345.1536454341303, 1347.2622303464623, 1353.1989961055697, 1352.8765804477005, 1354.1613360106296, 1358.312117654456, 1360.037956101103, 1371.668807830135]","[469.2236932814121, 455.49405819922686, 456.7507972680032, 456.0359417498112, 454.0352171175182, 454.14342215657234, 453.71255526319146, 452.3260832428932, 451.75209797918797, 447.9215365201235]",2632.6424560546875,2659.0,8.396331787109375,8.39697265625,0.0,26.0,26.0,
0,sne_benchmark_2819563_0,OK,40,1,32,1280,231.21160369366407,75.79949411004782,146.7384411841631,153.63305635377765,58.136334236711264,63.37080208938569,68.97350480407476,14.04479594901204,14.673844118416309,19.00022727623582,2100.838146210254,"[1591.7855283436033, 2129.4093676839925, 2141.9890711843245, 2137.3017253198736, 2155.163361432455, 2168.6220375825574, 2165.748019368393, 2165.860019452506, 2164.7129703202313, 2187.7893614146005]","[20.103210784494877, 15.027641225606203, 14.939385280013084, 14.972149051725864, 14.848062366247177, 14.755913868546486, 14.775495447218418, 14.774731382727623, 14.782560292631388, 14.626636624336243]",1912.47138671875,1943.9453125,10.35279541015625,10.35498046875,0.0,26.0,26.0,
0,sne_benchmark_2819563_0,ERROR,40,1,4096,163840,,,,,,,,,,,,,,,,,,,,,
0,sne_benchmark_2819563_0,ERROR,40,2,2048,163840,,,,,,,,,,,,,,,,,,,,,
0,sne_benchmark_2819563_0,ERROR,40,4,1024,163840,,,,,,,,,,,,,,,,,,,,,
0,sne_benchmark_2819563_0,ERROR,40,8,512,163840,,,,,,,,,,,,,,,,,,,,,
0,sne_benchmark_2819563_0,ERROR,80,1,384,30720,,,,,,,,,,,,,,,,,,,,,
0,sne_benchmark_2819563_0,ERROR,80,2,256,40960,,,,,,,,,,,,,,,,,,,,,cuDNN error: CUDNN_STATUS_INTERNAL_ERROR
0,sne_benchmark_2819563_0,OOM,80,4,128,40960,,,,,,,,,,,,,,,,,,,,,"CUDA out of memory. Tried to allocate 732.00 MiB. GPU 0 has a total capacity of 31.74 GiB of which 729.12 MiB is free. Process 2462980 has 680.00 MiB memory in use. Process 2462986 has 680.00 MiB memory in use. Process 2462968 has 680.00 MiB memory in use. Process 2462972 has 680.00 MiB memory in use. Process 2462984 has 680.00 MiB memory in use. Process 2462970 has 680.00 MiB memory in use. Process 2462966 has 680.00 MiB memory in use. Process 2463004 has 680.00 MiB memory in use. Process 2462998 has 680.00 MiB memory in use. Process 2463008 has 680.00 MiB memory in use. Process 2462992 has 680.00 MiB memory in use. Process 2462996 has 680.00 MiB memory in use. Process 2463010 has 680.00 MiB memory in use. Process 2462978 has 680.00 MiB memory in use. Process 2462974 has 680.00 MiB memory in use. Process 2463014 has 680.00 MiB memory in use. Process 2463000 has 680.00 MiB memory in use. Process 2462976 has 680.00 MiB memory in use. Process 2463042 has 680.00 MiB memory in use. Process 2463012 has 680.00 MiB memory in use. Process 2462990 has 680.00 MiB memory in use. Process 2463016 has 680.00 MiB memory in use. Process 2463038 has 680.00 MiB memory in use. Process 2462988 has 680.00 MiB memory in use. Process 2463028 has 680.00 MiB memory in use. Process 2462994 has 680.00 MiB memory in use. Process 2463006 has 680.00 MiB memory in use. Process 2463022 has 680.00 MiB memory in use. Process 2463024 has 680.00 MiB memory in use. Process 2462982 has 680.00 MiB memory in use. Process 2463040 has 680.00 MiB memory in use. Process 2463030 has 680.00 MiB memory in use. Process 2463044 has 680.00 MiB memory in use. Process 2463036 has 680.00 MiB memory in use. Process 2463020 has 680.00 MiB memory in use. Process 2463034 has 680.00 MiB memory in use. Process 2463026 has 680.00 MiB memory in use. Process 2463002 has 680.00 MiB memory in use. Process 2463018 has 680.00 MiB memory in use. Process 2463032 has 680.00 MiB memory in use. Including non-PyTorch memory, this process has 4.45 GiB memory in use. Of the allocated memory 3.96 GiB is allocated by PyTorch, and 114.62 MiB is reserved by PyTorch but unallocated. If reserved but unallocated memory is large try setting PYTORCH_ALLOC_CONF=expandable_segments:True to avoid fragmentation.  See documentation for Memory Management  (https://pytorch.org/docs/stable/notes/cuda.html#environment-variables)"
0,sne_benchmark_2819563_0,OK,20,12,32,7680,2486.7693232782185,200.52170018479228,2271.1415975764394,2282.363279018551,184.42622734233737,189.01634473819288,195.8346208781004,222.8387207761407,227.11415975764396,247.68303602188823,841.9913824730988,"[770.412022509561, 849.2040353370988, 843.565675325845, 847.520576782311, 850.9794847832927, 849.1215600550976, 847.9941117054456, 847.9464797882689, 855.1737642517577, 857.9961141923096]","[249.21729462966323, 226.09407399222255, 227.6052779480815, 226.54317223653197, 225.62236038967967, 226.1160345375538, 226.41666651889682, 226.42938508093357, 224.5157744847238, 223.77723724395037]",2643.8810546875,2687.73828125,4.717138671875,4.7177734375,0.0,26.0,26.0,
0,sne_benchmark_2819563_0,ERROR,20,12,4096,983040,,,,,,,,,,,,,,,,,,,,,
0,sne_benchmark_2819563_0,ERROR,20,16,2048,655360,,,,,,,,,,,,,,,,,,,,,
0,sne_benchmark_2819563_0,OK,32,1,1024,32768,737.5259219370782,550.0338182598352,156.09728114679456,185.7150644697249,501.2740060128272,530.5285298691597,544.0183909647167,15.075388707220554,15.609728114679456,19.510582953691483,44361.91965364844,"[35694.05591997741, 43904.407889570684, 44243.544874146224, 44248.148088240545, 45567.943888193324, 45612.20259664466, 45096.69119605414, 46064.36917337061, 46380.54723787614, 46807.28567241062]","[22.950600005686283, 18.658718779683113, 18.51569539308548, 18.513769172132015, 17.977550227195024, 17.960106141865253, 18.165412545204163, 17.78381023555994, 17.662577282637358, 17.501548919826746]",1920.5516357421875,1961.30859375,77.26904296875,77.26904296875,0.0,244.0,244.0,
0,sne_benchmark_2819320_0,OK,2,8,128,2048,312.5022775232792,109.54202258214356,193.7235828489065,200.6009233519435,106.18146611750126,106.20272888615727,106.22399165481328,16.922974810004234,19.37235828489065,38.44230534508824,2705.1151961181104,"[1295.5279821768402, 2914.178933761893, 2867.4935992263113, 2801.6021489120712, 2908.655549147301, 2880.6336618692817, 2826.806061198724, 2866.7652416045366, 2796.7227983869125, 2892.7659848972335]","[39.520566675812006, 17.569271195679903, 17.85531448572874, 18.275257255882025, 17.602634321898222, 17.773867145180702, 18.112314354628325, 17.859850976616144, 18.30714149773121, 17.699323162436485]",2281.568359375,2288.39453125,14.21826171875,14.21826171875,0.0,44.0,44.0,
0,sne_benchmark_2819320_0,OK,2,10,512,10240,474.5382798053324,151.7136304974556,307.49995172023773,320.38089983165264,148.30235185474157,148.3229052927345,148.34345873072743,27.79231220856309,30.749995172023773,53.39125144481659,8280.021687892819,"[4657.854225673426, 8665.589278727832, 8763.7551784076, 8829.601400775842, 8705.205417201249, 8769.714901800637, 8726.989025652176, 8535.683828813379, 8590.2298081327, 8555.59381374334]","[54.96092998981476, 29.542134039103985, 29.21122222021222, 28.993381284177303, 29.407692033797503, 29.191370856016874, 29.33428691700101, 29.991738814860582, 29.801298186182976, 29.921944119036198]",2459.203125,2461.6953125,58.7216796875,58.7216796875,0.0,132.0,132.0,
0,sne_benchmark_2819320_0,OK,2,16,32,1024,486.78288543224335,173.15548753738403,304.8291391097009,311.1462896801532,169.73568180203438,169.77898571640253,169.82228963077068,25.568628903478384,30.48291391097009,67.91009608656168,893.606606032465,"[371.2708205760457, 950.0546075762906, 969.8628076667543, 939.8350013299416, 937.7964548593599, 979.1145614918219, 963.8715763768682, 930.9424397458612, 950.6662305493628, 942.6515601523442]","[68.95236194506288, 26.945819530636072, 26.39548583328724, 27.238823797553778, 27.29803452268243, 26.146072182804346, 26.55955484881997, 27.499014876782894, 26.928483601659536, 27.15743662044406]",3002.3984375,3004.078125,5.283203125,5.283203125,0.0,26.0,26.0,
0,sne_benchmark_2819320_0,OK,2,20,128,5120,833.816894184798,229.2414935566485,592.9196330010891,601.8161884322762,225.8587477877736,225.8949888180941,225.93122984841463,52.48200162127614,59.29196330010891,101.99672162905335,2204.277157125595,"[1239.4862066491119, 2315.9503109815973, 2309.6042912246958, 2298.387165377201, 2305.067882539786, 2401.201709078785, 2342.295817479359, 2280.8227279962152, 2292.5157099750077, 2257.4397499541883]","[103.26859574019909, 55.26888871192932, 55.42074912413955, 55.69122640788555, 55.52981800213456, 53.306642051786184, 54.64723927900195, 56.12010018527508, 55.83385947719216, 56.70140255242586]",3420.166015625,3426.046875,18.6083984375,18.6083984375,0.0,48.0,48.0,
0,sne_benchmark_2819320_0,OK,2,32,512,32768,1775.1293796598911,421.7576642297208,1319.4991739951074,1350.117458410561,418.39568746834993,418.4059494547546,418.4162114411593,124.06415718793868,131.94991739951075,198.97299063578248,6185.671551286052,"[4052.2901553703286, 6439.5936901168025, 6386.070758095334, 6411.59291012692, 6420.137646954703, 6445.117954580005, 6421.125461799627, 6410.3080108572685, 6444.237540073302, 6426.24138488623]","[202.1572909615934, 127.21299501508474, 128.27919248491526, 127.7685610242188, 127.59851035103202, 127.10395772010088, 127.57888081669807, 127.79417129606009, 127.12132271751761, 127.47731542214751]",4461.41015625,4463.8125,90.271484375,90.271484375,0.0,150.0,150.0,
0,sne_benchmark_2819320_0,OK,4,1,32,128,63.92293840274215,35.11224056407809,21.404724162071943,27.1249032728374,31.40645317733288,31.48280421644449,31.54816443100572,1.7651268132030964,2.1404724162071944,5.31796196475625,1298.1420427131184,"[506.3210050621334, 1363.4771255248424, 1391.4036339395334, 1384.1008937249417, 1386.3771542233733, 1388.4576699667011, 1402.317479350171, 1372.290183241035, 1393.4135965250277, 1393.2616855734257]","[6.320101216435432, 2.346940729767084, 2.299835879355669, 2.3119701854884624, 2.308174215257168, 2.3047155626118183, 2.281936898827553, 2.331868316978216, 2.296518426388502, 2.2967688217759132]",1914.0869140625,1932.84765625,10.352783203125,10.35498046875,0.0,26.0,26.0,
0,sne_benchmark_2819320_0,OK,4,2,128,1024,187.36903838440776,55.53550899773836,123.06946087256074,129.3282774798572,50.54354479163885,51.25062805041671,51.919625379145145,11.554577097296717,12.306946087256074,18.371168591082096,2019.0059318189365,"[1318.1940186336349, 2097.4662877333813, 2101.2589165802374, 2110.163927757692, 2104.404854966094, 2100.124040192953, 2106.574266711042, 2107.674038419788, 2062.7248862183797, 2081.4740809761633]","[19.420509908348322, 12.205202128738165, 12.183172572404146, 12.131758894771338, 12.164959579706192, 12.18975618109107, 12.15243174880743, 12.146090682595968, 12.410767994821072, 12.298976112157106]",1733.568359375,1745.09375,12.0234375,12.0234375,0.0,44.0,44.0,
0,sne_benchmark_2819320_0,OK,4,4,512,8192,369.76830170303583,136.18144917488098,219.795411773026,231.26817471161485,98.12870186567308,115.84373217169195,132.53720415756106,20.754094999283552,21.9795411773026,32.36912174522877,9007.516809861365,"[6062.291860424935, 9387.196283127176, 9304.787984705652, 9367.438162486867, 9258.277282222956, 9357.35441319593, 9317.561045014461, 9274.034617775626, 9363.565463491705, 9382.660986168348]","[33.78260313346982, 21.816950857639313, 22.010173723101616, 21.862967915832996, 22.120745982974768, 21.886528067290783, 21.980000883340836, 22.083161044865847, 21.87201027199626, 21.827496517449617]",1922.3935546875,1925.859375,50.1171875,50.1171875,0.0,126.0,126.0,
0,sne_benchmark_2819320_0,OK,4,10,32,1280,442.8466853201389,116.98533806577323,316.82042653113604,323.32225651294,92.97831447049975,103.36427576374264,113.46747278049588,28.24227401614189,31.682042653113605,57.813184175640345,1034.842048270799,"[543.3066012093344, 1108.9021949413009, 1083.7266029127825, 1109.6178281109194, 1064.13064522834, 1082.0742328864753, 1103.198421867958, 1091.3178339785318, 1079.9458333767652, 1082.2002881955832]","[58.8986033461988, 28.857369158416986, 29.52774243429303, 28.83875798434019, 30.071495585143566, 29.572832461446524, 29.00656796246767, 29.322346802800894, 29.63111575692892, 29.569387800991535]",2459.55078125,2478.0625,4.4324951171875,4.435546875,0.0,26.0,26.0,
0,sne_benchmark_2819320_0,OK,4,12,128,6144,797.6307308375835,169.93859444186091,614.5208040550351,624.9594062417746,159.7101533934474,163.12879107985646,166.4700289107859,57.52904526889324,61.45208040550351,89.45197278261185,2498.5406725445723,"[1692.3462017578927, 2575.489119982333, 2574.69795822756, 2553.986295936349, 2592.4650587859273, 2618.743636783441, 2582.5212225613495, 2580.6357046891208, 2595.4487599455224, 2619.072766776229]","[90.7615710310638, 59.6391570083797, 59.657483126968145, 60.14127806574106, 59.248628821223974, 58.65408046916127, 59.47676195576787, 59.52021810784936, 59.180517207831144, 58.646709609776735]",2630.697265625,2637.484375,15.681640625,15.681640625,0.0,46.0,46.0,
0,sne_benchmark_2819320_0,OK,4,16,512,32768,1557.3422551490366,475.51840333268046,1047.6153374128044,1078.8118274137378,441.2903106883168,456.6978939510882,471.9901591800153,99.2633369639516,104.76153374128045,143.58585771545768,7678.665685867888,"[5577.989432614783, 7810.787642684521, 7792.544435859222, 7835.790197756755, 7920.568447461718, 7964.42276110489, 7963.640145812172, 8006.421609543305, 7945.505338539491, 7968.986847302025]","[146.86295302212238, 104.88058790937066, 105.12612494453788, 104.545933380723, 103.42692010477185, 102.85742288827896, 102.8675310537219, 102.31786932423711, 103.10231572389603, 102.79851324856281]",3037.7666015625,3045.78125,67.326171875,67.326171875,0.0,136.0,136.0,
0,sne_benchmark_2819320_0,OK,4,32,32,4096,1726.0543383173645,288.257500000298,1425.9255562536418,1434.1637272834778,275.7786247357726,278.19505825452507,284.59002064168453,128.69169510900974,142.59255562536418,224.64666902646425,732.3671840946558,"[453.42307077510765, 742.2250793625436, 724.3931226058133, 787.6273259611763, 770.0630028823157, 791.0632270178712, 759.0483291411022, 790.052482959789, 756.976015840372, 748.8001844004668]","[225.8376483246684, 137.96354077383876, 141.35970760136843, 130.0107254087925, 132.9761326238513, 129.44603731110692, 134.90577090904117, 129.61164252832532, 135.27509175613523, 136.7521030753851]",4460.0087890625,4481.05859375,7.5423583984375,7.54541015625,0.0,26.0,26.0,
0,sne_benchmark_2819320_0,TIMEOUT,4,40,128,20480,,,,,,,,,,,,,,,,,,,,,Subprocess timed out after configured timeout_s
0,sne_benchmark_2819320_0,OK,8,1,512,4096,176.8827044442296,91.26432242244482,75.94293980672956,83.73598279431462,84.28554622456431,86.53058906178921,87.38706770166755,7.19570479542017,7.594293980672956,11.005605638027191,12436.151091394742,"[8409.700593132335, 12851.403143457883, 12847.814461331784, 12880.19025201739, 12821.540250139436, 12915.273746425812, 12900.290802120144, 12910.675821150762, 12916.009673492039, 12908.612170679831]","[12.176414471119642, 7.968001537024975, 7.970227178186178, 7.950193125754595, 7.986559960991144, 7.928596947342157, 7.93780555576086, 7.931420587003231, 7.928145192563534, 7.932688552886248]",1926.41455078125,1942.2109375,42.70556640625,42.70556640625,0.0,122.0,122.0,
0,sne_benchmark_2819320_0,OK,8,4,32,1024,340.0851107016206,80.21796951442957,251.0882976651192,257.4183516539633,73.7730237916112,75.19151434209198,76.27630998194218,23.44422974064946,25.10882976651192,36.59866335242987,1011.8067968392908,"[679.6572567825599, 1042.7840248290977, 1039.5621387326332, 1065.4250210632192, 1040.0617794984037, 1051.637208626005, 1059.6000141328775, 1049.8665387027277, 1062.48945817322, 1026.984527852164]","[37.66604379564524, 24.549666460603476, 24.625752560794353, 24.02796958386898, 24.613922465592623, 24.342995654791594, 24.160060077905655, 24.384051740169525, 24.094356704503298, 24.92734730243683]",1930.52490234375,1937.99609375,3.5845947265625,3.5869140625,0.0,26.0,26.0,
0,sne_benchmark_2819320_0,OK,8,8,128,8192,925.4914136640728,168.01046155393124,743.2465286068618,754.482130214572,155.3704199641943,159.15061322040856,164.22652246803045,71.21966679766774,74.32465286068619,94.07410774752498,2732.0635013134925,"[2144.5768336886094, 2789.303765419964, 2811.775928511444, 2786.523790910107, 2750.2497130818133, 2796.8505051175175, 2798.8704069314913, 2781.434284908746, 2826.4767012500793, 2834.573083315151]","[95.49669509753585, 73.42334045469761, 72.83652937039733, 73.49659122526646, 74.46596540883183, 73.22522230818868, 73.17237678915262, 73.63107628002763, 72.45769969001412, 72.25073899328709]",2293.21533203125,2305.55859375,14.21826171875,14.21826171875,0.0,44.0,44.0,
0,sne_benchmark_2819320_0,TIMEOUT,8,10,512,40960,,,,,,,,,,,,,,,,,,,,,Subprocess timed out after configured timeout_s
0,sne_benchmark_2819320_0,OK,8,16,32,4096,1280.9320222474637,237.10258676484227,1031.970828551799,1040.277530953288,230.84208593145013,231.93363709980625,233.26202447339887,97.44885996356606,103.1970828551799,142.08107578009367,996.2696889563306,"[714.6308314711865, 1023.983432046022, 1013.772184967692, 1042.706085803581, 1026.686165317975, 1033.2396196043007, 1028.2439232102467, 1040.9277131061167, 1012.8879566830979, 1025.6189773530873]","[143.29076705127954, 100.00161799043417, 101.00888692587614, 98.20600588619709, 99.73836548998952, 99.10576216503978, 99.58726493641734, 98.37378591299057, 101.09706540033221, 99.84214631468058]",3012.67919921875,3025.078125,5.2816162109375,5.283203125,0.0,26.0,26.0,
0,sne_benchmark_2819320_0,TIMEOUT,8,20,128,20480,,,,,,,,,,,,,,,,,,,,,Subprocess timed out after configured timeout_s
0,sne_benchmark_2819320_0,ERROR,8,32,512,131072,,,,,,,,,,,,,,,,,,,,,
0,sne_benchmark_2819320_0,OK,10,1,32,320,111.26522719860075,60.62500321865082,42.21200193464756,48.81543704494834,56.20755261927843,56.51558047495782,56.63758543506265,3.693212527781725,4.221200193464756,8.670441154390574,1740.1157524590797,"[825.6402262024617, 1855.1381756783342, 1813.2516465535323, 1855.2639058488082, 1852.038090253195, 1840.9319362710098, 1830.0672277481613, 1824.540834405232, 1822.236911331366, 1882.0485702986953]","[9.68945037573576, 4.312347244471312, 4.411963455379009, 4.3120549991726875, 4.319565586745739, 4.3456250838935375, 4.371424108743668, 4.384664814919233, 4.390208512544632, 4.250687323510647]",1933.61171875,1956.21484375,10.3533203125,10.35498046875,0.0,26.0,26.0,
0,sne_benchmark_2819320_0,OK,10,2,128,2560,405.37758710607886,98.47978724166752,296.6749904677272,303.94998291134834,87.72137963026762,91.88505313657224,94.34134650230408,28.85247902944684,29.66749904677272,36.38933068886399,2116.508922886841,"[1705.6582229084638, 2161.0533319207434, 2164.1257016061086, 2161.408448441195, 2160.9405209872707, 2159.4453122570135, 2162.760097948963, 2167.652226738462, 2156.826764341536, 2165.2186017186546]","[37.522171288728714, 29.61518767476082, 29.573143534362316, 29.610321938991547, 29.616733722388744, 29.63724046945572, 29.591816522181034, 29.525031372904778, 29.67322228103876, 29.558216407895088]",1762.74453125,1775.7265625,12.0234375,12.0234375,0.0,44.0,44.0,
0,sne_benchmark_2819320_0,OK,10,4,512,20480,895.3383966237307,352.2334122247994,519.6902080103755,540.0708957500756,314.19769982248545,333.6329580012709,348.0157664716244,50.40145165100694,51.96902080103755,64.82800018414855,9532.4412575664,"[7623.630121353692, 9750.183340597294, 9700.352300146571, 9710.036877987757, 9772.074302619476, 9710.75319698314, 9777.799241861052, 9757.863234601393, 9737.3121440601, 9784.407815453524]","[67.15960662439466, 52.51183307170868, 52.78158814832568, 52.72894494980574, 52.394198421388865, 52.72505537047982, 52.36352141574025, 52.47050380706787, 52.581245463341475, 52.3281541056931]",1952.30703125,1968.97265625,50.1171875,50.1171875,0.0,126.0,126.0,
0,sne_benchmark_2819320_0,OK,10,10,32,3200,851.3860083036125,155.6947980709374,684.644718606025,692.4437826275826,150.63486586511135,151.07178066186606,151.67397308722138,65.28325048461556,68.4644718606025,91.10280171781778,1166.476982292426,"[867.0490395612605, 1195.8027801767805, 1207.8401893447533, 1212.296090022721, 1202.1067848093157, 1197.8044864489, 1204.3239345257255, 1185.60995058483, 1192.2100795739484, 1199.7264878760232]","[92.26698416098952, 66.90066399425268, 66.23392788693309, 65.99047927185893, 66.54982819408178, 66.7888632118702, 66.42731054872274, 67.47581695020199, 67.1022677719593, 66.68186524882913]",2466.238671875,2489.43359375,4.43427734375,4.435546875,0.0,26.0,26.0,
0,sne_benchmark_2819320_0,OK,10,12,128,15360,1727.228655062616,280.1669848412276,1427.0657236352563,1443.427112299949,263.71271508187056,267.7718778982759,276.1184586547315,139.52689618617296,142.70657236352562,166.87768016010523,2667.73879435304,"[2276.3265717746926, 2709.4051086780973, 2710.7491426857696, 2717.2592353354567, 2722.637828878851, 2717.476801278444, 2695.1002104724416, 2704.5151398460875, 2712.808153794576, 2711.1097507859763]","[168.6928425654769, 141.72852880880237, 141.65825747326016, 141.31886829435825, 141.0396917015314, 141.3075540587306, 142.48078735917807, 141.9847847558558, 141.5507393926382, 141.63941533118486]",2647.067578125,2657.59765625,15.681640625,15.681640625,0.0,46.0,46.0,
0,sne_benchmark_2819320_0,ERROR,10,16,512,81920,,,,,,,,,,,,,,,,,,,,,
0,sne_benchmark_2819320_0,TIMEOUT,10,32,32,10240,,,,,,,,,,,,,,,,,,,,,Subprocess timed out after configured timeout_s
0,sne_benchmark_2819320_0,ERROR,20,1,128,2560,,,,,,,,,,,,,,,,,,,,,
0,sne_benchmark_2819320_0,ERROR,20,2,512,20480,,,,,,,,,,,,,,,,,,,,,
0,sne_benchmark_2819320_0,ERROR,20,8,32,5120,,,,,,,,,,,,,,,,,,,,,
0,sne_benchmark_2819320_0,ERROR,20,10,128,25600,,,,,,,,,,,,,,,,,,,,,
0,sne_benchmark_2819320_0,ERROR,20,12,512,122880,,,,,,,,,,,,,,,,,,,,,
0,sne_benchmark_2819320_0,ERROR,32,1,32,1024,,,,,,,,,,,,,,,,,,,,,
0,sne_benchmark_2819320_0,ERROR,32,2,128,8192,,,,,,,,,,,,,,,,,,,,,
0,sne_benchmark_2819320_0,ERROR,32,4,512,65536,,,,,,,,,,,,,,,,,,,,,
0,sne_benchmark_2819320_0,ERROR,32,10,32,10240,,,,,,,,,,,,,,,,,,,,,
0,sne_benchmark_2819320_0,ERROR,32,12,128,49152,,,,,,,,,,,,,,,,,,,,,
0,sne_benchmark_2819320_0,ERROR,40,1,512,20480,,,,,,,,,,,,,,,,,,,,,
0,sne_benchmark_2819320_0,ERROR,40,4,32,5120,,,,,,,,,,,,,,,,,,,,,
0,sne_benchmark_2819320_0,ERROR,40,8,128,40960,,,,,,,,,,,,,,,,,,,,,
0,sne_benchmark_2819320_0,ERROR,80,1,512,40960,,,,,,,,,,,,,,,,,,,,,
0,sne_benchmark_2819320_0,ERROR,80,4,32,10240,,,,,,,,,,,,,,,,,,,,,
0,sne_benchmark_2819563_0,OK,1,8,512,4096,402.8057656139136,123.58377269655466,267.84884214773774,276.7952603623271,120.39504987746476,120.39504987746476,120.39504987746476,24.603934608399868,26.784884214773776,45.1443852186203,3821.8911824400334,"[2203.7862179581457, 3988.866532265878, 3995.2403392930787, 3976.3239666770296, 4018.2203634689085, 3992.5348387443883, 4011.899441915303, 3993.3426865333054, 4009.9150260515307, 4028.782411492776]","[46.46548706293106, 25.671453073620796, 25.630498118698597, 25.752428840845823, 25.4839184358716, 25.647866364568472, 25.52406945452094, 25.64267783612013, 25.53670073673129, 25.417108580470085]",2286.41015625,2286.41015625,55.853515625,55.853515625,0.0,130.0,130.0,
0,sne_benchmark_2819563_0,OK,1,10,384,3840,544.5220742896199,171.4781224578619,363.2573796473444,370.6758459992707,168.25729013606906,168.25729013606906,168.25729013606906,33.290410201996565,36.32573796473444,61.80326918512583,2679.5203590561528,"[1525.6169556370837, 2810.3979795425917, 2802.765114003856, 2813.183954047784, 2797.168604924704, 2796.201862030454, 2825.64195742143, 2794.2798249678244, 2827.0571624020154, 2802.8901755837846]","[62.92536251991987, 34.15886315703392, 34.251889150589705, 34.12503468245268, 34.320419523864985, 34.33228527009487, 33.97458044812083, 34.35590063035488, 33.957573011517525, 34.2503608725965]",2472.69921875,2472.69921875,44.13134765625,44.13134765625,0.0,108.0,108.0,
0,sne_benchmark_2819563_0,OK,1,12,256,3072,599.6313080638647,170.54163115099072,419.322098903358,426.7818810008466,167.36852970719335,167.36852970719335,167.36852970719335,37.72655700147152,41.9322098903358,70.42967138439417,1859.8290788411755,"[1072.8710732874786, 1893.9551854725062, 1877.4968558536711, 1901.4194385146548, 1906.3799592164241, 1999.6540338225577, 1984.478494154994, 1978.4686742055887, 1996.1671995417776, 1987.3998743421]","[71.58362445607781, 40.55006189644337, 40.905527889728546, 40.390877701342106, 40.28577809408307, 38.40664369985461, 38.70034380629659, 38.8179004304111, 38.47373106703162, 38.64345620200038]",2650.37109375,2650.37109375,30.984375,30.984375,0.0,68.0,68.0,
0,sne_benchmark_2819563_0,OK,1,16,128,2048,804.6107285991311,259.7779436260462,535.4394479580224,542.4625411219895,256.55268355831504,256.55268355831504,256.55268355831504,49.48626762256026,53.54394479580223,87.83572226017714,972.0840987943152,"[575.5882408443906, 1020.1548253664055, 1017.8493380992587, 1017.289796530428, 1014.9829216369009, 1009.1212861530344, 1015.7496780983907, 1013.6764495798036, 1015.1502488588176, 1021.2782027757215]","[88.95247742533684, 50.18846034631133, 50.30214009433985, 50.32980786263943, 50.44419852644205, 50.737211376428604, 50.40611983835697, 50.50921329110861, 50.435883808881044, 50.13325444608927]",3004.94921875,3004.94921875,17.14501953125,17.14501953125,0.0,46.0,46.0,
0,sne_benchmark_2819563_0,OK,1,20,64,1280,804.1450117304921,222.68931474536657,572.9086094759405,578.9583235383034,219.5054824091494,219.5054824091494,219.5054824091494,51.2519599609077,57.29086094759405,105.5553380213678,578.782817170276,"[300.2824349446382, 611.9809151701382, 611.3529716533035, 601.0835544660529, 617.694313602022, 608.8216712197177, 610.5554620564603, 604.6491283339562, 612.8432544867541, 608.5644657697164]","[106.56633980572224, 52.28921230509877, 52.34292051196098, 53.23719100654125, 51.805560283362865, 52.56054689362645, 52.411291010677814, 52.92325499281287, 52.215635508298874, 52.582761235535145]",3349.62890625,3349.62890625,10.13330078125,10.13330078125,0.0,28.0,28.0,
0,sne_benchmark_2819563_0,OK,1,32,32,1024,1194.73723808676,363.36422967910767,822.7695371769369,828.720138810575,360.17870977148414,360.17870977148414,360.17870977148414,69.97135964781046,82.27695371769369,153.67310635745525,324.4361251598625,"[165.4323720800211, 362.9874380617285, 333.5605564433676, 338.52074945785205, 343.8621139404043, 329.97602511979443, 338.7890042947658, 343.56029861326266, 338.2588767699159, 349.41381681751255]","[154.7460129968822, 70.52585658803582, 76.74768345803022, 75.62313400581479, 74.44844593852758, 77.58139395341277, 75.56325522810221, 74.51384837925434, 75.68167979642749, 73.26556297391653]",4403.66015625,4403.66015625,7.54541015625,7.54541015625,0.0,26.0,26.0,
0,sne_benchmark_2819563_0,ERROR,1,32,4096,131072,,,,,,,,,,,,,,,,,,,,,
0,sne_benchmark_2819563_0,ERROR,1,40,2048,81920,,,,,,,,,,,,,,,,,,,,,
0,sne_benchmark_2819563_0,ERROR,1,64,1024,65536,,,,,,,,,,,,,,,,,,,,,
0,sne_benchmark_2819563_0,ERROR,1,96,512,49152,,,,,,,,,,,,,,,,,,,,,
0,sne_benchmark_2819563_0,ERROR,4,96,64,24576,,,,,,,,,,,,,,,,,,,,,
0,sne_benchmark_2819563_0,OK,8,1,32,256,90.77957961335778,47.48873517289758,35.41390960663557,41.55313806980848,43.70315745845437,43.78432608069852,44.03199841827154,3.073357131332159,3.541390960663557,7.357734307646751,1642.1044828410209,"[760.1734140619575, 1754.348277628403, 1716.3327186421054, 1723.7072581231964, 1749.1744843067274, 1737.1916678334403, 1736.386445339559, 1740.2215216963532, 1754.1140604526443, 1749.3949803258213]","[8.419131584465504, 3.648078367114067, 3.7288807295262814, 3.7129274532198906, 3.658868830651045, 3.684107009321451, 3.685815457254648, 3.6776927076280117, 3.648565474897623, 3.658407662063837]",1929.4189453125,1940.25,10.3529052734375,10.35498046875,0.0,26.0,26.0,
0,sne_benchmark_2819563_0,ERROR,1,128,384,49152,,,,,,,,,,,,,,,,,,,,,
0,sne_benchmark_2819563_0,ERROR,1,160,256,40960,,,,,,,,,,,,,,,,,,,,,
0,sne_benchmark_2819563_0,OK,2,1,128,256,63.34712840244174,41.98938577994704,14.190079875290394,19.704810310155157,38.829007145017385,38.831352453678846,38.83369776234031,0.9641247279942036,1.4190079875290391,5.467216555029154,4015.237262316243,"[993.3612568460812, 4306.337134917996, 4340.84554058889, 4347.240108677478, 4365.582037004577, 4349.289684954145, 4342.72332327092, 4354.927229689212, 4378.867436055846, 4373.198871157282]","[6.4427719078958035, 1.486181829124689, 1.4743671342730522, 1.4721984155476093, 1.4660129956901073, 1.4715046510100365, 1.4737296216189861, 1.4695997573435307, 1.4615651406347752, 1.4634596295654774]",1930.330078125,1932.47265625,16.78662109375,16.78662109375,0.0,42.0,42.0,
0,sne_benchmark_2819563_0,OK,2,2,64,256,111.12251068651676,53.63700649514794,49.51384708285332,55.464619394391775,50.49392637610436,50.5000304505229,50.50613452494144,4.19010391831398,4.951384708285332,10.87225564941764,1244.250433133964,"[539.0181692030983, 1330.8330171089656, 1323.9516968127652, 1309.5538115182824, 1336.2989728532848, 1347.6251917056536, 1351.3703377920929, 1315.4834306180555, 1329.284138775229, 1259.0855649522132]","[11.873440202325583, 4.809018049389124, 4.834013216197491, 4.887160759419203, 4.789347391575575, 4.74909495562315, 4.7359334602952, 4.865131594240665, 4.8146215043962, 5.083054065704346]",1773.408203125,1776.6328125,6.2138671875,6.2138671875,0.0,24.0,24.0,
0,sne_benchmark_2817862_0,OK,1,1,32,32,124.36508345976472,92.00750583410264,19.29677313193679,28.061627063900232,89.03714388981462,89.03714388981462,89.03714388981462,0.8315937109291553,1.9296773131936789,11.46439603716135,506.5904503684592,"[52.969102183967394, 552.5159395308573, 573.6019655772897, 567.4789668694431, 554.6032271154827, 558.1041765474273, 550.112713637867, 551.8180743994262, 552.3649405286453, 552.3353972941857]","[15.10314441844821, 1.4479220286011696, 1.3946953602135181, 1.4097438789904118, 1.4424726739525795, 1.4334241412580013, 1.4542474299669266, 1.4497531652450562, 1.4483178444206715, 1.448395311832428]",2020.5390625,2020.5390625,10.35498046875,10.35498046875,0.0,26.0,26.0,
0,sne_benchmark_2817981_0,OK,1,1,32,32,94.00489600002766,67.20458185300231,13.13279601931572,21.8028002679348,63.982993364334106,63.982993364334106,63.982993364334106,0.8414579555392265,1.313279601931572,5.392861075699329,547.6445756856807,"[81.91847849700945, 590.9279163935995, 598.257675958638, 600.2531150397054, 599.38292311584, 594.2840212364163, 601.6573262636243, 602.2790204129606, 609.4466343902595, 598.0386455487546]","[9.765806380659342, 1.3538030236959457, 1.3372164405882359, 1.3327710926532745, 1.3347060270607471, 1.346157681196928, 1.3296605311334133, 1.3282880075275898, 1.3126662038266659, 1.3377061933279037]",2009.00390625,2009.00390625,10.35498046875,10.35498046875,0.0,26.0,26.0,
0,sne_benchmark_2817981_0,OK,1,1,32,32,43.84911501780152,25.15583986788988,10.58276890218258,17.01741999015212,22.04411793500185,22.04411793500185,22.04411793500185,0.816427867859602,1.058276890218258,2.97791812941432,556.695104596546,"[159.74287994918146, 596.2277301867817, 603.9371733281416, 605.3232637443336, 603.8282151180053, 600.0545448844734, 593.9550711704512, 615.6302030196451, 597.942819909063, 590.309144655383]","[5.0080479346215725, 1.3417691923677921, 1.3246410973370075, 1.3216078877449036, 1.3248801231384277, 1.3332121334969997, 1.3469032235443592, 1.2994814030826092, 1.3379205726087093, 1.3552221022546291]",1857.68359375,1857.68359375,10.35498046875,10.35498046875,0.0,26.0,26.0,
0,sne_benchmark_2817981_0,OK,1,1,32,32,36.06184772029519,17.81826190650463,11.30196100473404,16.592011276632547,14.64867028594017,14.64867028594017,14.64867028594017,0.8300554156303406,1.130196100473404,3.6042442619800568,556.7326578558619,"[175.95431670377502, 605.0491750805206, 584.396948550071, 609.4936134956463, 611.1966564308449, 591.1982147026927, 599.60353047125, 587.0795361072411, 598.2871556049731, 605.0674314116047]","[4.546634688973427, 1.3222065791487694, 1.3689325414597988, 1.3125650249421597, 1.3089076839387417, 1.3531840592622757, 1.334214959293604, 1.3626773729920387, 1.337150551378727, 1.3221666850149632]",1824.453125,1824.453125,10.34716796875,10.34716796875,0.0,26.0,26.0,
0,sne_benchmark_2817981_0,OK,1,1,640,640,70.13761776313186,47.96256111934781,14.421403169631958,20.489656280726194,44.84785361588001,44.84785361588001,44.84785361588001,0.9768617711961268,1.442140316963196,5.374200198799372,9520.765015934092,"[2471.72895947103, 9833.182409814224, 9732.207967615172, 10610.955257075497, 10601.830946937227, 10662.286465079533, 10453.291988313807, 9910.881382130952, 10285.773869416846, 10645.510913486623]","[6.473201658576727, 1.6271436177194118, 1.6440256983041763, 1.5078755505383015, 1.5091732814908028, 1.50061621889472, 1.5306182987987995, 1.6143871955573559, 1.5555465444922447, 1.5029809400439262]",1928.875,1928.875,51.35009765625,51.35009765625,0.0,164.0,164.0,
0,sne_benchmark_2820694_0,ERROR,1,42,2048,86016,,,,,,,,,,,,,,,,,,,,,
0,sne_benchmark_2820694_0,ERROR,2,42,2048,172032,,,,,,,,,,,,,,,,,,,,,
1,sne_benchmark_2817863_1,OK,1,1,64,64,98.1161188930273,70.71640576794744,18.1408014819026,24.542494237422943,67.69514083489776,67.69514083489776,67.69514083489776,0.8598636984825134,1.81408014819026,10.25685192644596,1060.495965756563,"[131.76521806685017, 1148.066464396576, 1156.0413529826403, 1162.4601930812635, 1154.8952880332931, 1169.0787810898557, 1160.2087320815845, 1176.5360169947114, 1166.0980361912455, 1179.8095746476106]","[12.142809942364693, 1.3936475366353989, 1.3840335346758366, 1.3763912171125412, 1.3854069858789444, 1.3685989566147327, 1.379062194377184, 1.3599243685603142, 1.3720973283052444, 1.3561510555446148]",2017.20703125,2017.20703125,12.4990234375,12.4990234375,0.0,22.0,22.0,
1,sne_benchmark_2817999_1,ERROR,1,300,640,192000,,,,,,,,,,,,,,,,,,,,,
1,sne_benchmark_2817999_1,OK,1,1,640,640,72.47131137922406,48.858624279499054,14.709482807666063,21.89334727078676,45.71450679004192,45.71450679004192,45.71450679004192,0.9929314218461514,1.4709482807666063,5.709303412586451,9030.9729061921,"[2238.4636154476557, 9701.11330327072, 9780.84929603435, 9805.977197520697, 9776.394505173756, 9768.570446280823, 9766.606316159925, 9783.948689657438, 9840.935737093636, 9846.869955282009]","[7.1477596908807755, 1.6492952406406403, 1.6358497627079487, 1.6316578835248947, 1.6365951672196388, 1.6379059851169586, 1.638235379010439, 1.6353315524756908, 1.6258616484701633, 1.624881822615862]",1914.3125,1914.3125,51.35009765625,51.35009765625,0.0,164.0,164.0,
1,sne_benchmark_2817999_1,OK,1,1,32,32,35.9619665145874,17.650640811771154,11.350273426622152,16.631020989269018,14.510243766009808,14.510243766009808,14.510243766009808,0.8324769996106625,1.1350273426622153,3.637925915420056,557.1738184595124,"[173.82896210779356, 606.5213611177306, 603.8038690640707, 602.594576781488, 602.9127440401614, 598.8651392705299, 597.275077127156, 594.5165341719382, 591.3597255466361, 600.060195367619]","[4.60222502797842, 1.3189972378313541, 1.3249335438013077, 1.3275924324989319, 1.326891839504242, 1.3358600251376629, 1.3394163437187672, 1.345631204545498, 1.3528144806623459, 1.333199579268694]",1812.34375,1812.34375,10.3505859375,10.3505859375,0.0,26.0,26.0,
1,sne_benchmark_2817999_1,OK,1,1,32,32,43.08583560958505,24.806672897189856,11.034464467316866,16.588788267225027,21.452539317309856,21.452539317309856,21.452539317309856,0.8512218296527863,1.103446446731687,3.287365894764662,553.887490014864,"[178.7941248287775, 588.6151275502788, 598.390259707307, 601.0089863268029, 595.6778429422093, 591.1619093778202, 597.876194507615, 593.3357452833766, 593.1272148412314, 600.8874947832215]","[4.474419955164194, 1.3591223917901516, 1.3369201570749283, 1.3310949057340622, 1.343007817864418, 1.3532671630382538, 1.3380696661770344, 1.348309125751257, 1.3487831614911556, 1.3313640356063843]",1859.45703125,1859.45703125,10.35498046875,10.35498046875,0.0,26.0,26.0,
1,sne_benchmark_2819564_1,ERROR,10,32,2048,655360,,,,,,,,,,,,,,,,,,,,,
1,sne_benchmark_2819564_1,ERROR,10,20,4096,819200,,,,,,,,,,,,,,,,,,,,,
1,sne_benchmark_2819564_1,OK,10,20,32,6400,2478.078618377447,245.4101451560855,2219.036987453699,2228.9050867781043,239.6349671185017,240.6279222778976,241.7655269652605,214.6897051110864,221.90369874536992,261.63941206783056,720.1242612846271,"[608.475000493856, 720.7936112301301, 733.1935254683494, 730.4795504917261, 732.86013434859, 732.5509928683072, 729.3884176686563, 741.5150166602006, 729.6283293523957, 742.35803426406]","[262.95246291160583, 221.97755017131567, 218.22342184185982, 219.0341945812106, 218.32269556075335, 218.4148292168975, 219.36186005175114, 215.77445689588785, 219.28973089903593, 215.52942463755608]",3354.412109375,3377.7578125,5.8478515625,5.84912109375,0.0,26.0,26.0,
1,sne_benchmark_2819564_1,OK,10,16,64,10240,2479.7456293925643,252.9116058647633,2211.733147829771,2223.288106776774,246.9464512988925,248.3187531977892,249.2088893055916,216.24502102285624,221.17331478297712,252.9351988509297,1153.844120289828,"[1006.3172035859754, 1165.2107774699607, 1168.76388898566, 1171.1710196617657, 1159.9919296586306, 1168.2468443484638, 1178.1130888429946, 1173.545919998449, 1174.1185379597064, 1172.9619923866724]","[254.39294795691967, 219.70273958146572, 219.03483022749424, 218.58464366197586, 220.6911905631423, 219.13177102804184, 217.2966266348958, 218.14229476451874, 218.03590670228004, 218.2508910447359]",2995.191015625,3018.9453125,9.268994140625,9.27001953125,0.0,26.0,26.0,
1,sne_benchmark_2819321_1,OK,10,10,64,6400,1050.3256906457243,177.55962501466274,859.4206241294742,869.2960804440081,169.70240157842636,171.9036937750876,173.27570462971926,82.44256256520748,85.94206241294742,107.85734520107508,1851.690658886566,"[1465.2126525142435, 1908.561743918219, 1890.948246260279, 1881.8217146165302, 1888.8001965378282, 1902.765653274897, 1894.8792790395953, 1892.5347132349548, 1875.8903507185737, 1915.4920387505408]","[109.19916622713208, 83.83276072144508, 84.61363250762224, 85.02399497106671, 84.70985988527536, 84.08812705054879, 84.43809680640697, 84.54270290583372, 85.29283171519637, 83.52945183962584]",2456.79375,2474.41796875,7.959423828125,7.96044921875,0.0,26.0,26.0,
1,sne_benchmark_2819321_1,OOM,10,4,1024,40960,,,,,,,,,,,,,,,,,,,,,"CUDA error: out of memory
Search for `cudaErrorMemoryAllocation' in https://docs.nvidia.com/cuda/cuda-runtime-api/group__CUDART__TYPES.html for more information.
CUDA kernel errors might be asynchronously reported at some other API call, so the stacktrace below might be incorrect.
For debugging consider passing CUDA_LAUNCH_BLOCKING=1
Compile with `TORCH_USE_CUDA_DSA` to enable device-side assertions.
"
1,sne_benchmark_2819321_1,OK,10,2,256,5120,441.5964415334165,121.67551668733358,306.0983259305358,316.4917613044381,108.63265712559225,114.40525882989168,117.66952247172594,29.91758000850677,30.60983259305358,36.05038587376475,4057.790422340588,"[3418.4756795277926, 4140.048036735871, 4095.79336394058, 4125.1616900561, 4129.7626338208565, 4131.490920159279, 4146.413838330696, 4139.870676930231, 4114.92168994518, 4135.965693959293]","[37.443589482456446, 30.91751565784216, 31.251576587557793, 31.029086764901876, 30.99451744556427, 30.981551811099052, 30.87004939466715, 30.91884022206068, 31.10630277916789, 30.948032326996326]",1751.0078125,1768.84765625,23.76513671875,23.76513671875,0.0,62.0,62.0,
1,sne_benchmark_2819321_1,ERROR,10,1,64,640,,,,,,,,,,,,,,,,,,,,,
1,sne_benchmark_2819321_1,ERROR,8,32,1024,262144,,,,,,,,,,,,,,,,,,,,,
1,sne_benchmark_2819321_1,TIMEOUT,8,20,256,40960,,,,,,,,,,,,,,,,,,,,,Subprocess timed out after configured timeout_s
1,sne_benchmark_2819321_1,OK,8,16,64,8192,1683.996336698532,341.8188605010509,1326.7867884859445,1338.4603085406125,336.5433750785887,337.2777801640332,337.9116214737296,125.14698007330298,132.67867884859442,170.6671506650746,1541.6194712600543,"[1188.569300818512, 1571.1342706884152, 1561.9033636566037, 1565.5347210921423, 1577.1585855494004, 1577.0622985985033, 1561.7402393336354, 1603.2822016959626, 1621.66234681074, 1588.14738435663]","[172.30800076946616, 130.35168528929353, 131.12206860259175, 130.81792261824012, 129.8537774682045, 129.86170564219356, 131.13576434925199, 127.73796140402555, 126.29016169905663, 128.9552858993411]",3008.0693359375,3020.41796875,9.27001953125,9.27001953125,0.0,26.0,26.0,
1,sne_benchmark_2819321_1,ERROR,8,10,1024,81920,,,,,,,,,,,,,,,,,,,,,
1,sne_benchmark_2819321_1,OK,8,8,256,16384,1118.9073957502842,270.516471542418,826.9615668989718,845.4273794442415,260.976343549788,263.2419167421758,266.5924355946481,80.51916291937232,82.69615668989718,100.06486609578133,4864.732628503025,"[4012.540362637219, 4953.013489718158, 4941.439724657689, 4959.9645420247, 4978.823053798084, 4978.429710849332, 4949.337610384876, 4953.228598016359, 4965.20574926843, 4955.343443675399]","[102.07997003942728, 82.69712990894914, 82.8908218704164, 82.58123551681638, 82.26843886077404, 82.27493884414434, 82.75854917243123, 82.6935385465622, 82.4940638281405, 82.65824652835727]",2263.79736328125,2271.04296875,28.0966796875,28.0966796875,0.0,66.0,66.0,
1,sne_benchmark_2819321_1,OK,8,4,64,2048,422.6497312746942,91.38107696548104,320.7661767601967,328.65595792233944,83.68328190594912,85.9046314060688,87.55953670665622,30.196236416697506,32.076617676019666,42.41549086943269,1573.4259582407728,"[1173.4945792554668, 1646.4894006445538, 1531.437796675844, 1639.5687381929142, 1625.7552460623774, 1566.6822605896448, 1627.106148018311, 1649.760280821779, 1618.8190496819875, 1655.14608246485]","[43.63036771118641, 31.09646498784423, 33.43263442441821, 31.227723978459835, 31.493055380880833, 32.68052577599883, 31.46690832823515, 31.03481190279126, 31.627994500100613, 30.933825444430113]",1931.275390625,1940.7109375,6.64910888671875,6.650390625,0.0,24.0,24.0,
1,sne_benchmark_2819321_1,OK,8,1,1024,8192,248.0761171728373,154.1068751178682,81.42432948201895,91.90841004624964,126.9072705693543,144.17075052810833,150.19100959971547,7.662962302565575,8.142432948201895,10.79943623393774,22505.326363328448,"[16758.429272992646, 23226.991386050275, 22493.322028880004, 22874.61810435255, 23619.946315091445, 23034.74903692848, 22920.719814193297, 23156.132030687597, 23097.41838324259, 23870.93726086559]","[12.220715716481209, 8.817327935248613, 9.10492455214262, 8.953154936432838, 8.67063782736659, 8.890915185213089, 8.93514696136117, 8.844309564679861, 8.866791803389788, 8.579470414668322]",1918.07177734375,1924.73046875,77.26904296875,77.26904296875,0.0,244.0,244.0,
1,sne_benchmark_2819321_1,TIMEOUT,4,40,256,40960,,,,,,,,,,,,,,,,,,,,,Subprocess timed out after configured timeout_s
1,sne_benchmark_2819321_1,TIMEOUT,4,32,64,8192,,,,,,,,,,,,,,,,,,,,,Subprocess timed out after configured timeout_s
1,sne_benchmark_2819321_1,ERROR,4,16,1024,65536,,,,,,,,,,,,,,,,,,,,,
1,sne_benchmark_2819321_1,OK,4,12,256,12288,859.6982653364539,172.20289926603436,669.5980146080256,684.6301519274712,157.14975495636463,164.69971574284136,168.62504860013723,62.72324003651738,66.95980146080255,95.5459386408329,4552.928409112311,"[3157.659592421408, 4680.402246762159, 4742.059401046968, 4623.622502511466, 4699.95023699435, 4738.761376609215, 4692.105491925294, 4669.735083905841, 4754.111040121832, 4770.877118824579]","[97.28724424168468, 65.6353842690587, 64.78198057413101, 66.44141035154462, 65.36239417642355, 64.82706673443317, 65.47167375683784, 65.78531640022993, 64.61775869503617, 64.39067541435361]",2636.537109375,2650.14453125,30.984375,30.984375,0.0,68.0,68.0,
1,sne_benchmark_2819321_1,OK,4,10,64,2560,506.128619145602,120.5815205052495,375.6579273045063,382.8599081598222,104.15157121792436,113.53109786845744,117.10926136374474,34.30839863792062,37.56579273045063,61.11810411140323,1719.9686717590778,"[1028.355206228339, 1786.326389951647, 1785.7422674143088, 1782.5814712790539, 1805.0109160363513, 1818.1338858119439, 1771.3363933207318, 1830.7097221875435, 1785.7559584421497, 1805.7345069187097]","[62.23530508950353, 35.827719032764435, 35.839438404887915, 35.90298734232783, 35.45684928074479, 35.20092799514532, 36.130912367254496, 34.95911952853203, 35.83916363120079, 35.44264107197523]",2452.607421875,2466.0,7.96044921875,7.96044921875,0.0,26.0,26.0,
1,sne_benchmark_2819321_1,ERROR,40,8,256,81920,,,,,,,,,,,,,,,,,,,,,
1,sne_benchmark_2819321_1,ERROR,40,4,64,10240,,,,,,,,,,,,,,,,,,,,,
1,sne_benchmark_2819321_1,ERROR,40,1,1024,40960,,,,,,,,,,,,,,,,,,,,,
1,sne_benchmark_2819321_1,ERROR,32,12,256,98304,,,,,,,,,,,,,,,,,,,,,
1,sne_benchmark_2819321_1,ERROR,32,10,64,20480,,,,,,,,,,,,,,,,,,,,,
1,sne_benchmark_2819321_1,ERROR,32,4,1024,131072,,,,,,,,,,,,,,,,,,,,,
1,sne_benchmark_2819321_1,ERROR,32,2,256,16384,,,,,,,,,,,,,,,,,,,,,
1,sne_benchmark_2819321_1,ERROR,32,1,64,2048,,,,,,,,,,,,,,,,,,,,,
1,sne_benchmark_2819321_1,ERROR,20,12,1024,245760,,,,,,,,,,,,,,,,,,,,,
1,sne_benchmark_2819321_1,ERROR,20,10,256,51200,,,,,,,,,,,,,,,,,,,,,
1,sne_benchmark_2819321_1,ERROR,20,8,64,10240,,,,,,,,,,,,,,,,,,,,,
1,sne_benchmark_2819321_1,ERROR,20,2,1024,40960,,,,,,,,,,,,,,,,,,,,,
1,sne_benchmark_2819321_1,ERROR,20,1,256,5120,,,,,,,,,,,,,,,,,,,,,
1,sne_benchmark_2819321_1,ERROR,10,32,64,20480,,,,,,,,,,,,,,,,,,,,,
1,sne_benchmark_2819321_1,ERROR,10,16,1024,163840,,,,,,,,,,,,,,,,,,,,,
1,sne_benchmark_2819321_1,TIMEOUT,10,12,256,30720,,,,,,,,,,,,,,,,,,,,,Subprocess timed out after configured timeout_s
1,sne_benchmark_2819321_1,OK,4,4,1024,16384,527.3971466161311,258.7899552360177,247.9875353090465,266.1486074924469,253.32065753638744,254.3012493941933,255.2046486064792,23.53332595899701,24.79875353090465,35.31491035223007,15600.363087150074,"[10966.051739087181, 16153.235318582045, 16177.874332078509, 15939.03328224234, 16250.545618507178, 15946.813189601948, 16296.597756507766, 16223.781759520056, 16107.82172194676, 15941.876153426945]","[37.35163846984506, 25.357149321585894, 25.318530209362507, 25.697919864207506, 25.20530753955245, 25.68538272380829, 25.13408050686121, 25.24688793718815, 25.428640015423298, 25.693337224423885]",1906.146484375,1920.58203125,99.95703125,99.95703125,0.0,250.0,250.0,
1,sne_benchmark_2819321_1,OK,4,2,256,2048,196.6257293447852,60.92654088884592,126.6350568421185,133.4187163822353,54.79236980900168,56.06010462529957,57.45342651382089,11.964254152029753,12.66350568421185,18.322429448366165,3902.276615537108,"[2638.6184728015683, 4058.5396017460657, 4058.650285322246, 4060.574612217512, 4051.273197654145, 4045.5633758876975, 4056.5557476726926, 4040.268684875574, 3965.016704881917, 4047.7054723116657]","[19.4040936678648, 12.615375239402056, 12.615031205117702, 12.609052877873182, 12.638002302497625, 12.655839309096336, 12.621544774621725, 12.672424532473087, 12.912934247404337, 12.649141680449247]",1734.0478515625,1739.6875,23.76513671875,23.76513671875,0.0,62.0,62.0,
1,sne_benchmark_2819321_1,OK,4,1,64,256,62.354113940149546,33.15630954504013,21.621680729091167,27.490793399512768,27.932140178978443,29.0833157626912,29.673731669783592,1.813454553484917,2.162168072909117,5.0834757052361965,2532.0842830233173,"[1048.2643051605123, 2703.7083592398067, 2713.2770547270175, 2698.936123278676, 2708.722498468472, 2683.341196197256, 2700.7687012191163, 2607.8370158066105, 2721.1930252168163, 2734.7945509188885]","[6.105330467224121, 2.367119211703539, 2.3587712831795216, 2.3713047318160534, 2.3627374172210693, 2.385086178779602, 2.369695708155632, 2.4541410990059376, 2.351909600198269, 2.340212356299162]",1911.6171875,1920.96875,12.4990234375,12.4990234375,0.0,22.0,22.0,
1,sne_benchmark_2819321_1,TIMEOUT,2,32,1024,65536,,,,,,,,,,,,,,,,,,,,,Subprocess timed out after configured timeout_s
1,sne_benchmark_2819321_1,OK,2,20,256,10240,916.560635689646,237.47802276536825,663.8265758045018,676.2506924495101,228.30606251582503,231.2166899163276,234.12731731683016,59.33519580960274,66.38265758045017,112.33439222723246,3913.486465439984,"[2248.4752494956606, 4218.297930428533, 4036.4770074442454, 4143.410906421846, 4208.348216589797, 4134.371563623218, 4090.5683179555094, 4071.867735988287, 3997.1900273040224, 3985.857699148714]","[113.85493349656463, 60.68798463791609, 63.4216420724988, 61.78484484925866, 60.831468030810356, 61.91993052884936, 62.58299094438553, 62.87041146680713, 64.04499116912484, 64.22707967087626]",3409.38671875,3411.92578125,36.759765625,36.759765625,0.0,72.0,72.0,
1,sne_benchmark_2819321_1,OK,2,16,64,2048,554.4034953825176,178.00316792726517,366.8277475684881,373.790216896683,168.97820343077183,171.8029484692961,174.62769350782037,31.076564010232687,36.682774756848815,76.03132996708155,1465.835532178283,"[663.0039335496552, 1496.1054342430957, 1614.6606548147734, 1614.4478987952662, 1587.1746620990248, 1556.576234873033, 1562.841227245824, 1530.0228812511823, 1500.1064259830089, 1533.4159689279682]","[77.22427788004279, 34.22218703851104, 31.7094491943717, 31.713627945631742, 32.25857948884368, 32.892703134566545, 32.76084550842643, 33.463551837950945, 34.130911722779274, 33.38950489461422]",2997.439453125,2998.73828125,9.264892578125,9.27001953125,0.0,26.0,26.0,
1,sne_benchmark_2819321_1,OK,2,10,1024,20480,573.1283328011632,192.62242804840207,358.5569111853838,377.94186021760106,173.57922685146332,181.5098879840225,189.44054911658168,32.67453893646598,35.85569111853838,59.65034268051386,13951.807688128249,"[8268.32892395708, 14625.342953296144, 14518.071147037488, 14845.484489783032, 14598.80940725422, 14480.440741311091, 14563.385849199802, 14495.138311467674, 14611.00336609464, 14512.071691881292]","[61.92303241789341, 35.00772608444095, 35.266392815858126, 34.488601591438055, 35.07135313004255, 35.35803979635239, 35.15665967389941, 35.32218796387315, 35.042083501815796, 35.280972342938185]",2453.28125,2457.4453125,117.142578125,117.142578125,0.0,260.0,260.0,
1,sne_benchmark_2819321_1,OK,2,8,256,4096,343.69333035871387,114.92186222970486,218.0708884298801,226.319978967309,109.2627175413072,110.47883542254569,111.69495330378412,19.259686902165413,21.807088842988016,41.319721069186926,4756.533057990676,"[2405.771433953043, 5055.999036810134, 5108.213615633921, 5120.765448548063, 5053.643322824195, 5091.304401834796, 4982.145280225163, 4870.1030354911345, 4882.224952397287, 4995.160052189019]","[42.564309541136026, 20.253168415278196, 20.046146795153618, 19.99701041355729, 20.262609262019396, 20.11272395402193, 20.55339502170682, 21.026249188929796, 20.974043801426888, 20.499843634665012]",2272.583984375,2277.8515625,28.0966796875,28.0966796875,0.0,66.0,66.0,
1,sne_benchmark_2819321_1,OK,2,4,64,512,166.47208992019296,68.59779532626271,89.32095023617148,95.52546501532196,65.18285907804966,65.21211174502969,65.24136441200972,7.663702357560396,8.932095023617148,19.19044030457735,1442.4386990657677,"[629.9085339591769, 1540.2656229092254, 1541.1154637758034, 1556.419763313707, 1492.286486056348, 1533.4661831261078, 1559.0520447265508, 1517.8142831521563, 1491.6342123090005, 1562.4243973296013]","[20.320410519838333, 8.31025493890047, 8.305672287940979, 8.224002484232187, 8.577441476285458, 8.347102884203196, 8.210117194801569, 8.433179304003716, 8.581192288547754, 8.192396394908428]",1923.56640625,1927.64453125,6.650390625,6.650390625,0.0,24.0,24.0,
1,sne_benchmark_2819321_1,OK,2,1,1024,2048,81.27781614661217,44.93474223464728,27.4358322173357,34.48881330341101,40.91834656894207,41.2384394351393,41.55853230133653,2.182681232690811,2.7435832217335703,6.281686943024397,16086.118396324951,"[6807.151356244673, 17272.900594780975, 18190.74235710253, 16481.319123982485, 17298.864330852524, 16396.932895988426, 17039.1098852964, 17062.980769904043, 17368.46362588443, 16942.719023213056]","[7.521501626819372, 2.9641807824373245, 2.8146185018122196, 3.1065474562346935, 2.9597318656742573, 3.122535191476345, 3.0048517994582653, 3.0006480515003204, 2.9478715620934963, 3.0219470635056496]",1928.712890625,1934.2578125,77.26904296875,77.26904296875,0.0,244.0,244.0,
1,sne_benchmark_2819321_1,TIMEOUT,1,40,256,10240,,,,,,,,,,,,,,,,,,,,,Subprocess timed out after configured timeout_s
1,sne_benchmark_2819321_1,OK,1,32,64,2048,1185.4179750680923,310.2521494142711,865.2211991623044,872.0399390384555,307.0917281731963,307.0917281731963,307.0917281731963,76.54816133156419,86.52211991623044,154.9985348507762,612.339055272743,"[327.7705508986818, 645.5372626772945, 639.2314348675894, 632.4580308131963, 634.3482554494502, 633.3064985294069, 663.4655287261065, 655.1710573010845, 632.6555962427306, 659.4463372218901]","[156.20683389529586, 79.31377932801843, 80.09618614986539, 80.95398825779557, 80.71276236698031, 80.84553074836731, 77.17055036500096, 78.14753022044897, 80.9287079796195, 77.64088919758797]",4458.86328125,4458.86328125,12.76318359375,12.76318359375,0.0,28.0,28.0,
1,sne_benchmark_2819321_1,OK,1,16,1024,16384,856.5278682559729,288.56468603014946,547.9047278538346,565.2790975421667,285.3552541099489,285.3552541099489,285.3552541099489,50.59860651567578,54.79047278538346,88.8343878313899,7446.390327340645,"[4499.70009871661, 7739.572341968971, 7741.442600965717, 7738.422522590744, 7836.72850964608, 7824.754587499542, 7760.278605857603, 7741.453757806143, 7819.939866279867, 7761.610382075174]","[91.02828877791762, 52.922820784151554, 52.910035133361816, 52.930684361606836, 52.26670791208744, 52.34668965265155, 52.781610146164894, 52.9099588803947, 52.378919404000044, 52.772553611546755]",3000.30078125,3000.30078125,134.328125,134.328125,0.0,270.0,270.0,
1,sne_benchmark_2819321_1,OK,1,12,256,3072,492.097056362778,150.08787138015032,331.6864642649889,339.398425206542,146.88917485252023,146.88917485252023,146.88917485252023,29.747569669038057,33.16864642649889,58.20003059506416,2352.1867329707893,"[1291.2149257080043, 2521.8179976925735, 2399.6869016102246, 2501.2837668308853, 2497.4161486597554, 2467.9232549376793, 2457.9281843467547, 2501.8607829316247, 2426.2557131541325, 2456.4796538362566]","[59.47886635363102, 30.454219959676266, 32.00417518988252, 30.704233169555664, 30.751783214509487, 31.119282111525536, 31.245827477425337, 30.697151705622673, 31.653712172061205, 31.264252435415983]",2639.8203125,2639.8203125,30.984375,30.984375,0.0,68.0,68.0,
1,sne_benchmark_2819321_1,OK,1,10,64,640,327.176931951195,124.30147347971796,193.8126450702548,200.27426812052727,121.06767028197646,121.06767028197646,121.06767028197646,15.912740625441074,19.38126450702548,45.558091800659895,878.4234266412875,"[342.67784392742954, 943.809210875187, 937.1020689038389, 966.2638835078042, 930.6322114845099, 930.9430012594241, 953.8973456072454, 933.356996753731, 919.6898130090528, 925.861891084652]","[46.69108401238918, 16.952578779309988, 17.073913857340813, 16.558623656630516, 17.19261358305812, 17.18687393143773, 16.77329334616661, 17.142422519624233, 17.39716997370124, 17.281195126473904]",2476.296875,2476.296875,7.9501953125,7.9501953125,0.0,26.0,26.0,
1,sne_benchmark_2819321_1,OK,1,4,1024,4096,224.4017505981028,98.9829335436225,115.0961327329278,123.05820732563734,95.72030025348069,95.72030025348069,95.72030025348069,10.304570842534304,11.50961327329278,21.790447656065226,8736.408507009206,"[4455.0344550609125, 9268.802610851128, 9223.133989510761, 9088.739741905845, 9128.701181676559, 9274.039760195568, 9283.636389263826, 9249.944509551382, 9263.250204599233, 9128.802227476852]","[22.98523188382387, 11.047813218086958, 11.102516792714596, 11.26668855175376, 11.217367943376303, 11.041574399918318, 11.030160564929247, 11.070336680859327, 11.054435294121504, 11.217243779450655]",1905.41015625,1905.41015625,99.95703125,99.95703125,0.0,250.0,250.0,
1,sne_benchmark_2819321_1,OK,1,2,256,512,125.91939466819169,60.02383340895176,57.544826585799456,63.52265214920044,56.84452740475536,56.84452740475536,56.84452740475536,4.883902296423912,5.754482658579946,11.657487910240889,2144.903529622354,"[1004.0515691054306, 2228.3316626317583, 2229.8435957362044, 2207.623620282556, 2212.2813208775246, 2234.373855606254, 2258.9143037149606, 2355.9184580435776, 2355.238667981037, 2362.458242244238]","[12.74834918230772, 5.744207747280598, 5.740312919020653, 5.798089802265167, 5.7858825996518135, 5.72867426276207, 5.666438952088356, 5.433125223964453, 5.4346933811903, 5.418085183948278]",1796.2890625,1796.2890625,23.76513671875,23.76513671875,0.0,62.0,62.0,
1,sne_benchmark_2819321_1,OK,1,1,64,64,72.00471716746688,50.25431236624718,12.70048988237977,18.8065971955657,47.02244605496526,47.02244605496526,47.02244605496526,0.8577871508896351,1.270048988237977,4.856730882078409,1080.4673451495164,"[245.8336812712507, 1157.2466880000993, 1186.2865883399631, 1171.3333668781765, 1178.3315582595756, 1172.4276215950802, 1178.6647864528688, 1174.2170012628274, 1160.6823745526222, 1179.6497848827007]","[6.508465364575386, 1.3825919888913631, 1.3487465977668762, 1.3659646734595299, 1.35785211622715, 1.3646897859871387, 1.3574682287871838, 1.3626101464033127, 1.378499437123537, 1.3563347533345222]",2001.3125,2001.3125,12.4990234375,12.4990234375,0.0,22.0,22.0,
1,sne_benchmark_2819564_1,OK,1,1,64,64,77.7002200782299,54.35687978565693,13.27693670615554,20.41965726390481,51.328685227781534,51.328685227781534,51.328685227781534,0.888206958770752,1.3276936706155538,5.1384457014501095,999.8261327727856,"[224.38643230998727, 1073.5414099218888, 1097.9369592109633, 1091.6117762216334, 1081.5179706545453, 1085.9644955730591, 1083.718681777166, 1084.7735040839268, 1081.9005142154863, 1092.9095837592001]","[7.130555905401707, 1.490394301712513, 1.4572785682976246, 1.4657225534319878, 1.4794021397829056, 1.4733446687459946, 1.4763979129493237, 1.474962279200554, 1.4788790456950665, 1.4639820381999016]",2003.22265625,2003.22265625,12.4912109375,12.4912109375,0.0,22.0,22.0,
1,sne_benchmark_2819564_1,OK,2,8,4096,65536,751.7363346926868,340.21636698022485,353.70510547980666,409.2739397212863,284.6309878006577,310.84484546259046,337.0587031245232,33.242988396435976,35.370510547980665,53.15612790733576,40604.61596045727,"[28287.6287143731, 41683.295724167154, 41749.1132198769, 41855.809040516826, 41766.08872125613, 42040.42924418367, 42216.26273561128, 42162.16562992073, 41718.847090263436, 42566.51948440342]","[57.91931223869324, 39.30591311305761, 39.2439473234117, 39.143909472972155, 39.22799692675471, 38.97200931236148, 38.80968834832311, 38.85948398336768, 39.27241796627641, 38.490344520658255]",2296.435546875,2300.671875,444.77734375,444.77734375,0.0,996.0,996.0,
1,sne_benchmark_2819564_1,OK,2,8,32,512,284.5380008518696,108.96155231446028,167.5226055532694,173.16505263373256,105.83392291143537,105.83401276543736,105.83410261943936,14.21608417108655,16.752260555326938,37.44647184759378,803.0651060107334,"[332.9995665797377, 846.9427173833848, 844.824845742408, 852.2129927050756, 865.1930253463132, 848.7303441046629, 862.0631555372685, 861.6269709854189, 868.3468665911284, 847.7105751319364]","[38.438488468527794, 15.113182671368122, 15.151069555431604, 15.019719377160072, 14.794386483728886, 15.081350736320019, 14.848100069910288, 14.855616677552462, 14.740653179585934, 15.099493123590946]",2304.59765625,2307.09765625,4.149169921875,4.15234375,0.0,26.0,26.0,
1,sne_benchmark_2819321_1,ERROR,80,4,64,20480,,,,,,,,,,,,,,,,,,,,,
1,sne_benchmark_2819321_1,ERROR,80,1,1024,81920,,,,,,,,,,,,,,,,,,,,,
1,sne_benchmark_2819564_1,OK,2,1,256,512,64.85870986431837,41.70435653626919,15.906504716724156,21.499598637223244,38.58822129294276,38.58822572417557,38.58823015540838,1.155860871076584,1.5906504716724157,5.420092340558767,7076.774240451655,"[2000.4129491579633, 7571.031678695926, 7647.708579379438, 7659.8039304879985, 7524.372960605118, 7666.999103971788, 7683.46853623964, 7654.749416082535, 7670.845917480532, 7688.349332415612]","[6.398678835481405, 1.6906546615064144, 1.6737039424479008, 1.6710610501468182, 1.7011384293437004, 1.6694928258657455, 1.665914285928011, 1.6721644699573517, 1.668655600398779, 1.6648567132651806]",1919.56640625,1925.26171875,25.42626953125,25.42626953125,0.0,62.0,62.0,
1,sne_benchmark_2819564_1,ERROR,1,160,384,61440,,,,,,,,,,,,,,,,,,,,,
1,sne_benchmark_2819564_1,ERROR,1,128,512,65536,,,,,,,,,,,,,,,,,,,,,
1,sne_benchmark_2819564_1,ERROR,1,96,1024,98304,,,,,,,,,,,,,,,,,,,,,
1,sne_benchmark_2819564_1,ERROR,1,64,2048,131072,,,,,,,,,,,,,,,,,,,,,
1,sne_benchmark_2819564_1,ERROR,1,40,4096,163840,,,,,,,,,,,,,,,,,,,,,
1,sne_benchmark_2819564_1,OK,1,40,32,1280,1518.033808119595,400.2237056158483,1107.7659859769046,1114.9146961905062,397.03753146901727,397.03753146901727,397.03753146901727,94.31710486486554,110.77659859769048,200.88871112838387,300.0974875293073,"[158.40504207390603, 310.422808406939, 304.92466519774615, 325.1973410997848, 309.0045829956127, 317.7146460322585, 336.93060563073146, 299.89031467322593, 317.1826373093831, 321.3022318734848]","[202.01377166435122, 103.08520873263478, 104.94395387545228, 98.40178856253624, 103.55833460390568, 100.71931023523211, 94.97504668682814, 106.70568015798926, 100.88824618980289, 99.59470188990235]",5106.10546875,5106.10546875,8.67041015625,8.67041015625,0.0,28.0,28.0,
1,sne_benchmark_2819564_1,OK,1,32,64,2048,1351.9889233112335,335.7123830281198,1006.321228530258,1013.4923791848124,332.5699011981487,332.5699011981487,332.5699011981487,90.65743093192576,100.6321228530258,167.32054152339697,521.338981519692,"[303.90287855769463, 551.39049955519, 541.6036628223726, 534.2419622721482, 560.4230246154627, 529.3197137562647, 545.8870599761333, 545.7766945480066, 542.660416010181, 558.1839030834658]","[168.47487672045827, 92.85615193098783, 94.5340726338327, 95.83672495931387, 91.3595583178103, 96.72792958468199, 93.7922946959734, 93.81126111000776, 94.34998111054301, 91.72604175284505]",4423.203125,4423.203125,12.76318359375,12.76318359375,0.0,28.0,28.0,
1,sne_benchmark_2819564_1,OK,1,20,128,2560,942.6667473129928,237.8410019055009,695.2285444065928,702.3611970879138,234.68535187840465,234.68535187840465,234.68535187840465,63.487276043742895,69.52285444065929,112.83642352744936,937.2966565800898,"[561.6417539273345, 975.3221563911869, 997.4722324883714, 972.0722490638907, 976.1009422683167, 967.8737759399049, 970.6350118828755, 985.9872303387581, 975.9606043219528, 989.9006091783068]","[113.95164186507463, 65.619343906641, 64.1621870920062, 65.83872758597136, 65.566989261657, 66.12432487681508, 65.9362162053585, 64.90956275165081, 65.57641744613647, 64.65295546501875]",3349.88671875,3349.88671875,18.6083984375,18.6083984375,0.0,48.0,48.0,
1,sne_benchmark_2819564_1,OK,1,16,256,4096,774.1637539491057,194.4239416308701,569.5099669285119,577.387883450836,191.24374009296295,191.24374009296295,191.24374009296295,52.72042329236865,56.950996692851184,91.4757431820035,1821.7505238031465,"[1105.291980008236, 1887.5088302239835, 1898.5856319998175, 1910.2022737352631, 1902.9185749069634, 1907.2870563768145, 1914.2751374390878, 1887.0655021251468, 1893.047891555074, 1911.322359661076]","[92.64520312473178, 54.25140182673931, 53.93488619849086, 53.606888342648745, 53.81207653880119, 53.688824478536844, 53.492832873016596, 54.264147102832794, 54.09266213327646, 53.57547327503562]",3017.2421875,3017.2421875,33.8720703125,33.8720703125,0.0,70.0,70.0,
1,sne_benchmark_2819564_1,OK,1,12,384,4608,651.0489935614169,206.58523785322905,433.9835076779127,441.8982945084572,203.4532791301608,203.4532791301608,203.4532791301608,39.8471314907074,43.39835076779127,72.50320917367935,2690.82159047654,"[1563.1720775043289, 2810.032431898594, 2787.826592613977, 2829.6500241969998, 2793.463375899079, 2811.5583178824695, 2826.1407482322234, 2820.63352507892, 2825.6089250480786, 2840.1298864107275]","[73.69630103930831, 40.995968122035265, 41.32251277938485, 40.71174845471978, 41.23913024738431, 40.97371883317828, 40.76230105385184, 40.84188852459192, 40.769973147660494, 40.56152521446347]",2683.77734375,2683.77734375,46.287109375,46.287109375,0.0,110.0,110.0,
1,sne_benchmark_2819564_1,OK,1,10,512,5120,523.4347851723433,148.83396947011352,363.5683963783085,372.3349229246378,145.65581520274282,145.65581520274282,145.65581520274282,33.457243487238884,36.35683963783085,58.88942605257034,3534.3838967455763,"[2127.34521404081, 3678.426367494989, 3677.423017678804, 3665.5098048278874, 3732.6951346529618, 3685.7698255272794, 3683.997796293793, 3703.3441407715186, 3701.5024414241893, 3687.8252247435307]","[60.16888991743326, 34.79748871177435, 34.8069828748703, 34.92010847479105, 34.29157629609108, 34.728158853948116, 34.74486334621906, 34.56335547938943, 34.58055263385177, 34.708803210407495]",2453.0390625,2453.0390625,58.7216796875,58.7216796875,0.0,132.0,132.0,
1,sne_benchmark_2819564_1,OK,4,10,64,2560,653.6424736976624,166.35306917876005,476.697980388999,484.7247906625271,161.904708892107,162.5437377486378,163.12735199183226,44.720481522381306,47.6697980388999,71.06928274035454,1345.5496913685422,"[885.4186769036221, 1400.119820493499, 1399.8317888041045, 1386.0150853020098, 1390.6376428101655, 1401.3615231395281, 1388.9344716183948, 1408.8887022537253, 1395.6727722997396, 1398.6164300606333]","[72.28218883275986, 45.71037354320288, 45.71977898478508, 46.1755435988307, 46.02205350250006, 45.669871009886265, 46.07848772406578, 45.42587352544069, 45.85602103173733, 45.759508199989796]",2484.86328125,2492.2421875,7.96044921875,7.96044921875,0.0,26.0,26.0,
1,sne_benchmark_2819564_1,OK,4,8,128,4096,574.2296647503972,123.38575702905656,439.9566309452057,448.2119931131601,118.00269377231598,119.38371120207012,120.27794349193572,41.7822870016098,43.995663094520566,61.69594289362431,2315.392109102037,"[1629.97619541702, 2392.048634596747, 2393.8094568257425, 2393.4865484934194, 2371.363966289234, 2403.8344103707036, 2391.886127380701, 2381.481219964374, 2394.1198324783136, 2401.9146992041187]","[62.823003359138966, 42.80849415808916, 42.77700537443161, 42.7827764749527, 43.181899301707745, 42.59860810637474, 42.81140261143446, 42.99844951182604, 42.771459728479385, 42.63265470415354]",2316.2109375,2329.6953125,14.21826171875,14.21826171875,0.0,44.0,44.0,
1,sne_benchmark_2819564_1,OK,1,2,4096,8192,234.89191134646532,140.30410267412665,82.21728506684303,92.145504783839,137.1748398989439,137.1748398989439,137.1748398989439,7.287073813378811,8.221728506684304,16.265299428254366,23435.370654480197,"[11610.725307202994, 24792.158882138803, 24435.535591502216, 24880.2725132886, 24886.943371801743, 24286.785654170835, 24495.320076476793, 24974.48443933923, 24931.507247665795, 25059.973461214915]","[17.6388636007905, 8.260676328092813, 8.381236385554075, 8.23142109438777, 8.229214690625668, 8.432569172233343, 8.360780727118254, 8.200369480997324, 8.21450536325574, 8.172394927591085]",1747.59765625,1747.59765625,376.10546875,376.10546875,0.0,956.0,956.0,
1,sne_benchmark_2819564_1,OK,1,2,32,64,127.69699397310616,77.90975908190012,42.0980315990746,47.48160325735808,74.79341106489301,74.79341106489301,74.79341106489301,3.251837756484747,4.209803159907461,11.917175881564615,387.4977931654777,"[124.21223425683316, 423.59399221938605, 427.9115219528721, 397.39842486460583, 426.315313206816, 423.4175936422939, 416.84732737703433, 398.87504048902707, 423.71831890608826, 412.68816473982054]","[12.881178811192513, 3.777201823890209, 3.739090718328953, 4.026186063885689, 3.753090612590313, 3.778775431215763, 3.8383357524871826, 4.011281322687864, 3.7760935239493847, 3.8770193494856358]",1794.04296875,1794.04296875,3.29833984375,3.29833984375,0.0,26.0,26.0,
1,sne_benchmark_2819564_1,OK,4,1,512,2048,102.92633299529552,70.15395516902208,24.61461161822081,31.08193603157997,66.84569641947746,66.89961703121662,66.92018328607082,2.029855139553547,2.4614611618220805,6.287692010402679,18187.21938259075,"[6969.562353334259, 19223.28592763688, 19389.965575777165, 19454.059321098775, 19429.143590672124, 19445.511581108505, 19415.07519572103, 19499.57620901017, 19528.300077235697, 19517.71399431289]","[7.3462288454174995, 2.6634364277124405, 2.640541046857834, 2.631841465830803, 2.635216511785984, 2.6329983547329903, 2.6371260210871696, 2.6256980895996094, 2.6218359917402267, 2.6232580319046974]",1951.091796875,1964.57421875,42.70556640625,42.70556640625,0.0,122.0,122.0,
1,sne_benchmark_2819564_1,ERROR,2,160,1024,327680,,,,,,,,,,,,,,,,,,,,,
1,sne_benchmark_2819564_1,ERROR,2,128,2048,524288,,,,,,,,,,,,,,,,,,,,,
1,sne_benchmark_2819564_1,ERROR,2,96,4096,786432,,,,,,,,,,,,,,,,,,,,,
1,sne_benchmark_2819564_1,ERROR,2,96,32,6144,,,,,,,,,,,,,,,,,,,,,
1,sne_benchmark_2819564_1,OK,2,64,64,8192,3330.9573171064258,696.1909982487559,2619.656600892544,2630.258142665029,692.9710673093796,693.0040353983641,693.0370034873486,239.2348907031119,261.9656600892544,416.9161599576473,799.0877346091447,"[489.5535627004148, 847.4736335712415, 828.1411667965081, 820.3462429284907, 830.9133471485411, 836.0998007746388, 812.6596238169815, 832.9557523419811, 839.9945911845041, 852.7396248281461]","[418.3403320983052, 241.65943562984467, 247.30083252862096, 249.6506831906736, 246.47576152533293, 244.94683506712317, 252.01202815771103, 245.87140364199877, 243.81109372526407, 240.16709677502513]",7220.572265625,7221.58203125,19.74951171875,19.74951171875,0.0,32.0,32.0,
1,sne_benchmark_2819564_1,OK,2,40,128,10240,2098.5430321656168,420.0923726223409,1663.515737619251,1675.1112034656107,416.9226473085582,416.9362058155239,416.9497643224895,155.32212936133146,166.3515737619251,249.7950490526855,1558.3408525879931,"[1018.8567656594917, 1597.127708603674, 1635.9930905518772, 1603.36135115547, 1622.2652382387391, 1605.1783580059343, 1619.981251231949, 1637.1970901899233, 1619.4554357117977, 1623.992236531074]","[251.26201113685966, 160.28774569556117, 156.4798784777522, 159.66456957161427, 157.80403473228216, 159.48383475467563, 158.0265202485025, 156.36480270698667, 158.07782934606075, 157.63622155413032]",5100.65625,5101.30859375,25.92529296875,25.92529296875,0.0,52.0,52.0,
1,sne_benchmark_2819564_1,OK,2,32,256,16384,1817.745042409748,464.99623592942953,1334.2069912217555,1349.7230843417346,461.83850264176726,461.8644906654954,461.8904786892235,124.87915385887028,133.42069912217556,203.2535483278334,3098.6111347391598,"[1995.6598402211341, 3208.9790726482033, 3213.133517584797, 3201.1743921897814, 3229.1133993834064, 3201.644864189428, 3242.989487443054, 3231.032123499327, 3232.723404047421, 3229.6612461850423]","[205.24539891257882, 127.64184207096696, 127.4768065996468, 127.95304154604673, 126.84596337750554, 127.9342392347753, 126.30321547016501, 126.77063685655594, 126.70431360974908, 126.82444652169943]",4430.130859375,4438.23828125,45.4228515625,45.4228515625,0.0,76.0,76.0,
1,sne_benchmark_2819564_1,OK,2,20,384,15360,1067.6724816262722,256.54788140952587,791.400682669133,808.5952196381986,253.20440923422572,253.29282658733428,253.3812439404428,73.85146863758564,79.14006826691329,122.5637980811298,4855.523686900514,"[3083.8129705721044, 5027.592665041991, 5035.64697538544, 5050.033675549616, 5047.061133164153, 5074.214555780867, 5032.423236560419, 5041.066790590399, 5092.764104591782, 5070.620761768371]","[124.5211702734232, 76.37850271165371, 76.25633843615651, 76.03909689933062, 76.08388126641512, 75.67673691734672, 76.30518776923418, 76.17435276135802, 75.40109695121646, 75.7303726784885]",3362.447265625,3368.98046875,54.9111328125,54.9111328125,0.0,116.0,116.0,
1,sne_benchmark_2819564_1,OK,2,16,512,16384,856.7279037982225,223.94150565564632,615.034674283117,630.3472213931382,214.20053036510944,217.5180681273341,220.8356058895588,56.425446055829525,61.50346742831171,97.1515695936978,6660.495246786554,"[4138.4784095568275, 6736.960470774736, 6775.489813699782, 6724.1874530645555, 6989.600434385869, 7025.747471931223, 7047.833623588213, 7013.470923135279, 7062.263551283352, 7090.920316445705]","[98.9735742136836, 60.798931770026684, 60.453193977475166, 60.914423171430826, 58.60134693607688, 58.2998466193676, 58.11714944988489, 58.40189607813954, 57.998401932418346, 57.76401111856103]",3013.623046875,3017.75,67.326171875,67.326171875,0.0,136.0,136.0,
1,sne_benchmark_2819564_1,OK,2,12,1024,24576,742.3434678278863,229.6006205901504,488.3393205702305,510.35065389052033,226.24255621805787,226.37768007442355,226.51280393078923,45.40584922581911,48.83393205702305,75.52940749377012,12301.940509695274,"[7866.533611526552, 12637.460205886211, 12627.447735127935, 12662.840145133938, 12720.283278089946, 12780.852915488307, 12926.526998512223, 12851.75215580065, 12944.428095600373, 13001.27995578661]","[78.10301593318582, 48.61736377328634, 48.6559131257236, 48.519920725375414, 48.30081111937761, 48.07190913334489, 47.53016800805926, 47.80671091005206, 47.46443763002753, 47.25688563659787]",2646.8671875,2648.48828125,122.87109375,122.87109375,0.0,264.0,264.0,
1,sne_benchmark_2819564_1,OK,2,10,2048,40960,721.583084449172,268.3952874466777,420.6684323698282,450.6881640031934,237.13205413892865,251.16677898913625,265.2015038393438,39.11201010644436,42.06684323698282,64.0021365210414,23159.722585716085,"[15219.287581375802, 23592.84065002876, 23809.452224974313, 23838.25860715237, 23925.396352850403, 23908.92439213718, 24128.229393261565, 24336.52712102149, 24457.03132979036, 24381.278204568614]","[67.28304426372051, 43.402997341006994, 43.00812930613756, 42.9561578668654, 42.79970893263817, 42.829195626080036, 42.43991481140256, 42.07666915282607, 41.86934980750084, 41.99943872541189]",2459.978515625,2460.6875,233.984375,233.984375,0.0,516.0,516.0,
1,sne_benchmark_2819564_1,OK,8,16,256,32768,2755.5561434030533,486.74036221951246,2237.43505358696,2265.3345460891724,464.1115079373121,473.1114239981398,483.095557525754,219.3025638833642,223.743505358696,254.07068860530853,3622.947403172791,"[3183.454781505154, 3669.7467808853903, 3659.1328387166354, 3658.241936208322, 3683.4941640470847, 3670.555053282214, 3670.29604138699, 3670.623010548772, 3691.8218389612225, 3672.1075861861227]","[257.33049665391445, 223.23066110908985, 223.87817991524935, 223.93270163238049, 222.39752895385027, 223.1815047338605, 223.19725459814072, 223.17737279087305, 221.89586489647627, 223.08714567124844]",3012.99951171875,3036.93359375,33.8720703125,33.8720703125,0.0,70.0,70.0,
1,sne_benchmark_2819564_1,OK,8,12,384,36864,2253.1541041880846,554.3634210303426,1663.957033328712,1695.673163741827,539.1259304434061,543.903217792511,550.7562898173928,163.01906793564558,166.3957033328712,190.40272630006075,5446.539319411488,"[4744.953333225604, 5493.9459209579745, 5519.340955097941, 5505.836751970545, 5483.916158447692, 5515.673552342985, 5538.81727196994, 5541.152353152111, 5562.329048827723, 5559.427848122362]","[194.22741074115038, 167.74828388541937, 166.97645742446184, 167.38600171357393, 168.05508570373058, 167.0874810218811, 166.3893128708005, 166.31919522583485, 165.68599086999893, 165.77245450019836]",2654.38525390625,2665.12890625,46.287109375,46.287109375,0.0,110.0,110.0,
1,sne_benchmark_2819564_1,OK,2,4,64,512,176.12194534391165,79.53946295008063,88.65595021098852,94.33601501584052,76.37819071114063,76.38448908552527,76.39078745990992,7.531231846660376,8.865595021098851,20.241681914776564,1479.1698032964966,"[602.6486938358034, 1579.4520715848432, 1564.4621253363505, 1567.2009212883572, 1590.5802675100758, 1563.4636433536743, 1574.1360434454668, 1581.8405080037526, 1578.8070132661542, 1589.1067453404874]","[21.23957146331668, 8.104076236486435, 8.181725714355707, 8.167427562177181, 8.047377590090036, 8.186950847506523, 8.131444580852985, 8.09183981269598, 8.107387345284224, 8.054839637130499]",1941.626953125,1954.6015625,6.650390625,6.650390625,0.0,24.0,24.0,
1,sne_benchmark_2819564_1,OK,2,2,128,512,125.10538351163268,60.77999913692474,56.33613749220967,62.098916213959455,57.5728015974164,57.57932908274233,57.585856568068266,4.720647394657135,5.633613749220968,12.434234652668238,2226.897868152598,"[953.1765495365017, 2351.476108004372, 2361.9521380053116, 2364.176738187865, 2353.1643744977246, 2357.548171357473, 2358.4898113147315, 2347.3358597786796, 2440.321999701095, 2381.336931142226]","[13.428781904280186, 5.443389348685741, 5.419246137142181, 5.414146833121777, 5.439484015107155, 5.429369442164898, 5.427201736718416, 5.452990438789129, 5.245209444314241, 5.375131856650114]",1754.328125,1758.0,12.0234375,12.0234375,0.0,44.0,44.0,
1,sne_benchmark_2819564_1,ERROR,4,96,128,49152,,,,,,,,,,,,,,,,,,,,,
1,sne_benchmark_2819564_1,ERROR,4,64,256,65536,,,,,,,,,,,,,,,,,,,,,
1,sne_benchmark_2819564_1,ERROR,4,40,384,61440,,,,,,,,,,,,,,,,,,,,,
1,sne_benchmark_2819564_1,ERROR,4,32,512,65536,,,,,,,,,,,,,,,,,,,,,
1,sne_benchmark_2819564_1,ERROR,4,20,1024,81920,,,,,,,,,,,,,,,,,,,,,
1,sne_benchmark_2819564_1,ERROR,4,16,2048,131072,,,,,,,,,,,,,,,,,,,,,
1,sne_benchmark_2819564_1,ERROR,4,12,4096,196608,,,,,,,,,,,,,,,,,,,,,
1,sne_benchmark_2819564_1,OK,4,12,32,1536,660.9520026668906,169.2530046850443,482.319514259696,489.2001709192991,165.82631052285433,165.8957848660648,166.05747624486685,44.53697331249714,48.2319514259696,74.90651586651802,803.3506270111881,"[505.6448535712139, 827.026833863542, 841.9854264180939, 844.5280253828688, 823.7542404738625, 844.9873283627078, 831.2969674427331, 836.3630698912973, 828.084059331462, 849.835465374099]","[75.9426299482584, 46.43138339370489, 45.60649008303881, 45.469183787703514, 46.61584500968456, 45.44446846842766, 46.19287872314453, 45.91307457536459, 46.37210385501385, 45.18521709740162]",2661.44921875,2668.96484375,4.7177734375,4.7177734375,0.0,26.0,26.0,
1,sne_benchmark_2819564_1,OK,20,2,512,20480,890.7469816431403,348.6759024336934,519.0257211849093,539.6046174019575,257.32852663844824,328.9984551407397,344.06400822103024,51.069279067218304,51.90257211849094,57.30636379122734,9500.112001255708,"[8569.141727057275, 9580.846876634934, 9551.842742690083, 9569.390292545822, 9626.503814563892, 9595.550124584875, 9600.885037110656, 9581.156478064086, 9660.758039265937, 9665.04488003952]","[59.74927435070276, 53.43995229154825, 53.6022225022316, 53.50393121689558, 53.18649531155825, 53.35806632786989, 53.32841691374779, 53.43822545558214, 52.99791154265404, 52.97440481185913]",1757.299609375,1802.484375,47.2490234375,47.2490234375,0.0,124.0,124.0,
1,sne_benchmark_2819564_1,OK,20,1,1024,20480,464.3322913572192,347.0357503965497,96.66966312378644,115.49554374814034,303.6536424458027,336.9566281486303,342.5808605775237,9.175441466271876,9.666966312378644,13.39157833904028,44831.628175798105,"[32794.00371316275, 45459.824088986985, 43946.19017651411, 46506.08114310317, 45915.95196187084, 46960.20389472159, 46411.391248898864, 46779.73604388769, 45899.124785725195, 47643.77470110984]","[15.612610295414925, 11.26269206404686, 11.650611758232117, 11.00931292027235, 11.150808773934841, 10.902848742902279, 11.031774446368217, 10.944909982383251, 11.154896795749664, 10.746419720351696]",1919.7201171875,1984.0625,77.26904296875,77.26904296875,0.0,244.0,244.0,
1,sne_benchmark_2819564_1,ERROR,80,4,256,81920,,,,,,,,,,,,,,,,,,,,,
1,sne_benchmark_2819564_1,ERROR,80,2,384,61440,,,,,,,,,,,,,,,,,,,,,
1,sne_benchmark_2819564_1,ERROR,80,1,512,40960,,,,,,,,,,,,,,,,,,,,,
1,sne_benchmark_2819564_1,ERROR,40,8,1024,327680,,,,,,,,,,,,,,,,,,,,,
1,sne_benchmark_2819564_1,OK,4,4,256,4096,339.4898103699088,117.0581544265151,212.68372121453285,220.2120995819569,112.43633092939854,113.12520475313067,113.8667778596282,20.07243904471397,21.26837212145329,31.428837075829502,4735.371859526949,"[3143.661783490248, 4885.3335911338, 4923.102508062793, 4925.882269282257, 4907.076489621498, 4927.9257678228805, 4896.998363173316, 4910.070696021278, 4917.364601480516, 4916.302525180903]","[32.573478654026985, 20.9606975838542, 20.799891903996468, 20.788154162466526, 20.867822259664536, 20.77953378856182, 20.910768680274487, 20.855096869170666, 20.82416259497404, 20.828661270439625]",1935.216796875,1938.94140625,25.208984375,25.208984375,0.0,64.0,64.0,
1,sne_benchmark_2819564_1,OK,4,2,384,3072,198.79175291210413,77.99433107674122,110.90005841106176,118.66553679853678,61.28319123387337,68.17274950258434,74.7971935942769,10.401994816958904,11.090005841106176,16.68442002683878,6600.238358994453,"[4319.239870948058, 6911.314034548807, 6833.242289630178, 6871.349000446987, 6834.9876510300755, 6935.011776483762, 6929.185028567023, 6862.03381429245, 6803.021608418334, 6702.998515578853]","[17.780906431376934, 11.112213917076588, 11.239174135029316, 11.176844604313374, 11.236304134130478, 11.074242189526558, 11.08355451375246, 11.192017130553722, 11.289101287722588, 11.45755885541439]",1763.0947265625,1773.015625,35.50732421875,35.50732421875,0.0,104.0,104.0,
1,sne_benchmark_2819564_1,ERROR,32,8,384,98304,,,,,,,,,,,,,,,,,,,,,
1,sne_benchmark_2819564_1,ERROR,32,4,512,65536,,,,,,,,,,,,,,,,,,,,,
1,sne_benchmark_2819564_1,ERROR,32,2,1024,65536,,,,,,,,,,,,,,,,,,,,,
1,sne_benchmark_2819564_1,ERROR,32,1,2048,65536,,,,,,,,,,,,,,,,,,,,,
1,sne_benchmark_2819564_1,ERROR,20,16,4096,1310720,,,,,,,,,,,,,,,,,,,,,
1,sne_benchmark_2819564_1,OK,20,16,32,10240,3808.232235051692,247.52959389984608,3541.9052465483546,3555.8785361796618,233.1275223940611,237.82034768536687,243.09348875284195,347.2310294806957,354.1905246548355,380.67081558704376,720.3958150236732,"[669.4383854830736, 720.7831476825528, 720.9233397850646, 720.9735602315784, 723.0627305647919, 724.706050722848, 731.6606096421144, 728.3875296609694, 729.5391443629472, 734.4836521007917]","[382.41010009497404, 355.16923616081476, 355.10016928613186, 355.0754342749715, 354.0495024546981, 353.24667117744684, 349.8890013024211, 351.46126145124435, 350.90646194666624, 348.5441769436002]",2988.9615234375,3025.62109375,5.2822509765625,5.283203125,0.0,26.0,26.0,
1,sne_benchmark_2819564_1,OK,20,12,64,15360,3184.4563979506493,293.1975246593356,2871.3800542354584,2887.0530208423734,274.1871185451746,281.69838231094184,288.41303515434265,284.02962210029364,287.13800542354585,306.30448856949806,1330.7247566752949,"[1246.5435365758783, 1335.2808977545185, 1339.3457429011996, 1340.8745081868935, 1334.22567674969, 1344.0251633267421, 1338.5458428794439, 1341.1268100852865, 1342.9438964107137, 1344.3354918825823]","[308.051815867424, 287.5799396559596, 286.7071493938565, 286.38026724755764, 287.8073827326298, 285.70893646776676, 286.87848237901926, 286.3263914436102, 285.9389740899205, 285.6429829597473]",2636.466796875,2672.76171875,8.39697265625,8.39697265625,0.0,26.0,26.0,
1,sne_benchmark_2819564_1,OK,20,10,128,25600,3528.1659734919667,443.1965778619051,3053.942605815828,3080.9548969194293,419.75005895644426,428.9399783186615,438.4637997969985,302.62579010427,305.3942605815828,320.3759348616004,2077.8612041989395,"[1978.2896964685265, 2083.8483710337014, 2088.2975901257773, 2082.7108054443765, 2085.686741472441, 2086.0746796866847, 2090.6563031506234, 2096.2600460587987, 2093.5284083809547, 2093.2594001675116]","[323.5117693543434, 307.12407337129116, 306.4697306677699, 307.29182291030884, 306.85336741805077, 306.7963032349944, 306.123966448009, 305.30563285946846, 305.70399591326714, 305.7432824373245]",2462.9888671875,2491.26953125,14.9501953125,14.9501953125,0.0,44.0,44.0,
1,sne_benchmark_2819564_1,OK,20,8,256,40960,2937.97691090405,670.6365996301174,2228.8956581950188,2263.5422168001533,620.4025980681181,651.8095264893025,666.1067413538694,221.0913119092584,222.88956581950188,235.9777631238103,4525.633854210726,"[4270.315876994554, 4549.880628215656, 4543.293143597299, 4549.629341526714, 4539.677055237861, 4557.368954469229, 4552.65521814139, 4560.505924729163, 4566.347649523572, 4566.664749671824]","[239.79490733146667, 225.0608496516943, 225.38717349618673, 225.07328028976917, 225.56670607626438, 224.69104657322168, 224.92368759214878, 224.53649154305458, 224.2492421939969, 224.23367077112198]",2296.710546875,2341.73046875,28.0966796875,28.0966796875,0.0,66.0,66.0,
1,sne_benchmark_2819564_1,OK,20,4,384,30720,1488.4955870956182,507.8280019313097,951.191258430481,977.8822616040708,437.4911209568381,492.02562835365535,503.2161355242133,93.48844215273856,95.1191258430481,104.16541914641856,7861.403701887522,"[7172.615362089013, 7899.0814079779075, 7880.901936084291, 7897.01181359329, 7925.778070588588, 7919.773875162565, 7944.849721605101, 7967.20764618437, 7999.028052645827, 8007.789132944276]","[107.0739139392972, 97.22649512439966, 97.45077482610941, 97.25197557359934, 96.89900387823582, 96.97246564179659, 96.66639734059572, 96.3951278924942, 96.01166478544474, 95.90662132203579]",1932.3638671875,1962.86328125,37.6630859375,37.6630859375,0.0,106.0,106.0,
1,sne_benchmark_2819564_1,OK,8,10,512,40960,2040.0205213949084,624.7972955331206,1366.6277997791767,1412.452465713024,592.6739859953523,608.1607413338497,621.2174878939986,133.45800862461329,136.6627799779177,157.5026836320758,7265.579256920597,"[6325.848904977432, 7297.763437297704, 7298.658187011671, 7318.504081039736, 7325.053346456929, 7389.1900564918915, 7417.608570507328, 7441.251054630625, 7412.036919217444, 7429.878011575206]","[161.87550720572472, 140.31696269661188, 140.2997611016035, 139.91930436342955, 139.79420375078917, 138.58081767708063, 138.049883633852, 137.61126892268658, 138.15365616232157, 137.82191287726164]",2465.123046875,2478.3671875,58.7216796875,58.7216796875,0.0,132.0,132.0,
1,sne_benchmark_2819564_1,ERROR,8,8,1024,65536,,,,,,,,,,,,,,,,,,,,,
1,sne_benchmark_2819564_1,ERROR,8,4,2048,65536,,,,,,,,,,,,,,,,,,,,,
1,sne_benchmark_2819564_1,ERROR,8,2,4096,65536,,,,,,,,,,,,,,,,,,,,,
1,sne_benchmark_2819564_1,OK,8,2,32,512,256.2551941797137,104.09518443048,143.1387691795826,149.69093972444534,100.06389793008566,100.22243504039945,100.30915878713132,13.226151332259178,14.31387691795826,21.383914709091187,872.2087497068119,"[569.7994460623651, 904.8804885348117, 911.7457518406334, 910.3794677466929, 889.4487639073324, 894.7580986681236, 902.6560526634946, 897.3160458993522, 915.7761229009827, 925.3272588443301]","[22.46404430270195, 14.14551442116499, 14.039001524448395, 14.060071051120758, 14.390935733914375, 14.3055424913764, 14.180373534560204, 14.264762185513973, 13.977215260267258, 13.832943834364414]",1763.6396484375,1791.9609375,3.3046875,3.3046875,0.0,26.0,26.0,
1,sne_benchmark_2819564_1,OK,8,1,64,512,104.8606596812606,59.33148328959942,37.283337004482746,43.75913032889366,55.70803978294134,55.813445965759456,55.92354799807072,3.201932288706302,3.7283337004482746,8.19247318059206,3145.2589575453007,"[1383.9409482110902, 3313.0064985753675, 3318.6195832093067, 3413.839762898081, 3341.964508844777, 3365.277605959481, 3293.1694303910213, 3344.630922774189, 3344.6221453860926, 3333.5181692036]","[9.24894954264164, 3.8635601848363876, 3.8570253923535347, 3.7494437023997307, 3.8300825655460358, 3.803549513220787, 3.886833116412163, 3.827029138803482, 3.8270391821861267, 3.83978708088398]",1937.857421875,1954.15625,12.498046875,12.4990234375,0.0,22.0,22.0,
1,sne_benchmark_2819564_1,OK,10,12,128,15360,2278.3811516687274,342.56024987250566,1916.915428288281,1932.513081267476,337.0711113512516,338.4006484359503,338.7498604729772,188.07269752770665,191.6915428288281,216.68264462053776,1990.4407048341056,"[1758.6223222015549, 2016.0007540942272, 2013.1094252769558, 2009.680367377787, 2021.8653198688605, 2018.3166207917975, 2004.6024195533812, 2018.4041129269403, 2017.2325106632127, 2026.5731955863403]","[218.35273847728968, 190.4761192277074, 190.74969059228897, 191.07516112178564, 189.92362954467535, 190.25756219029427, 191.5591821372509, 190.24931506067514, 190.35981126129627, 189.4824232533574]",2654.63515625,2695.56640625,15.681640625,15.681640625,0.0,46.0,46.0,
1,sne_benchmark_2819564_1,OK,10,10,256,25600,2056.9369978532195,454.9171686172485,1575.8537926599383,1598.9596612602472,440.5064351782203,445.6785202793777,451.0204214155674,154.72525623440742,157.58537926599382,180.19241577386856,4010.820720908783,"[3500.4379472624432, 4049.30679651448, 4067.830676795177, 4064.8304044909496, 4074.8526625910113, 4061.018168025613, 4057.6295027453693, 4077.1367657825444, 4077.8675402494778, 4077.296744630762]","[182.83426520973444, 158.05174370855093, 157.33201572299004, 157.44814329594374, 157.06089348345995, 157.59594602137804, 157.72755979001522, 156.972904458642, 156.94477412104607, 156.96674539148808]",2483.86875,2516.85546875,29.54052734375,29.54052734375,0.0,68.0,68.0,
1,sne_benchmark_2819564_1,OK,10,8,384,30720,1787.9121663942933,528.6900505200028,1229.9391408339145,1256.0563423261046,499.6405484974384,515.257728997618,524.9756330028176,120.33761156350374,122.99391408339145,141.12547466903925,6127.776811879362,"[5325.204013501701, 6192.97629527012, 6189.574258644504, 6200.82733723783, 6216.481168169973, 6229.110080441553, 6220.576041535185, 6217.336087411666, 6228.492526774587, 6257.190309806504]","[144.2198267057538, 124.01145481318235, 124.07961644977331, 123.85444042086601, 123.54256036877632, 123.29208989441395, 123.46123491972685, 123.5255725607276, 123.30431427806616, 122.73879520595074]",2304.915234375,2334.15234375,41.97509765625,41.97509765625,0.0,108.0,108.0,
1,sne_benchmark_2819564_1,OK,10,4,512,20480,859.3818841576576,352.08436692506075,484.8560044616461,504.7516058534384,323.8727311864495,339.78874822705984,348.26652094721794,46.90203385055065,48.48560044616461,59.78641215711832,10196.266421924289,"[8213.813512409499, 10392.660226188287, 10307.828137969595, 10364.010972946991, 10366.356288646912, 10460.687800303782, 10394.760731329032, 10466.278057311783, 10451.042539604012, 10545.225952533003]","[62.33401808142662, 49.26553826034069, 49.670987248420715, 49.40172307193279, 49.39054627716541, 48.94515635818243, 49.25558300316334, 48.91901373118162, 48.990327812731266, 48.552776612341404]",1949.9734375,1972.40234375,50.1171875,50.1171875,0.0,126.0,126.0,
1,sne_benchmark_2819564_1,OK,10,2,1024,20480,670.7872470840812,357.77657229453325,286.3614102676511,310.7064592242241,353.6377675384283,353.96882005184887,354.17896912992,27.714030742645264,28.63614102676511,34.793947875499725,16551.831608476834,"[13587.151529619327, 16723.099144788557, 16684.26875343617, 16834.504257757693, 16787.76478627593, 16935.182941822713, 16868.44719283879, 17200.050407344123, 17118.65241221099, 16779.194658674038]","[37.6826591566205, 30.616334661841393, 30.687590062618256, 30.4137260094285, 30.498402051627636, 30.23291816562414, 30.35252706706524, 29.767354622483253, 29.908896312117577, 30.513979390263557]",1774.213671875,1801.890625,94.228515625,94.228515625,0.0,246.0,246.0,
1,sne_benchmark_2819564_1,OK,10,1,2048,20480,426.84806498140097,347.88886427879333,57.08246257901192,77.2362704873085,343.425635650754,343.9295267060399,344.2310528755188,5.219379507005215,5.708246257901192,9.768599063158035,68210.74520113315,"[41504.2800769186, 68138.79276550413, 66785.56278654293, 69100.79023690266, 68060.10041032986, 74525.96067406026, 72850.8422444672, 75951.29227316631, 70451.02347032515, 74738.80707311443]","[12.336077123880386, 7.514075011014938, 7.666327551007271, 7.40946663916111, 7.5227629244327545, 6.8700892329216, 7.028058759868145, 6.741162456572056, 7.267460070550442, 6.850524112582207]",1941.0265625,1974.47265625,146.39599609375,146.39599609375,0.0,488.0,488.0,
1,sne_benchmark_2819564_1,ERROR,8,40,4096,1310720,,,,,,,,,,,,,,,,,,,,,
1,sne_benchmark_2819564_1,OK,8,40,32,10240,5010.308079473674,608.7944132909179,4382.557485431433,4395.549132250249,605.1219705343246,605.1989240702242,605.2986393347383,419.05926685780287,438.2557485431433,512.1938829794526,584.1758509467917,"[498.4148523829881, 590.1529732584529, 572.7150301358289, 594.9072707994737, 587.1578847749587, 592.9220273549362, 607.3651536307501, 590.1778287095641, 599.0025874022081, 608.9429010187557]","[513.6283535212278, 433.7858345210552, 446.9936819002032, 430.31916496157646, 435.99857319146395, 431.75997549295425, 421.4927354156971, 433.76756554841995, 427.37711887061596, 420.40066412091255]",5125.9921875,5146.4609375,8.673583984375,8.6767578125,0.0,28.0,28.0,
1,sne_benchmark_2819564_1,OK,8,32,64,16384,4419.976519599557,433.63438119739294,3965.01206985116,3981.132810011506,429.2420010566712,429.7222131211311,430.103601410985,386.6625243201852,396.501206985116,462.6407838836312,1031.6521081575029,"[881.8774444730758, 1045.651399346624, 1042.5243856696195, 1038.9139224768069, 1049.2115514201378, 1049.1606960704594, 1051.6802427479336, 1055.0049622456415, 1050.4487668565225, 1052.0477102682075]","[464.46363104879856, 391.7175458818674, 392.8924883008003, 394.25787944346666, 390.38838206231594, 390.4073051288724, 389.4719928652048, 388.24461936950684, 389.92858378589153, 389.335955016315]",4410.4970703125,4430.8046875,12.76190185546875,12.76318359375,0.0,28.0,28.0,
1,sne_benchmark_2819564_1,OK,8,20,128,20480,3156.0160681009293,407.2566605880857,2724.708671048284,2744.924108453095,396.9284954369068,400.43335930723697,403.624576061964,266.37928146868944,272.4708671048284,309.0641165301204,1868.6569631285663,"[1644.2871790239146, 1891.3546094671378, 1880.987445235634, 1884.9736855739745, 1895.2330911513636, 1889.243245684471, 1897.1611166231166, 1897.3878001494472, 1897.0763484902188, 1908.865109886387]","[311.381130091846, 270.70544964820147, 272.19745740294456, 271.62182895094156, 270.1514670625329, 271.0079822540283, 269.87692058086395, 269.84467801451683, 269.8889796435833, 268.2222003787756]",3355.48193359375,3370.12890625,18.6083984375,18.6083984375,0.0,48.0,48.0,
1,sne_benchmark_2819564_1,ERROR,40,4,2048,327680,,,,,,,,,,,,,,,,,,,,,
1,sne_benchmark_2819564_1,ERROR,40,2,4096,327680,,,,,,,,,,,,,,,,,,,,,
1,sne_benchmark_2819564_1,OK,40,2,32,2560,781.7382765486836,104.56961625814438,667.4782246127725,674.5039401501417,75.85508385300636,90.52893498856574,97.67318054288626,65.44601772725582,66.74782246127725,72.05189757049084,949.611700526706,"[875.0252877739757, 951.3770283852018, 954.4404320610068, 968.2854744942467, 962.5063803565931, 955.9914864817555, 961.8008645168223, 958.2018328602358, 959.4169334743755, 949.0712848628458]","[73.14074335247278, 67.27091162651777, 67.05499667674303, 66.09620993584394, 66.49306571483612, 66.94620287418365, 66.54184079170227, 66.79177372157574, 66.7071820050478, 67.43434452265501]",1750.8953125,1786.7734375,3.30203857421875,3.3046875,0.0,26.0,26.0,
1,sne_benchmark_2819564_1,ERROR,40,1,64,2560,,,,,,,,,,,,,,,,,,,,,
1,sne_benchmark_2819564_1,TIMEOUT,32,12,128,49152,,,,,,,,,,,,,,,,,,,,,Subprocess timed out after configured timeout_s
1,sne_benchmark_2819564_1,ERROR,32,10,256,81920,,,,,,,,,,,,,,,,,,,,,
1,sne_benchmark_2819564_1,OK,1,8,1024,8192,462.93415467068553,170.71119033172727,278.159756552428,289.785864584148,167.56834692507982,167.56834692507982,167.56834692507982,25.496151633560658,27.8159756552428,46.481241181492805,7286.604962317346,"[4275.72863695977, 7593.119275730151, 7654.620982353011, 7624.237376947485, 7576.555520413006, 7574.30070006692, 7602.375677240795, 7581.134537651305, 7639.837241633637, 7744.139674177382]","[47.89826890081167, 26.971787557005882, 26.755080424249172, 26.861702997237444, 27.030752886086702, 27.03879976645112, 26.93894759938121, 27.01442626863718, 26.80685380101204, 26.445804003626108]",2289.58984375,2289.58984375,111.4140625,111.4140625,0.0,256.0,256.0,
1,sne_benchmark_2819564_1,OK,1,4,2048,8192,292.5872423872352,147.3289303407073,132.68141542747617,143.03524686396122,144.1833226568997,144.1833226568997,144.1833226568997,11.874805238097906,13.268141542747616,25.188734967261556,15016.498225885667,"[7712.642220181417, 15759.672601247874, 15593.325010270333, 15806.19477171614, 15835.259261085315, 15839.36606234686, 15726.313508172474, 15937.812726816086, 15958.223379013352, 15996.172718006845]","[26.55380531772971, 12.99519382044673, 13.13382488116622, 12.956945233047009, 12.933163683861494, 12.929810397326946, 13.022759586572647, 12.849943935871124, 12.833508789539337, 12.803062558174133]",1919.5,1919.5,199.63671875,199.63671875,0.0,496.0,496.0,
1,sne_benchmark_2820701_1,ERROR,1,42,4096,172032,,,,,,,,,,,,,,,,,,,,,
1,sne_benchmark_2820701_1,ERROR,2,42,4096,344064,,,,,,,,,,,,,,,,,,,,,
1,sne_benchmark_2820701_1,ERROR,4,42,4096,688128,,,,,,,,,,,,,,,,,,,,,
1,sne_benchmark_2817999_1,OK,1,1,32,32,100.86530908569694,73.6789683662355,12.810626436024904,21.773327201604843,70.50751622766256,70.50751622766256,70.50751622766256,0.8420817852020264,1.2810626436024903,5.150562010705471,550.3223967312356,"[81.65504317763346, 598.0885362590824, 607.7100791706948, 601.5270752913547, 606.9536891826324, 602.6564907504728, 599.8494055078415, 600.0051102104903, 600.489945364534, 604.2885923976196]","[9.797312803566456, 1.3375946059823036, 1.3164171986281872, 1.3299484476447105, 1.3180577270686626, 1.3274560421705246, 1.3336680717766285, 1.3333219774067402, 1.3322454541921616, 1.32387076318264]",1998.03515625,1998.03515625,10.35498046875,10.35498046875,0.0,26.0,26.0,
2,sne_benchmark_2820702_2,ERROR,4,44,2048,360448,,,,,,,,,,,,,,,,,,,,,
2,sne_benchmark_2820702_2,ERROR,2,44,2048,180224,,,,,,,,,,,,,,,,,,,,,
2,sne_benchmark_2820702_2,ERROR,1,44,2048,90112,,,,,,,,,,,,,,,,,,,,,
2,sne_benchmark_2817864_2,OK,1,2,32,64,205.3184493407607,145.41175803169608,45.30832453817129,54.26963770017028,142.15893129631877,142.15893129631877,142.15893129631877,3.59072008356452,4.530832453817129,12.097735404968262,352.8383574472917,"[97.16851749951076, 379.1568091656241, 372.317380811212, 379.971750446717, 379.56373889542476, 390.65485316789005, 381.3642865069117, 375.13549665411176, 388.6715140699101, 384.37922725560475]","[16.466238666325808, 4.2198899276554585, 4.297408830374479, 4.210839353501797, 4.215365789830685, 4.095686990767717, 4.1954636462032795, 4.265125572681427, 4.116586737334728, 4.16255584731698]",1800.3203125,1800.3203125,3.3046875,3.3046875,0.0,26.0,26.0,
2,sne_benchmark_2819565_2,OK,40,2,64,5120,968.974666170776,135.98567989468577,820.5772150531411,830.348526366055,92.21559126675128,120.25674593374131,129.1090532913804,81.07255630195141,82.0577215053141,86.34800882637501,1542.106131740407,"[1458.9740808896304, 1550.2406722709172, 1550.2051263148965, 1548.6351229556458, 1551.587488553627, 1549.4548621390313, 1547.5072019218608, 1552.618470637092, 1561.2412270044283, 1550.5970647169374]","[87.7328813970089, 82.56782465428114, 82.56971792131662, 82.6534269452095, 82.49615374207497, 82.60969914495945, 82.71366998553276, 82.44137398898602, 81.98604916781187, 82.5488470941782]",1745.5671875,1805.88671875,6.2133544921875,6.2138671875,0.0,24.0,24.0,
2,sne_benchmark_2819565_2,OK,40,1,128,5120,299.7691321000457,121.537361651659,165.59677746891975,176.48577474802732,65.75370907783508,103.30754255447536,114.66779667884111,15.999240532517431,16.559677746891975,20.83942200988531,7299.171601955073,"[5753.440089151164, 7362.667062539461, 7453.2013811116385, 7446.377018899822, 7520.242943832214, 7470.13366251057, 7476.914175598011, 7533.853912745242, 7432.736460726152, 7542.149312436453]","[22.247559376060963, 17.385004498064518, 17.173828192055225, 17.18956744670868, 17.020726718008518, 17.134900897741318, 17.11936194449663, 16.98997637629509, 17.221113741397858, 16.971289575099945]",1909.76806640625,1958.17578125,16.78662109375,16.78662109375,0.0,42.0,42.0,
2,sne_benchmark_2819565_2,ERROR,32,12,256,98304,,,,,,,,,,,,,,,,,,,,,
2,sne_benchmark_2819565_2,ERROR,32,10,384,122880,,,,,,,,,,,,,,,,,,,,,
2,sne_benchmark_2819565_2,ERROR,32,8,512,131072,,,,,,,,,,,,,,,,,,,,,
2,sne_benchmark_2819565_2,ERROR,32,4,1024,131072,,,,,,,,,,,,,,,,,,,,,
2,sne_benchmark_2819565_2,ERROR,32,2,2048,131072,,,,,,,,,,,,,,,,,,,,,
2,sne_benchmark_2818005_2,ERROR,1,300,640,192000,,,,,,,,,,,,,,,,,,,,,
2,sne_benchmark_2818005_2,OK,1,1,640,640,48.45166918262839,27.25250239297748,12.221826873719692,19.47317785397172,23.89113013446331,23.89113013446331,23.89113013446331,0.97838144749403,1.2221826873719692,3.317541114985943,9210.359353475482,"[3298.119304675718, 9696.84935947668, 9802.159121940593, 9805.157830352853, 9786.389106243701, 9808.863724900491, 9845.70007609787, 9889.027472685015, 9915.963945963944, 10255.363592417945]","[4.851249612867832, 1.6500204764306545, 1.6322934366762638, 1.6317942328751087, 1.6349237523972988, 1.6311777234077454, 1.6250748932361603, 1.6179548539221287, 1.6135597191751003, 1.5601592138409615]",1856.45703125,1856.45703125,51.35009765625,51.35009765625,0.0,164.0,164.0,
2,sne_benchmark_2818005_2,OK,1,1,640,640,64.4003854431212,41.48628695681691,14.152812734246254,21.21086859330535,38.34602266922593,38.34602266922593,38.34602266922593,0.9746164754033088,1.4152812734246254,5.22654864192009,9303.808688588377,"[2323.7142808026438, 10468.320483459433, 10388.047202746178, 9862.294445945168, 9901.51401042395, 10317.694009203602, 10117.180136077368, 9820.000750166888, 9943.813727756778, 9895.507839301737]","[6.885528109967709, 1.5284209176898003, 1.5402317382395267, 1.6223405301570892, 1.6159144937992096, 1.550734106451273, 1.5814683325588703, 1.6293277777731419, 1.6090405993163586, 1.6168952882289886]",1916.7734375,1916.7734375,51.35009765625,51.35009765625,0.0,164.0,164.0,
2,sne_benchmark_2818005_2,OK,1,1,32,32,42.97590549662709,24.146834440529343,10.843842089176178,17.141154024749994,21.05094630643725,21.05094630643725,21.05094630643725,0.83751605078578,1.084384208917618,3.204994585365057,530.0048448338205,"[179.60867791066144, 558.2803202595868, 570.5669272410091, 563.7384675032002, 567.4620970946484, 563.5103392221098, 570.3077245368868, 587.2329862384873, 566.9762959015821, 572.3646124300332]","[4.45412776991725, 1.4329718798398972, 1.4021142162382603, 1.4190977662801743, 1.4097857885062695, 1.4196722656488419, 1.4027514718472958, 1.3623212911188602, 1.4109937325119972, 1.3977104499936104]",1853.37890625,1853.37890625,10.35498046875,10.35498046875,0.0,26.0,26.0,
2,sne_benchmark_2818005_2,OK,1,1,32,32,96.40349061787128,68.16282734274864,13.217160478234293,22.54097118601203,64.99557698518038,64.99557698518038,64.99557698518038,0.8242212459445,1.321716047823429,5.660032652318478,551.0366586173079,"[75.51791513326461, 602.2771184475077, 605.3602201501734, 603.8203270531736, 612.4349452958675, 604.3327813193262, 606.5061498850362, 599.9225785287244, 605.6757481576043, 594.5188022024013]","[10.593512792140245, 1.3282922022044659, 1.3215272054076195, 1.3248974308371544, 1.3062611892819405, 1.3237739615142345, 1.3190303184092045, 1.3335054032504559, 1.3208387531340122, 1.3456260710954666]",2000.1328125,2000.1328125,10.35498046875,10.35498046875,0.0,26.0,26.0,
2,sne_benchmark_2819565_2,OK,1,64,32,2048,2840.764244284481,883.3894996643066,1946.882343955338,1953.2944049723449,880.1839168518782,880.1839168518782,880.1839168518782,167.51288389787078,194.6882343955338,353.4384241960943,274.0526297325683,"[144.4318949996083, 288.71879310132374, 287.4716461078098, 275.9139599400785, 281.23126470390326, 285.5572200523533, 304.5814024476022, 290.2568802381747, 283.37534434836033, 298.9878913864686]","[354.4923370294273, 177.3351829648018, 178.10452158749104, 185.56509431824088, 182.05657203122973, 179.29856576770544, 168.09956086799502, 176.3954740986228, 180.67909231036901, 171.24439308419824]",7238.9296875,7238.9296875,12.06982421875,12.06982421875,0.0,32.0,32.0,
2,sne_benchmark_2819565_2,OK,1,40,64,2560,1818.27351372689,428.3983338847757,1378.6550558656454,1386.712291393429,425.2017282396555,425.2017282396555,425.2017282396555,126.20535358041523,137.86550558656455,222.39628068730235,474.3936631469736,"[286.15679232473985, 498.1842055268637, 498.20701285025007, 494.8692269273567, 489.78186159186606, 494.7408672855882, 487.1117816697465, 491.28593208633475, 504.1536962383344, 499.44525496865526]","[223.6536112949252, 128.46653765812516, 128.4606566131115, 129.32709596306086, 130.67041680961847, 129.3606496490538, 131.38668044656515, 130.27036969736218, 126.94541461765766, 128.14217246696353]",5106.890625,5106.890625,14.509765625,14.509765625,0.0,30.0,30.0,
2,sne_benchmark_2819565_2,OK,1,32,128,4096,1496.304740358144,315.3242183327675,1169.694963634014,1177.9935517534614,312.0390726290643,312.0390726290643,312.0390726290643,108.42121531814335,116.96949636340142,182.59466691687703,890.0863817024783,"[557.0453899416214, 937.4374363693508, 930.6678279171941, 913.3237644193132, 925.583837353917, 937.5025719985293, 929.6257470412608, 922.1153281785687, 928.3259007927468, 919.2360130122808]","[183.8270307034254, 109.23395634442568, 110.02851600572467, 112.11796297132969, 110.63287394121289, 109.22636700794101, 110.1518544703722, 111.04901618137956, 110.30608960986137, 111.39685407280922]",4401.1484375,4401.1484375,22.99853515625,22.99853515625,0.0,50.0,50.0,
2,sne_benchmark_2819565_2,OK,1,20,256,5120,1013.098525967449,239.11648776754737,761.2712093256414,771.3920039869845,235.927939131856,235.927939131856,235.927939131856,70.59571909531951,76.12712093256414,120.45718155056238,1701.2772010826318,"[1050.8558315983744, 1766.7852414325505, 1773.570739688471, 1766.8551301189666, 1773.2923118524795, 1769.7461078250487, 1777.7562432851971, 1765.3960792154853, 1789.2445279683063, 1779.269797841438]","[121.80548097193241, 72.44796764105558, 72.17078920826316, 72.44510193169117, 72.18212087452412, 72.32675886899233, 72.0008721575141, 72.50497579947114, 71.53857284411788, 71.93962385877967]",3372.0078125,3372.0078125,36.759765625,36.759765625,0.0,72.0,72.0,
2,sne_benchmark_2819565_2,OK,1,16,384,6144,879.2440080828965,249.5102842003107,616.3451698608696,627.0446437634528,246.3276289962232,246.3276289962232,246.3276289962232,56.87488696351648,61.634516986086965,101.39237649738789,2522.907755785895,"[1493.735728530622, 2629.410370596176, 2614.739480719667, 2630.0523573188875, 2634.0854543676855, 2637.343566661636, 2644.164962836943, 2635.88768537361, 2654.207722568701, 2655.4502288850235]","[102.8294343277812, 58.41613835468888, 58.74390207231045, 58.40187917649746, 58.31245897710323, 58.24042113497853, 58.090172950178385, 58.27258909866214, 57.870376419276, 57.84329840913415]",3004.12890625,3004.12890625,50.59912109375,50.59912109375,0.0,114.0,114.0,
2,sne_benchmark_2819565_2,OK,1,12,512,6144,650.616005346179,207.00322431325912,432.2764349244535,441.335541497916,203.82601119577885,203.82601119577885,203.82601119577885,40.00985362380743,43.22764349244535,69.91037887334824,3577.0771979110805,"[2158.7892990691207, 3719.7838779800136, 3698.9774069847813, 3741.793666171804, 3739.841681003224, 3760.5797659925415, 3728.77519593233, 3743.527957951789, 3744.3496922753307, 3734.3534357498684]","[71.15099193155766, 41.2927215769887, 41.524990044534206, 41.04983163252473, 41.07125731557608, 40.84476584941149, 41.19315108284354, 41.03081417456269, 41.02180955931544, 41.13161826878786]",2640.953125,2640.953125,61.58984375,61.58984375,0.0,134.0,134.0,
2,sne_benchmark_2819565_2,OK,1,10,1024,10240,619.135889351368,204.7418279349804,400.2084298878908,412.1192388311029,201.56454273685813,201.56454273685813,201.56454273685813,37.14802369475365,40.02084298878909,62.89200961962342,6361.387761726466,"[3976.420390053592, 6538.118275695019, 6599.305078415072, 6611.147392014834, 6615.583124185861, 6693.128830486672, 6629.652950979243, 6616.603757373544, 6656.283833121254, 6677.633984939568]","[64.37951093912125, 39.154996775090694, 38.79196323826909, 38.722476571798325, 38.69651324674487, 38.24818055704236, 38.614389304071665, 38.69054418057203, 38.45989840850234, 38.33693199977279]",2460.578125,2460.578125,117.142578125,117.142578125,0.0,260.0,260.0,
2,sne_benchmark_2819565_2,OK,1,8,2048,16384,557.4067930839956,225.45631898194551,314.0284593962133,329.6482567861676,222.26196558400989,222.26196558400989,222.26196558400989,28.784466832876205,31.40284593962133,52.12678085267544,12800.065309348214,"[7567.25269842917, 13308.375815794794, 13217.952328455995, 13339.559688362302, 13351.984360632852, 13382.08766362461, 13484.044292557011, 13391.950720711027, 13437.782490729456, 13519.663034184923]","[54.12796642631292, 30.777609955519438, 30.988158363848925, 30.705661173909903, 30.67708805948496, 30.60807926952839, 30.376643024384975, 30.585536681115627, 30.481219671666622, 30.296613086014986]",2284.78125,2284.78125,222.53515625,222.53515625,0.0,510.0,510.0,
2,sne_benchmark_2819565_2,OK,1,4,4096,16384,371.16056660562754,195.7574859969318,157.9905798099935,173.1768149510026,192.61180940270424,192.61180940270424,192.61180940270424,14.469500225037336,15.79905798099935,27.30779365822673,24439.955865334145,"[14076.173113793902, 25310.202941039202, 25611.80586224272, 25448.934572549326, 25645.603526625186, 25519.778058923974, 25699.763543826393, 25709.852896261593, 25484.547410293162, 25892.896727786]","[29.09881803020835, 16.183196987956762, 15.99262473732233, 16.094976346939802, 15.971548479050398, 16.05029632523656, 15.937889829277992, 15.931635301560163, 16.072484765201807, 15.81901029869914]",1918.59375,1918.59375,398.99609375,398.99609375,0.0,970.0,970.0,
2,sne_benchmark_2819565_2,OK,1,4,32,128,184.42385656014085,99.3980797342956,77.1785707809031,82.70927878841758,96.2481863424182,96.2481863424182,96.2481863424182,6.175692334771156,7.71785707809031,20.96099767461419,441.58068322744,"[145.60658030919174, 472.96199148066404, 475.27134497555784, 474.52936567680734, 471.74781732855985, 461.07391546552685, 475.11488163431454, 480.18793699450936, 480.04043654480984, 479.2725618644586]","[21.977028738707304, 6.765871375799179, 6.732995864003897, 6.743523649871349, 6.783285226672888, 6.940318878740072, 6.735213153064251, 6.664057452231646, 6.666105095297098, 6.676785308867693]",1916.42578125,1916.42578125,3.58056640625,3.58056640625,0.0,26.0,26.0,
2,sne_benchmark_2819565_2,OK,1,2,64,128,145.39611139148474,85.41592343896627,51.62674752995372,57.72068280354142,82.26470181718469,82.26470181718469,82.26470181718469,4.134331472218037,5.162674752995372,13.229983054101467,619.7070552730742,"[223.97216535544183, 647.6160805174794, 655.7029338550445, 651.783892832327, 661.2499566546968, 668.8147550023709, 676.7390862179369, 656.0420029913116, 668.4712907962341, 686.6783885078984]","[14.287489674985409, 4.941199108958244, 4.880258779972792, 4.909602761268616, 4.839319787919521, 4.784583438187838, 4.728557970374823, 4.877736464142799, 4.787041783332825, 4.660114623606205]",1794.12890625,1794.12890625,6.2138671875,6.2138671875,0.0,24.0,24.0,
2,sne_benchmark_2819565_2,OK,1,1,128,128,76.7898003719747,54.38439055159688,13.464726578444242,19.87396579235792,51.26628957688808,51.26628957688808,51.26628957688808,0.9128963276743888,1.3464726578444242,5.19996040686965,2072.7571548554392,"[452.9230855618992, 2234.5060387790422, 2256.054120581858, 2264.102418398986, 2256.760392531018, 2253.157477223762, 2256.1066138941364, 2258.2219047005433, 2240.1341983603083, 2255.6052985228375]","[7.0652172565460205, 1.4320838451385498, 1.4184056892991066, 1.4133636243641376, 1.4179617874324322, 1.4202291816473007, 1.4183726869523525, 1.4170440882444382, 1.4284858480095863, 1.4186879247426987]",2016.04296875,2016.04296875,16.78662109375,16.78662109375,0.0,42.0,42.0,
2,sne_benchmark_2819322_2,ERROR,80,4,128,40960,,,,,,,,,,,,,,,,,,,,,
2,sne_benchmark_2819322_2,ERROR,80,2,32,5120,,,,,,,,,,,,,,,,,,,,,
2,sne_benchmark_2819322_2,ERROR,40,8,512,163840,,,,,,,,,,,,,,,,,,,,,
2,sne_benchmark_2819322_2,ERROR,40,4,128,20480,,,,,,,,,,,,,,,,,,,,,
2,sne_benchmark_2819322_2,ERROR,40,2,32,2560,,,,,,,,,,,,,,,,,,,,,
2,sne_benchmark_2819322_2,ERROR,32,12,512,196608,,,,,,,,,,,,,,,,,,,,,
2,sne_benchmark_2819322_2,ERROR,32,10,128,40960,,,,,,,,,,,,,,,,,,,,,
2,sne_benchmark_2819322_2,ERROR,32,8,32,8192,,,,,,,,,,,,,,,,,,,,,
2,sne_benchmark_2819322_2,ERROR,32,2,512,32768,,,,,,,,,,,,,,,,,,,,,
2,sne_benchmark_2819322_2,ERROR,32,1,128,4096,,,,,,,,,,,,,,,,,,,,,
2,sne_benchmark_2819322_2,ERROR,20,16,32,10240,,,,,,,,,,,,,,,,,,,,,
2,sne_benchmark_2819322_2,ERROR,20,10,512,102400,,,,,,,,,,,,,,,,,,,,,
2,sne_benchmark_2819322_2,ERROR,20,8,128,20480,,,,,,,,,,,,,,,,,,,,,
2,sne_benchmark_2819322_2,ERROR,20,4,32,2560,,,,,,,,,,,,,,,,,,,,,
2,sne_benchmark_2819322_2,ERROR,20,1,512,10240,,,,,,,,,,,,,,,,,,,,,
2,sne_benchmark_2819322_2,ERROR,10,32,128,40960,,,,,,,,,,,,,,,,,,,,,
2,sne_benchmark_2819322_2,ERROR,10,20,32,6400,,,,,,,,,,,,,,,,,,,,,
2,sne_benchmark_2819322_2,ERROR,10,12,512,61440,,,,,,,,,,,,,,,,,,,,,
2,sne_benchmark_2819322_2,ERROR,10,10,128,12800,,,,,,,,,,,,,,,,,,,,,
2,sne_benchmark_2819322_2,ERROR,10,8,32,2560,,,,,,,,,,,,,,,,,,,,,
2,sne_benchmark_2819322_2,ERROR,10,2,512,10240,,,,,,,,,,,,,,,,,,,,,
2,sne_benchmark_2819322_2,ERROR,10,1,128,1280,,,,,,,,,,,,,,,,,,,,,
2,sne_benchmark_2819322_2,TIMEOUT,8,40,32,10240,,,,,,,,,,,,,,,,,,,,,Subprocess timed out after configured timeout_s
2,sne_benchmark_2819322_2,ERROR,8,20,512,81920,,,,,,,,,,,,,,,,,,,,,
2,sne_benchmark_2819322_2,TIMEOUT,8,16,128,16384,,,,,,,,,,,,,,,,,,,,,Subprocess timed out after configured timeout_s
2,sne_benchmark_2819322_2,OK,8,12,32,3072,848.0697970949113,177.4740957915783,658.9556249678135,667.525244448334,169.9704885557294,171.09227883722633,173.5913707278669,61.75600705295801,65.89556249678135,95.80447836220264,1169.765895754569,"[791.2224135815859, 1211.6093556769883, 1199.0159430236336, 1228.2788086309467, 1190.2712081738987, 1206.8984052699484, 1218.342787098727, 1208.5187943317196, 1214.2214121060395, 1229.2798296522021]","[97.06499548256397, 63.38676706328988, 64.05252611264586, 62.526520412415266, 64.5231099203229, 63.63418798521161, 63.03644656762481, 63.548866894096136, 63.25040823221207, 62.47560412809253]",2650.48876953125,2667.63671875,4.71697998046875,4.7177734375,0.0,26.0,26.0,
2,sne_benchmark_2819322_2,OK,8,8,512,32768,1452.556784465909,528.6555270068347,886.6921837180853,920.9842658787966,499.9802379272878,514.5828146468848,524.8216520510614,86.36206609010696,88.66921837180853,106.75412918627262,8928.497758988779,"[7421.649432414597, 9076.262873786487, 9068.74756809352, 9059.274212980008, 9050.069094690718, 9057.005005617277, 9127.052387045835, 9089.35729864942, 9158.441404933721, 9177.118311676195]","[110.37977574393153, 90.25741226226091, 90.3322089239955, 90.4266700334847, 90.51864592730999, 90.44932618364692, 89.75515481457114, 90.12738448753953, 89.44753411412239, 89.26549404487014]",2283.15966796875,2305.3515625,55.853515625,55.853515625,0.0,130.0,130.0,
2,sne_benchmark_2819322_2,OK,8,4,128,4096,490.1363945007324,101.57067495957016,376.2169762663543,385.92791336774826,90.09569967538118,93.94235152797772,97.55572745203972,36.006798177957535,37.62169762663543,47.823243755847216,2672.341903099181,"[2083.3324497836056, 2772.719857862503, 2761.5298577793205, 2710.846378772877, 2747.43347515673, 2756.9745780644926, 2748.2217561759544, 2773.104034773853, 2601.7421392907654, 2767.5145033317053]","[49.15202084556222, 36.93124630302191, 37.080895472317934, 37.774180345237255, 37.27114811912179, 37.142163302749395, 37.26045751944184, 36.92612996697426, 39.35824325308204, 37.00070943683386]",1923.76025390625,1929.65625,12.7548828125,12.7548828125,0.0,44.0,44.0,
2,sne_benchmark_2819322_2,OK,8,2,32,512,238.6136701963842,68.50278759375215,161.65413505584002,167.78372153639793,64.36471720784903,64.41654785722494,64.49373800307512,15.212937396019695,16.165413505584002,22.267815988510847,772.8747718663377,"[550.2280142876727, 799.7300928555759, 808.8670721329399, 812.6088097748749, 800.2539747834587, 801.4836880433859, 797.5720237139113, 795.0194438409497, 807.3487721171999, 755.6358271134076]","[23.263083063066006, 16.005399964749813, 15.824602633714676, 15.75173668563366, 15.994922116398811, 15.970381170511246, 16.048707351088524, 16.100235156714916, 15.85436237975955, 16.939376801252365]",1745.5087890625,1761.94140625,3.30230712890625,3.3046875,0.0,26.0,26.0,
2,sne_benchmark_2819322_2,TIMEOUT,4,40,512,81920,,,,,,,,,,,,,,,,,,,,,Subprocess timed out after configured timeout_s
2,sne_benchmark_2819322_2,TIMEOUT,4,32,128,16384,,,,,,,,,,,,,,,,,,,,,Subprocess timed out after configured timeout_s
2,sne_benchmark_2819322_2,OK,4,20,32,2560,947.8130304440856,199.5010643452406,738.276499569416,745.4020405672491,162.44139934703708,187.37226774636656,196.0546081624925,66.88996241241693,73.8276499569416,123.04280936717988,886.1803304934473,"[515.5510192130032, 922.6032796826527, 928.7586686792356, 899.0879818823101, 921.8333369425154, 928.4829152914643, 930.8427166812123, 947.5235011250692, 924.946285560339, 942.1735998766713]","[124.13902332633734, 69.36892747879028, 68.90918185561895, 71.18324489891529, 69.426866479218, 68.92964743450284, 68.75490225479007, 67.54449881613255, 69.19320721551776, 67.92803365364671]",3414.55078125,3428.69921875,5.8431396484375,5.84912109375,0.0,26.0,26.0,
2,sne_benchmark_2819322_2,OK,4,12,512,24576,1068.4934795238078,294.4164164289832,745.0870746858418,771.4263559095562,251.0441768243909,270.2497367942706,290.83727933466434,70.56719783321023,74.50870746858418,102.56279173120856,8055.327527427969,"[5835.04463575613, 8201.749312268812, 8224.76840376032, 8281.703561672006, 8218.50033528563, 8313.362026571156, 8324.65638852595, 8353.075932881879, 8366.873960557474, 8433.540717000335]","[105.29482435062528, 74.91084847971797, 74.70119155198336, 74.18763487786055, 74.75816449895501, 73.90511781349778, 73.80484807118773, 73.55374294891953, 73.43244357407093, 72.85196344181895]",2632.21484375,2644.23046875,61.58984375,61.58984375,0.0,134.0,134.0,
2,sne_benchmark_2819322_2,OK,4,10,128,5120,651.001225437969,128.05465560033915,511.5027249380946,520.3784742131829,106.34679010137916,117.36904684081674,124.47341879084706,48.146335143595934,51.15027249380946,73.37079703807831,2497.718141998536,"[1715.2230944386267, 2597.1693173936715, 2613.482804244535, 2573.688384176371, 2599.775140058741, 2557.0555818143243, 2570.9846614006874, 2560.3525443088015, 2594.6294142754264, 2594.8204778741742]","[74.6258608661592, 49.284426372498274, 48.976790584623814, 49.73407067731023, 49.23502730205655, 50.05757438763976, 49.78637248277664, 49.993115317076445, 49.3326712846756, 49.32903878763318]",2443.56640625,2445.70703125,14.9501953125,14.9501953125,0.0,44.0,44.0,
2,sne_benchmark_2819322_2,OK,4,8,32,1024,372.3920716904104,102.87804122269154,261.00037506595254,266.9552049562335,98.58386670425534,98.8247459512204,99.36248721182346,23.35760585218668,26.100037506595253,46.94522516801953,1000.3770645921608,"[533.9204397857709, 1049.166867963988, 1060.7581624886632, 1041.5320941002615, 1045.088671493457, 1054.1115578900876, 1070.972477764062, 1057.1258880730195, 1045.1464182750465, 1045.9480680872525]","[47.947218522429466, 24.400313030928373, 24.13368183746934, 24.579175375401974, 24.495529133826494, 24.285854574292898, 23.903508756309748, 24.216604936867952, 24.49417569860816, 24.475402537733316]",2296.12890625,2320.2578125,4.15234375,4.15234375,0.0,26.0,26.0,
2,sne_benchmark_2819322_2,OK,4,2,512,4096,242.94962894916532,92.6156092658639,139.8401654139161,148.04942454770207,82.14495885372162,85.67452639061958,89.19230249151587,13.163075920194387,13.984016541391613,19.46300496160984,7007.859614877014,"[4965.601859738422, 7355.695446188474, 7360.8359058896, 7260.324767269756, 7138.238817897571, 7073.304661068339, 7212.151820264058, 7278.585653422485, 7218.6632511800035, 7215.193965851432]","[20.621870800852776, 13.9211853928864, 13.911463495343924, 14.104052267968655, 14.345275159925222, 14.476967260241508, 14.198259070515633, 14.06866730377078, 14.185451854020357, 14.192272651940584]",1737.4384765625,1746.3828125,47.2490234375,47.2490234375,0.0,124.0,124.0,
2,sne_benchmark_2819322_2,OK,4,1,128,512,64.66498682647943,34.465131625533104,22.40830736607313,28.50132878869772,29.236199386417866,30.246774750761688,31.02280173823237,1.897833626717329,2.240830736607313,5.142114125192165,4851.587263894408,"[2085.315068698834, 5048.749540407478, 5052.484036002976, 5254.863335127581, 5124.671617013849, 5130.543487388123, 5285.115700185151, 5280.25002364797, 5025.978387133701, 5227.901443338419]","[6.138161178678274, 2.535281240940094, 2.533407311886549, 2.4358387999236584, 2.497721016407013, 2.4948623925447464, 2.4218958914279938, 2.424127634614706, 2.5467678159475327, 2.448401167988777]",1919.421875,1928.15234375,16.78662109375,16.78662109375,0.0,42.0,42.0,
2,sne_benchmark_2819322_2,OK,2,40,32,2560,1385.052802696824,378.1397555023432,996.5185768529772,1003.8610367923976,374.7320386059582,374.8014956470579,374.8709526881576,86.97131748870015,99.65185768529771,190.5057464465499,671.982994007403,"[333.83254994113867, 689.5712523512885, 722.1757208020649, 728.1871040083342, 730.4197351273949, 707.1467049554799, 715.4063201028381, 696.076017810004, 690.3827206413334, 706.631814334154]","[191.71288123726845, 92.8112936578691, 88.62109062448144, 87.88949934393167, 87.62085267156363, 90.50455803796649, 89.45965139195323, 91.94398077577353, 92.70220427960157, 90.57050461322069]",5160.123046875,5160.203125,8.6767578125,8.6767578125,0.0,28.0,28.0,
2,sne_benchmark_2819322_2,OK,2,20,512,20480,1001.0974636524916,261.22987462580204,716.5982750579715,737.1275572068989,257.93304642662406,257.980974894017,258.0289033614099,66.37261127308011,71.65982750579715,113.14715598523615,7116.091743713386,"[4429.701397415182, 7365.053194940899, 7441.784975583999, 7456.540798015227, 7491.350247865207, 7377.9568988669225, 7414.2224088410885, 7484.119467723188, 7410.357054117908, 7289.830993764238]","[115.58341162651777, 69.51748839393258, 68.80069790780544, 68.66454752534628, 68.34548953920603, 69.39590553566813, 69.05646631121635, 68.41152151674032, 69.0924872122705, 70.23482443392277]",3410.203125,3413.9375,73.0625,73.0625,0.0,140.0,140.0,
2,sne_benchmark_2819322_2,OK,2,16,128,4096,626.1528554260731,179.2534640468657,435.6375033967197,444.3319378718734,175.85961466655135,175.86956316046417,175.87951165437698,37.9902421310544,43.56375033967197,76.80086384341121,2397.8155529790647,"[1310.853764024741, 2623.1286741065023, 2642.6012423053594, 2554.0990374387657, 2454.3204903705605, 2440.077385442059, 2498.5454603302765, 2460.423025345107, 2514.0922038711824, 2480.014246556093]","[78.11702785640955, 39.03735299408436, 38.74969797208905, 40.09241556376219, 41.72234245762229, 41.965882152318954, 40.98384505137801, 41.61885941773653, 40.730407517403364, 41.29008538648486]",3003.197265625,3007.9453125,17.14501953125,17.14501953125,0.0,46.0,46.0,
2,sne_benchmark_2819322_2,OK,2,12,32,768,347.65545919910073,135.13777174055576,204.1164780557156,210.0690751336515,131.90091162919998,131.9175144135952,131.93411719799042,16.137218616902828,20.411647805571555,48.94538487121463,1011.332110792938,"[383.74995993862643, 1084.5070757141862, 1021.9950532933104, 1081.696462942492, 1045.0257887330813, 1066.920580407203, 1068.8059879896266, 1108.754147234877, 1151.6343909911946, 1100.2316606847835]","[50.03257851302624, 17.703895557671785, 18.786783691495657, 17.74989625811577, 18.372752334922552, 17.995716225355864, 17.963971212506294, 17.316733423620462, 16.671957828104496, 17.450870290398598]",2638.43359375,2640.5390625,4.7177734375,4.7177734375,0.0,26.0,26.0,
2,sne_benchmark_2819322_2,OK,2,8,512,8192,374.9974120147526,123.94250033423305,236.54880121722817,248.6858949586749,120.6256819292903,120.66932315565646,120.71296438202262,21.367863297462463,23.65488012172282,41.397482484579086,8542.809447422178,"[4764.98114402491, 9070.773835568376, 8966.261995709887, 8990.3407923163, 8976.113602119885, 8925.493340890212, 8908.888570152205, 9015.24249953888, 8727.662868227024, 9082.33582567411]","[42.980233039706945, 22.57800753414631, 22.8411795347929, 22.78000408783555, 22.816110521554947, 22.945510368794203, 22.988277200609446, 22.717081654816866, 23.465617667883635, 22.549265291541815]",2278.34375,2294.1328125,55.853515625,55.853515625,0.0,130.0,130.0,
2,sne_benchmark_2819322_2,OK,2,4,128,1024,176.6588009186089,69.98627220466733,98.10905911400914,104.3481181524694,66.59854429587722,66.60604496486485,66.61354563385248,8.540246676653624,9.810905911400914,20.13046596571803,2614.3764087279314,"[1210.1117755705498, 2786.4469537432824, 2764.1413110687704, 2790.6021860645933, 2747.979731599713, 2779.9339358394645, 2767.651280552058, 2743.575796731655, 2800.0739306639352, 2753.247185445291]","[21.155070561915636, 9.187327239662409, 9.261465720832348, 9.173647224903107, 9.315934795886278, 9.208851933479309, 9.249720215797424, 9.33088855445385, 9.142615742981434, 9.298111747950315]",1924.25390625,1925.375,12.7548828125,12.7548828125,0.0,44.0,44.0,
2,sne_benchmark_2819322_2,OK,2,2,32,128,108.28969328850508,51.65251730754972,48.99124063178897,54.39745757356286,48.14742203056812,48.22023668140173,48.293051332235336,4.154909860342741,4.899124063178897,10.637425381690264,634.0809000992136,"[275.66124348760235, 684.3459757644254, 686.1400888045209, 681.2568011895155, 689.0241352586206, 682.1542195952885, 656.7691961402275, 680.7357019549983, 672.7980094927431, 631.9236293041938]","[11.60845086351037, 4.675997395068407, 4.663770638406277, 4.697200812399387, 4.644249506294727, 4.691021338105202, 4.872335698455572, 4.700796492397785, 4.756256639957428, 5.0639030598104]",1751.333984375,1754.80078125,3.3046875,3.3046875,0.0,26.0,26.0,
2,sne_benchmark_2819322_2,TIMEOUT,1,40,512,20480,,,,,,,,,,,,,,,,,,,,,Subprocess timed out after configured timeout_s
2,sne_benchmark_2819322_2,OK,1,32,128,4096,1297.4875514656303,305.91069385409355,979.4841896556318,988.4099828116596,302.803365342319,302.803365342319,302.803365342319,84.93739749863744,97.94841896556318,170.20574785768986,1076.2106096026805,"[597.3412284373995, 1090.1047418405037, 1072.1290888948452, 1131.6961570049202, 1101.0324420489694, 1112.0733809344067, 1159.2681782872405, 1124.158223873462, 1181.343573956385, 1192.9590807486732]","[171.42630564421415, 93.93592750281096, 95.5108867585659, 90.48365090414882, 93.003617413342, 92.08025455474854, 88.33158877119422, 91.0903801843524, 86.68096416443586, 85.83697601407766]",4459.4765625,4459.4765625,22.99853515625,22.99853515625,0.0,50.0,50.0,
2,sne_benchmark_2819322_2,OK,1,20,32,640,548.283266890794,187.47676781192425,351.389618255198,358.26339579746127,184.4201444387436,184.4201444387436,184.4201444387436,29.297722715884447,35.1389618255198,77.78925279527903,484.6658990227442,"[202.81033203205948, 512.489681083394, 530.7567338164221, 534.4654861441744, 493.8932467314779, 519.144483820104, 521.0832559839607, 518.6984584302351, 528.1496513425009, 485.1676608431138]","[78.89144423604012, 31.220140796154737, 30.145637314766645, 29.93645130470395, 32.395664662122726, 30.81993645057082, 30.705266032367945, 30.8464383110404, 30.29444393143058, 32.9782903753221]",3391.65625,3391.65625,5.8427734375,5.8427734375,0.0,26.0,26.0,
2,sne_benchmark_2819322_2,OK,1,12,512,6144,541.7067597955465,161.1273818165064,368.55926121771336,378.1095451787114,158.03369295224547,158.03369295224547,158.03369295224547,33.66665134951472,36.85592612177133,61.24704455956817,4189.694265732669,"[2451.164288982453, 4378.200453950851, 4333.964894952773, 4359.8057734034055, 4397.126246284221, 4399.401659618434, 4365.961141842032, 4385.541976673143, 4401.638837628224, 4424.1373839911585]","[62.66409831866622, 35.082907147705555, 35.44098849967122, 35.23092724382877, 34.93190583959222, 34.91383871808648, 35.18125677481294, 35.024177357554436, 34.896093402057886, 34.71863250806928]",2646.640625,2646.640625,61.58984375,61.58984375,0.0,134.0,134.0,
2,sne_benchmark_2819322_2,OK,1,10,128,1280,359.49439692497253,117.91397923976184,232.89796256646517,239.17250848934052,114.8287598453462,114.8287598453462,114.8287598453462,20.44113060832024,23.289796256646515,45.97025440633297,1417.2199793785594,"[680.8864171829377, 1468.7116623958266, 1522.5277015305765, 1511.3318425435486, 1498.3473112907159, 1522.2971834354694, 1483.247241669574, 1488.3821845545435, 1511.07225631782, 1485.3959928645827]","[46.997559640556574, 21.787802752107382, 21.01767998561263, 21.173377744853497, 21.356864165514708, 21.02086264640093, 21.574285864830017, 21.49985422566533, 21.177015107125044, 21.54307683184743]",2466.30859375,2466.30859375,14.9501953125,14.9501953125,0.0,44.0,44.0,
2,sne_benchmark_2819322_2,OK,1,8,32,256,245.62340654805303,99.85145522654057,137.57652411982417,143.36274414137006,96.7331747673452,96.7331747673452,96.7331747673452,10.259217370301483,13.757652411982416,35.968053322285414,506.185168881905,"[173.11087104807945, 527.3886179220781, 513.7239930537229, 547.6369308970301, 593.4264298409898, 591.4393103170795, 562.8576233360257, 514.2494934844134, 525.4627715442797, 512.5556473753514]","[36.97052623704076, 12.135263793170452, 12.458051573485136, 11.686574880033731, 10.784824669361115, 10.821059554815292, 11.37054866924882, 12.445320960134268, 12.179740119725466, 12.486449096351862]",2281.33984375,2281.33984375,4.14599609375,4.14599609375,0.0,26.0,26.0,
2,sne_benchmark_2819322_2,OK,1,2,512,1024,129.41633843630552,61.36994935944677,59.71387100219727,65.82737618684769,58.28181146085262,58.28181146085262,58.28181146085262,5.199621140956879,5.971387100219727,11.704696863889694,4108.880437918079,"[2012.715103363219, 4435.476516655488, 4213.982950585729, 4311.703023069252, 4298.372014981206, 4324.2042952650845, 4399.032665835515, 4391.271752598165, 4457.401746312255, 4244.644310514876]","[12.71913742646575, 5.771645933389664, 6.075012713670731, 5.937329139560461, 5.955743223428726, 5.9201643243432045, 5.819461219012737, 5.8297462426126, 5.743256151676178, 6.031129613518715]",1781.03125,1781.03125,47.2490234375,47.2490234375,0.0,124.0,124.0,
2,sne_benchmark_2819322_2,OK,1,1,128,128,73.42433460056782,50.81982020288706,13.408130895346403,19.656347457319495,47.84319900348783,47.84319900348783,47.84319900348783,0.9222912825644016,1.3408130895346404,5.065885405987501,2063.894249690709,"[472.0211608203122, 2207.5359776879172, 2251.323029799404, 2246.5674200944873, 2249.8809733183875, 2246.713895532998, 2239.62351761932, 2244.0429889181105, 2245.4502980064603, 2235.7832351096913]","[6.779357083141804, 1.4495799988508224, 1.4213864281773567, 1.4243952669203281, 1.4222974628210068, 1.424302402883768, 1.4288115724921227, 1.4259976372122765, 1.425103910267353, 1.431265763938427]",2003.97265625,2003.97265625,16.78662109375,16.78662109375,0.0,42.0,42.0,
2,sne_benchmark_2819565_2,OK,2,64,128,16384,3808.51823630184,670.1677651181817,3116.955027207732,3133.1531129032373,667.0382392443717,667.039817802608,667.0413963608444,287.1922581270337,311.6955027207732,453.16225707530975,1329.2163653015627,"[899.8387107269534, 1376.0602459129586, 1364.9670149828817, 1354.7901085078488, 1348.347816068919, 1366.8153848759782, 1368.7240525650175, 1418.1665112487508, 1388.8548738810132, 1405.5989342453065]","[455.19268633052707, 297.661385986954, 300.08051147311926, 302.33465496078134, 303.7791845090687, 299.6747070103884, 299.25681457296014, 288.82363019511104, 294.91922280937433, 291.40602630004287]",7226.5859375,7232.28125,34.70556640625,34.70556640625,0.0,58.0,58.0,
2,sne_benchmark_2819565_2,OK,2,40,256,20480,2291.9494869597256,497.8802922517061,1768.6388329081235,1790.6435831971469,494.5997397080064,494.6547285094857,494.70971731096506,166.29520004615188,176.86388329081237,260.46481573954225,2909.5867368673275,"[1946.5620518979001, 3005.098522122041, 3002.708907651446, 3022.668790842954, 3005.8434009600937, 2994.611186140527, 3038.9174822061714, 3022.370120338588, 3023.790869595755, 3033.296036917799]","[263.0278338678181, 170.37710951268673, 170.51269894838333, 169.3867358379066, 170.33488831669092, 170.97378196194768, 168.48104728013277, 169.40347462892532, 169.3238792233169, 168.7932841926813]",5147.361328125,5168.2265625,51.1982421875,51.1982421875,0.0,80.0,80.0,
2,sne_benchmark_2819565_2,OK,2,32,384,24576,1828.428963828832,418.6796790994704,1384.1949420273304,1406.6818555667996,415.3507471419871,415.4080176129937,415.4652880840004,128.92690708115697,138.41949420273303,209.03669282794,4455.1088320034805,"[2902.1439750670847, 4603.314097570103, 4595.816914405798, 4601.184024736274, 4612.31553653864, 4625.61488706554, 4619.702269121388, 4636.292033074403, 4658.850934434515, 4695.853648021062]","[211.70555467903614, 133.4690588079393, 133.68678766861558, 133.53084699437022, 133.20857932046056, 132.82558427378535, 132.99558374285698, 132.519693672657, 131.87801212072372, 130.83883060514927]",4405.55859375,4413.1953125,67.84716796875,67.84716796875,0.0,124.0,124.0,
2,sne_benchmark_2819565_2,OK,2,20,512,20480,1124.2913795672357,304.60230469703674,799.547947242856,817.1946082860231,301.28643157333136,301.3650986645371,301.4437657557428,74.38431526720524,79.9547947242856,123.16678863763808,6403.229050837065,"[4084.663803467952, 6652.280420156972, 6650.065089451981, 6613.773119240741, 6599.495203207442, 6662.409903644578, 6679.398926478665, 6672.126102861162, 6727.8456827063, 6690.232257154857]","[125.34691338986158, 76.96608796715736, 76.99172761663795, 77.414206802845, 77.58169136196375, 76.84906924143434, 76.65360395982862, 76.73715875670314, 76.10162660479546, 76.52948063984513]",3359.921875,3359.97265625,73.0625,73.0625,0.0,140.0,140.0,
2,sne_benchmark_2819565_2,OK,2,16,1024,32768,976.1094195693732,283.9478398449719,662.2646037079394,689.7708973474801,280.68870060518384,280.7169942855835,280.74528796598315,61.23528362065554,66.22646037079394,102.2634355723858,12141.8811656507,"[7743.153367969831, 12076.619505647765, 12334.214005962951, 12629.876838094311, 12670.765321031258, 12733.467721938001, 12780.279453129613, 12750.007329666296, 12834.450558758332, 12865.977554308633]","[105.7966904528439, 67.83355223014951, 66.4168790653348, 64.86207351833582, 64.65276399999857, 64.3343995437026, 64.0987548828125, 64.25094345584512, 63.828209571540356, 63.671803914010525]",2998.7578125,2999.9140625,134.328125,134.328125,0.0,270.0,270.0,
2,sne_benchmark_2819565_2,OK,2,12,2048,49152,840.5159550532699,291.0624424107373,512.4304328784347,547.1366064287722,287.8416952751577,287.87572538107634,287.909755486995,47.892739582806826,51.24304328784346,77.77940372005105,22883.43665874989,"[15094.090264263017, 23613.07253963265, 23385.934824134714, 23625.860521956238, 23688.060648718758, 23645.170186235548, 23868.126023071647, 23909.365405193534, 24037.061294887913, 23967.624879404902]","[81.409344881773, 52.03897112235427, 52.544403687119484, 52.01080396026373, 51.874233953654766, 51.968329697847366, 51.48288553580642, 51.39408675953746, 51.1210578083992, 51.269160218536854]",2647.931640625,2668.453125,245.43359375,245.43359375,0.0,522.0,522.0,
2,sne_benchmark_2819565_2,OK,2,10,4096,81920,971.038389712572,423.7851254604757,487.3920506089926,544.987860519439,364.53315894305706,392.5710149724037,420.60887100175023,46.16139767318964,48.73920506089926,70.35823827981949,38077.1453389949,"[26913.949301913115, 38149.78142997244, 39060.36482347624, 39433.300741926425, 39333.08337947268, 39130.707749461115, 39605.754169296066, 39566.55638299215, 39697.303291475866, 39880.65211996293]","[76.09436939284205, 53.683138493448496, 52.43166594207287, 51.93579947575927, 52.06812749058008, 52.33741268143058, 51.70965792611241, 51.76088563725352, 51.59040615335107, 51.35322245582938]",2469.77734375,2484.671875,467.66796875,467.66796875,0.0,1008.0,1008.0,
2,sne_benchmark_2819565_2,OK,2,10,32,640,336.97375985607505,122.32768288627268,206.60636480525136,212.3999759592116,118.2090054936707,118.68924214318396,119.1694787926972,17.294396825134754,20.66063648052513,47.15416403114796,822.6089848948379,"[332.21530386039603, 868.981571267748, 849.7447614194776, 886.4028832594291, 881.3705720711885, 880.0540995073461, 878.3088352023682, 866.2796454724262, 897.8250355484562, 884.9071413395428]","[48.16153805702925, 18.41235824674368, 18.82918345183134, 18.05048280209303, 18.15354461222887, 18.18070049211383, 18.216826882213354, 18.469786383211613, 17.82084411382675, 18.080993194133043]",2456.509765625,2461.3046875,4.432373046875,4.435546875,0.0,26.0,26.0,
2,sne_benchmark_2819565_2,OK,2,8,64,1024,295.5098620168865,105.12154487520456,181.98500503972173,187.97736357152465,101.92470720410348,101.96270284987986,102.00069849565624,15.855544563382864,18.198500503972173,37.25728502497077,1452.478602675625,"[668.7884451389775, 1548.592469136623, 1536.0761636351435, 1560.864927914358, 1551.658462155132, 1548.6928715947001, 1544.079796483664, 1548.0487067138367, 1498.9565864359458, 1519.0275975478692]","[38.27817329391837, 16.531140703707933, 16.66584027931094, 16.401162933558226, 16.498476065695286, 16.53006898239255, 16.5794540271163, 16.53694737702608, 17.078546658158302, 16.852886702865362]",2274.900390625,2279.05078125,7.5234375,7.5234375,0.0,24.0,24.0,
2,sne_benchmark_2819565_2,OK,2,4,128,1024,177.05879320949316,70.97261701896787,98.08496710658072,103.93468329310416,67.62624777108431,67.72802508994937,67.82980240881443,8.229049921035767,9.808496710658073,20.25649394467473,2631.502956431405,"[1204.7093434152744, 2720.546631593634, 2724.993002282061, 2731.6059088888996, 2726.786170131234, 2737.335099160544, 2723.394377983001, 2911.8062651321834, 2912.469323776401, 2921.383441950824]","[21.24993894994259, 9.409873627126217, 9.394519537687302, 9.371776476502419, 9.388341587036848, 9.352161526679993, 9.400034092366695, 8.791793707758188, 8.789792150259018, 8.762971553951502]",1906.396484375,1910.671875,12.7548828125,12.7548828125,0.0,44.0,44.0,
2,sne_benchmark_2819565_2,OK,2,2,256,1024,119.5663806796074,54.185570385307074,57.45492995530367,63.3134297169745,51.01186798140407,51.01398021169007,51.01609244197607,5.058277312666178,5.745492995530367,11.30362543091178,4275.61007723336,"[2080.7724000780936, 4568.7595463626285, 4509.883535295379, 4538.156932159414, 4537.777085839275, 4524.056723534383, 4560.903281507822, 4527.703476670433, 4535.615098805385, 4372.472692080787]","[12.303123589605093, 5.6032714657485485, 5.676421530544758, 5.641056574881077, 5.641528774052858, 5.658638156950474, 5.612923234701157, 5.654080513864756, 5.644217915832996, 5.85481072217226]",1736.521484375,1739.87890625,23.76513671875,23.76513671875,0.0,62.0,62.0,
2,sne_benchmark_2819565_2,OK,2,1,384,768,66.15752974525094,41.96963645890355,15.913314249366522,22.493412293493748,38.77666763216257,38.78088051266968,38.7850933931768,1.173773977905512,1.591331424936652,5.313404634594917,9940.214032455537,"[3037.54412152626, 11038.604777583078, 11027.8974469365, 10594.788330078642, 10602.309956065741, 10625.483530339043, 10626.484472216887, 10600.214299957164, 10609.565089803828, 10639.24830004821]","[6.320895839482546, 1.739350251853466, 1.741039041429758, 1.8122117593884468, 1.810926117002964, 1.8069765903055668, 1.8068063855171204, 1.8112841360270977, 1.809687752276659, 1.8046387732028961]",1923.103515625,1926.23046875,34.06591796875,34.06591796875,0.0,102.0,102.0,
2,sne_benchmark_2819565_2,ERROR,1,160,512,81920,,,,,,,,,,,,,,,,,,,,,
2,sne_benchmark_2819565_2,ERROR,1,128,1024,131072,,,,,,,,,,,,,,,,,,,,,
2,sne_benchmark_2819565_2,ERROR,1,96,2048,196608,,,,,,,,,,,,,,,,,,,,,
2,sne_benchmark_2819565_2,ERROR,1,64,4096,262144,,,,,,,,,,,,,,,,,,,,,
2,sne_benchmark_2819565_2,ERROR,4,64,384,98304,,,,,,,,,,,,,,,,,,,,,
2,sne_benchmark_2819565_2,ERROR,4,40,512,81920,,,,,,,,,,,,,,,,,,,,,
2,sne_benchmark_2819565_2,ERROR,4,32,1024,131072,,,,,,,,,,,,,,,,,,,,,
2,sne_benchmark_2819565_2,ERROR,4,20,2048,163840,,,,,,,,,,,,,,,,,,,,,
2,sne_benchmark_2819565_2,ERROR,4,16,4096,262144,,,,,,,,,,,,,,,,,,,,,
2,sne_benchmark_2819565_2,OK,4,16,32,2048,1052.7712425738573,322.4685038179159,720.7088813185692,727.607412211597,319.14549044519663,319.1981327105313,319.2489577010274,66.88258294761181,72.07088813185692,112.06122800707816,720.2727067371029,"[452.27532656878617, 757.3949254010097, 751.6892803542037, 749.6379886209919, 750.9835525837585, 747.3972102467148, 752.963807033807, 751.9744582235577, 744.0389140598768, 744.3716042783227]","[113.20537953823805, 67.60013604909182, 68.11325016617775, 68.2996336594224, 68.17725877463818, 68.50440341234207, 67.99795623868704, 68.08741898089647, 68.8136050850153, 68.78284946084023]",3008.498046875,3011.9296875,5.278564453125,5.283203125,0.0,26.0,26.0,
2,sne_benchmark_2819565_2,OK,4,12,64,3072,823.2647008225322,187.8841567784548,625.6140934899449,632.9442713931203,184.5687563344836,184.6316192355007,184.67007163167,59.12156430631876,62.561409348994495,90.8895869255066,1233.554410691151,"[834.674999903991, 1266.486902815497, 1281.3247190588859, 1274.1913359503335, 1284.425564535791, 1274.9572867967447, 1280.830374549356, 1272.9352800772572, 1281.784163232641, 1283.9334799910087]","[92.01186091452837, 60.64018493145704, 59.937967993319035, 60.27352237701416, 59.79326643794775, 60.237312100827694, 59.96110142767429, 60.332996658980846, 59.916483759880066, 59.816183000802994]",2661.353515625,2672.40234375,8.39697265625,8.39697265625,0.0,26.0,26.0,
2,sne_benchmark_2819565_2,OK,4,10,128,5120,859.3335214480758,197.30945751816037,650.9705776944757,659.4538828507066,193.8595909178257,193.9400440249592,194.0640166476369,61.84090365469456,65.09705776944756,89.97819469124079,1964.913189219664,"[1404.3157174632745, 2015.3533917894931, 2013.5436092935845, 2039.8152218717796, 2016.9794627498711, 2027.6706728912268, 2030.8704717371015, 2030.356230621787, 2039.5866699745295, 2030.6404438039947]","[91.14759480953217, 63.51243435591459, 63.56951963156462, 62.75078184902668, 63.46123119443655, 63.12662194669247, 63.02716090530157, 63.043124191462994, 62.757813572883606, 63.0343005284667]",2470.5126953125,2477.9765625,14.9501953125,14.9501953125,0.0,44.0,44.0,
2,sne_benchmark_2819565_2,OK,4,8,256,8192,716.5704592838883,217.32458545267585,486.3498775437474,496.5968031659722,213.74156868457797,213.9077839702368,214.07321892678735,45.93375673145056,48.63498775437474,69.0882059931755,4183.779668752698,"[2907.2391363301463, 4299.13153085951, 4322.510197249213, 4338.418034455986, 4350.536549112347, 4327.853457501583, 4312.42787443975, 4277.202781667147, 4329.675118436784, 4372.802007474512]","[70.44484144449234, 47.63752830773592, 47.37987665832043, 47.206147119402885, 47.07465336471796, 47.3213804513216, 47.490649342536926, 47.88176068663597, 47.30147052556276, 46.834958374500275]",2297.5830078125,2302.6015625,28.0966796875,28.0966796875,0.0,66.0,66.0,
2,sne_benchmark_2819565_2,OK,4,4,384,6144,367.773972786963,146.51540870964527,210.5056825056672,219.04143968224523,142.89987552165985,143.09418137557805,143.30167447775602,19.84802307188511,21.05056825056672,31.369873896241188,7144.63318295715,"[4716.251807238, 7408.830315862124, 7430.593000740716, 7341.082522918501, 7400.875389788508, 7416.038250981991, 7428.828185390543, 7420.709256706189, 7437.3779894820955, 7445.745110462836]","[32.56823559850454, 20.732017531991005, 20.671297699213028, 20.923344686627388, 20.754301607608795, 20.711867280304432, 20.676208436489105, 20.69883008301258, 20.652439638972282, 20.629231557250023]",1933.5322265625,1939.359375,37.6630859375,37.6630859375,0.0,106.0,106.0,
2,sne_benchmark_2819565_2,OK,4,2,512,4096,229.4141808822751,105.23989088088274,114.24528231471776,121.85156931728125,101.55187858641148,101.8315343298018,101.95087414234877,10.6040593162179,11.424528231471776,18.179933860898014,8621.677243496779,"[5302.835961830313, 8963.577072582677, 9036.44880774176, 9036.306621391603, 9033.081259526365, 8931.085774953617, 9050.833304562497, 9054.76851923026, 9025.134834810824, 8782.700278337867]","[19.310421958565712, 11.424010656774044, 11.331885144114494, 11.33206345140934, 11.336109690368176, 11.465571217238903, 11.313875369727612, 11.30895834416151, 11.346090875566006, 11.659284360706806]",1777.423828125,1786.140625,47.2490234375,47.2490234375,0.0,124.0,124.0,
2,sne_benchmark_2819565_2,OK,4,1,1024,4096,128.3831926062703,93.41387228667736,25.648091569542885,33.26267232000828,89.81382398307323,90.02795216999948,90.23795068264008,2.16050685942173,2.564809156954289,6.15872897952795,33381.73361476961,"[14040.16796704463, 35374.02822623406, 35572.19880014246, 35620.75383968811, 35724.603266214304, 35692.95389599219, 35776.9594345698, 33925.73575999966, 36027.8956893254, 36062.03926848551]","[7.293360039591789, 2.8947791680693626, 2.8786525279283524, 2.8747286051511765, 2.8663719296455383, 2.8689135760068893, 2.8621772676706314, 3.018357530236244, 2.842242047190666, 2.8395510092377663]",1939.115234375,1941.921875,77.26904296875,77.26904296875,0.0,244.0,244.0,
2,sne_benchmark_2819565_2,ERROR,2,160,2048,655360,,,,,,,,,,,,,,,,,,,,,
2,sne_benchmark_2819565_2,ERROR,2,128,4096,1048576,,,,,,,,,,,,,,,,,,,,,
2,sne_benchmark_2819565_2,ERROR,2,128,32,8192,,,,,,,,,,,,,,,,,,,,,
2,sne_benchmark_2819565_2,ERROR,2,96,64,12288,,,,,,,,,,,,,,,,,,,,,
2,sne_benchmark_2819565_2,OK,10,4,1024,40960,1274.7882278338077,664.6692861765623,572.3352330029011,607.578185968101,621.7708954513073,645.554956869781,660.9991250708699,55.647363767027855,57.23352330029011,67.87566097825766,16909.92684252908,"[14249.631093329268, 17138.286540087214, 17148.505482773486, 16969.831800338558, 17183.32337781332, 17043.242300528877, 17316.5487203664, 17198.60761735455, 17509.163199936473, 17342.12829276263]","[71.86150948703289, 59.74926359206438, 59.7136584892869, 60.342377699911594, 59.592663042247295, 60.08246447145939, 59.13418525457382, 59.539703607559204, 58.483663000166416, 59.046962559223175]",1932.6734375,1952.69921875,99.95703125,99.95703125,0.0,250.0,250.0,
2,sne_benchmark_2819565_2,OK,10,2,2048,40960,1032.591204546392,663.4085820317268,329.7187698110938,366.7122344523668,615.0815723910928,647.0345809951425,659.7975664436817,31.68975803256035,32.97187698110938,39.44624900072813,28023.386806156337,"[23575.14089409698, 28026.50829411707, 27920.00254129213, 28247.351960816406, 28464.437281053397, 28289.7885818141, 28680.514182330524, 28513.202469357984, 29173.31160396389, 29343.610252720886]","[43.43558346480131, 36.5368382409215, 36.676214426755905, 36.25118564814329, 35.97471433877945, 36.19680638611317, 35.70368346571922, 35.913187973201275, 35.10057459026575, 34.89686480909586]",1756.527734375,1797.96875,188.1875,188.1875,0.0,490.0,490.0,
2,sne_benchmark_2819565_2,OK,10,1,4096,40960,767.8202971145511,658.7781330347061,68.75419630855322,107.26588223129512,636.9026386588812,649.3960670650006,654.9956469833851,6.358603999018669,6.875419630855322,11.137736856937408,97327.47333279166,"[65977.99352364033, 93854.49170374128, 93607.90334549137, 95835.94486144869, 97657.9564809995, 106960.53850539871, 100817.78345113277, 102503.24218530799, 110894.47420222008, 105164.40506853595]","[15.520326480269432, 10.910506054759026, 10.939247258007526, 10.684926219284534, 10.485576771199703, 9.573624201118946, 10.15693823993206, 9.989927910268307, 9.234003834426403, 9.737134911119938]",1941.42578125,1961.25,284.64990234375,284.64990234375,0.0,954.0,954.0,
2,sne_benchmark_2819565_2,OK,10,1,32,320,107.35892455279829,56.13942691683769,42.92712561041117,49.44723953306675,52.02399855107069,52.11934707760811,52.2922663167119,3.7315321639180175,4.2927125610411165,8.698815196752548,1716.2368876313424,"[819.41645280205, 1792.3464695621947, 1812.3598722891206, 1794.8515179367519, 1816.6503837438588, 1810.3955984682987, 1813.252996931066, 1810.270359424899, 1847.5960185497058, 1845.2292066054783]","[9.763045363128185, 4.463422745466232, 4.414134368300438, 4.457193210721016, 4.403709195554256, 4.418923690915108, 4.411960169672966, 4.419229403138161, 4.329950876533985, 4.3355047553777695]",1949.75703125,1972.3359375,10.354541015625,10.35498046875,0.0,26.0,26.0,
2,sne_benchmark_2819565_2,TIMEOUT,8,40,64,20480,,,,,,,,,,,,,,,,,,,,,Subprocess timed out after configured timeout_s
2,sne_benchmark_2819565_2,OK,8,32,128,32768,5421.874939873815,727.1263396143913,4662.111356765032,4688.796439222992,723.3102083802223,723.449822534807,723.5128560736775,457.3806636035442,466.2111356765032,532.6201409623027,1750.6745535024231,"[1529.0609183227975, 1777.6931531964785, 1772.3644837771099, 1780.3543071454014, 1776.2136856632126, 1774.7024108772675, 1775.2317208560182, 1776.2278758902537, 1764.8117612516926, 1780.0852180439986]","[535.753670886159, 460.8219357356429, 462.20741134136915, 460.13313008099794, 461.20576967298985, 461.59851644933224, 461.46088444441557, 461.2020851150155, 464.18548311293125, 460.2026867568493]",4411.69482421875,4427.58203125,22.995849609375,22.99853515625,0.0,50.0,50.0,
2,sne_benchmark_2819565_2,OK,8,20,256,40960,3551.751472838223,641.6972218453884,2872.759296320379,2906.032936245203,629.8928128480911,632.903537507169,638.0421065837145,280.6854555979371,287.2759296320379,331.1798802539706,3531.8074847274142,"[3057.866653191156, 3560.9688725827764, 3571.2268558913133, 3582.2924813134455, 3577.148329535548, 3582.694294817803, 3587.9049496349417, 3584.509295204987, 3609.3122978060196, 3604.1508172961508]","[334.8739876970649, 287.5621878877282, 286.736194960773, 285.85047294199467, 286.26154290139675, 285.8184136673808, 285.40332432836294, 285.6736907809973, 283.71055633574724, 284.1168563440442]",3367.92138671875,3392.14453125,36.759765625,36.759765625,0.0,72.0,72.0,
2,sne_benchmark_2819565_2,OK,8,16,384,49152,3074.6855138093238,762.4388582706451,2272.4671993926167,2308.6863601729274,736.7174278572202,753.1014733333141,758.702611528337,221.9211765527725,227.24671993926168,262.06496949493885,5334.735607634664,"[4620.266638808058, 5362.811657841208, 5402.133784746382, 5404.725023867977, 5405.977993526969, 5406.269377120824, 5429.818218171683, 5422.266769444456, 5436.416459484541, 5456.670153334548]","[265.95867642760277, 229.1335363611579, 227.46567355841398, 227.35661751031876, 227.30392196774483, 227.29167088866234, 226.30591865628958, 226.62108897417784, 226.03124855458736, 225.19228127598763]",3019.39404296875,3040.78125,50.59912109375,50.59912109375,0.0,114.0,114.0,
2,sne_benchmark_2819565_2,OK,8,12,512,49152,2505.7212670594454,757.7465798705816,1705.0051394626498,1744.8813807666302,720.2696799263358,738.8255494423211,754.1736818999052,167.04754254221916,170.500513946265,196.54243558645248,7058.090142518619,"[6124.326332472725, 7115.601233691013, 7100.040030607569, 7158.764926690647, 7166.16631116146, 7162.850742479241, 7177.948834326683, 7178.912005312412, 7204.837350896604, 7191.453657547842]","[200.6424761340022, 172.69095887243748, 173.06944674998522, 171.64972066879272, 171.47243681550026, 171.551808655262, 171.19096671789885, 171.1679985895753, 170.5520805194974, 170.86948738247156]",2655.1240234375,2670.07421875,61.58984375,61.58984375,0.0,134.0,134.0,
2,sne_benchmark_2819565_2,ERROR,8,10,1024,81920,,,,,,,,,,,,,,,,,,,,,
2,sne_benchmark_2819565_2,ERROR,8,8,2048,131072,,,,,,,,,,,,,,,,,,,,,
2,sne_benchmark_2819565_2,ERROR,8,4,4096,131072,,,,,,,,,,,,,,,,,,,,,
2,sne_benchmark_2819565_2,OK,8,4,32,1024,368.3602599576116,93.49408743530512,266.3237921670079,272.46353109925985,89.05820175260305,89.52902465127409,89.85817914456129,25.12286651879549,26.63237921670079,37.81965162605047,953.6443926950384,"[659.1171549754076, 996.923700350181, 979.5093992778534, 972.7648288030797, 980.9562688212621, 993.6077384004515, 979.7688599018053, 993.6552839237382, 992.4372817234412, 987.7034107731628]","[38.83983265608549, 25.67899628728628, 26.13553276658058, 26.316740944981575, 26.096983946859837, 25.764694668352604, 26.128611601889133, 25.763461850583553, 25.795080929994583, 25.918711751699448]",1926.76904296875,1942.65625,3.58453369140625,3.5869140625,0.0,26.0,26.0,
2,sne_benchmark_2819565_2,OK,8,2,64,1024,252.2944130450487,70.21496951580048,172.9028619006276,179.6579247713089,66.0310787782073,66.4107282301411,66.69320153445005,16.20689232647419,17.290286190062762,24.301169343292717,1445.6638108813097,"[1006.8548485870274, 1500.1126727228793, 1505.0584498652217, 1488.53399065762, 1480.083120515776, 1509.9847806481912, 1495.2587936599896, 1502.2227155791584, 1522.6122499812097, 1445.916486596021]","[25.42571060359478, 17.065384797751904, 17.00930618494749, 17.198129273951054, 17.296325892210007, 16.953813262283802, 17.120782107114792, 17.04141452163458, 16.81321032345295, 17.705033615231514]",1744.5107421875,1757.265625,6.21112060546875,6.2138671875,0.0,24.0,24.0,
2,sne_benchmark_2819565_2,OK,8,1,128,1024,107.95576151460408,60.86125392466784,38.62966628372669,45.345825769007206,56.858445920050144,57.05760024674237,57.21849875152111,3.378157578408718,3.862966628372669,8.012242071330547,5997.203142310992,"[2837.054909016608, 6284.028863942153, 6300.945946065392, 6310.938267799744, 6334.673902866225, 6302.8115089803605, 6366.858014751674, 6409.0347335992055, 6397.483325589607, 6428.201950498951]","[9.023441851139069, 4.073819607496262, 4.062882021069527, 4.056449122726917, 4.041249856352806, 4.0616794526577, 4.020821563899517, 3.994361251592636, 4.0015735402703285, 3.9824511110782623]",1926.96826171875,1940.671875,16.78662109375,16.78662109375,0.0,42.0,42.0,
2,sne_benchmark_2819565_2,ERROR,4,96,256,98304,,,,,,,,,,,,,,,,,,,,,
2,sne_benchmark_2819565_2,ERROR,32,1,4096,131072,,,,,,,,,,,,,,,,,,,,,
2,sne_benchmark_2819565_2,OK,32,1,32,1024,191.67233798652887,65.4695741161704,117.8656171411276,124.39404153823853,40.18737557530403,53.02054758206941,59.491206370294094,11.182815961539744,11.78656171411276,15.81028763204813,2080.4565517868823,"[1521.5447882548879, 2124.954373075698, 2132.7167346575548, 2136.2924769119118, 2130.070391774531, 2136.263692012633, 2157.8004655952163, 2151.2851274775308, 2165.302711642971, 2148.3347564658875]","[16.825005874037743, 12.047317497432232, 12.003469370305538, 11.983377873897552, 12.018382161855698, 11.983539342880249, 11.863932929933071, 11.899863794445992, 11.82282729446888, 11.91620622575283]",1923.8193359375,1943.5546875,10.353561401367188,10.35498046875,0.0,26.0,26.0,
2,sne_benchmark_2819565_2,OK,20,16,64,20480,4766.001592978835,379.6902347952128,4359.061945572496,4381.2909417152405,355.8977994918823,365.8672303240746,374.9797158315778,429.2711568698287,435.90619455724953,460.7896353378892,1169.0510719907686,"[1104.8505731236014, 1170.7345303581762, 1165.634959853676, 1178.9531467469492, 1173.5151392659905, 1175.159069234126, 1179.3204084188778, 1174.262305409964, 1181.3226030093974, 1186.7579844869274]","[463.41108241677284, 437.3322787731886, 439.2455765604973, 434.28358574956656, 436.2960330620408, 435.6856985613704, 434.1483419984579, 436.0184241980314, 433.41251466423273, 431.427474424243]",2990.5642578125,3023.3828125,9.2695068359375,9.27001953125,0.0,26.0,26.0,
2,sne_benchmark_2819565_2,OK,20,12,128,30720,4348.233171828091,536.8298007547855,3776.6973490938544,3807.0036714598536,499.1678666695952,516.2370427493006,532.3239430114627,373.7962278723717,377.6697349093855,396.0376875028014,2017.8571275973693,"[1924.8931847168242, 2024.7873254110664, 2024.3151234331767, 2028.1316335271765, 2024.1743641053308, 2025.16700049438, 2024.583239673754, 2030.4854654736419, 2038.3171375154357, 2033.7168016229084]","[398.9831779226661, 379.2990949526429, 379.3875721767545, 378.6736458837986, 379.41395445913076, 379.2279845625162, 379.33732975274324, 378.2346700131893, 376.78140749782324, 377.63369973003864]",2642.692578125,2692.4453125,15.681640625,15.681640625,0.0,46.0,46.0,
2,sne_benchmark_2819565_2,OK,20,10,256,51200,3986.670439459384,848.1187730357051,3092.1739286854863,3134.52768611908,769.1764531359076,820.8268528368324,843.818059079349,306.69678950309753,309.21739286854864,325.6783321797848,4084.825551627154,"[3878.3170842467916, 4082.227101739465, 4109.024117081952, 4100.92933680532, 4103.353264845902, 4106.580234117962, 4109.187157972115, 4114.779558655862, 4118.909772452378, 4124.947888353794]","[330.0400591790676, 313.5543339699507, 311.5094882696867, 312.12437349557877, 311.9399957507849, 311.69487189501524, 311.497128456831, 311.07377242296934, 310.761844933033, 310.30695044994354]",2469.268359375,2532.859375,29.54052734375,29.54052734375,0.0,68.0,68.0,
2,sne_benchmark_2819565_2,ERROR,20,8,384,61440,,,,,,,,,,,,,,,,,,,,,
2,sne_benchmark_2819565_2,OK,20,4,512,40960,1670.2638076245785,683.6082597523928,950.3713463097812,983.8494888022542,587.7984516769648,658.987165653333,679.3315794095397,93.42866661399604,95.0371346309781,104.0515739545226,10418.625356661803,"[9497.045233729477, 10390.48457723762, 10462.729382322774, 10469.506929987941, 10491.816428889657, 10528.362680776776, 10542.816721551355, 10577.732203262662, 10600.118005385682, 10625.641403474088]","[107.82300966233015, 98.55170780420303, 97.87121147662401, 97.80785349756479, 97.5998776704073, 97.2610871270299, 97.12774366140366, 96.80713978409767, 96.6026981472969, 96.37065294384956]",1936.86875,1993.953125,50.1171875,50.1171875,0.0,126.0,126.0,
2,sne_benchmark_2819565_2,OK,20,2,1024,40960,1270.5701142773032,671.8527531847358,558.3056745305657,596.2574306726456,613.8005352765322,654.4668632049113,667.2682424634695,54.98317205160856,55.830567453056574,60.989947110414505,17190.486399093435,"[15734.102578702577, 17155.605537165186, 17203.43291745523, 17180.991162856404, 17339.375424996764, 17353.55329153101, 17509.22018069972, 17583.01878619277, 17425.997366698488, 17419.56674463619]","[65.08156374841928, 59.68894527107477, 59.5230036303401, 59.600752383470535, 59.05633708834648, 59.008088015019894, 58.48347267508507, 58.23800864070654, 58.76277715712786, 58.784470073878765]",1748.0970703125,1824.32421875,94.228515625,94.228515625,0.0,246.0,246.0,
2,sne_benchmark_2819565_2,OK,20,1,2048,40960,814.5366331860423,671.7846287116408,108.40606971085072,140.9605578929186,544.4437192678452,647.8112498451025,667.0788290426135,10.346878707408903,10.840606971085071,14.63546808809042,73223.2135209513,"[56479.476471571645, 73388.7008763752, 74075.17352339887, 73320.98017914171, 74897.6174345342, 75495.06916575668, 75978.2172087374, 73133.9239794763, 77473.00826631737, 77989.96810420374]","[18.13047967106104, 13.953101605176926, 13.823794819414616, 13.965988963842392, 13.671996988356113, 13.563799746334553, 13.477547086775303, 14.001710072159767, 13.217506624758244, 13.129893817007542]",1928.686328125,1973.51953125,146.39599609375,146.39599609375,0.0,488.0,488.0,
2,sne_benchmark_2819565_2,ERROR,10,32,4096,1310720,,,,,,,,,,,,,,,,,,,,,
2,sne_benchmark_2819565_2,OK,10,32,32,10240,4397.21673309803,439.7330362647772,3938.931439206004,3951.914660617709,435.7702319994569,435.8842240691185,435.95058930665255,384.5814147815108,393.8931439206005,457.913857832551,649.4818513726336,"[557.0013555012619, 654.8386981337983, 658.6486551167508, 657.7478351180761, 654.6924488124832, 662.7313046276123, 659.1477835706065, 663.7270399135349, 663.1466344964163, 663.1367584357959]","[459.6039084494114, 390.93596748262644, 388.6745961010456, 389.2069062516093, 391.0232972204685, 386.2802288234234, 388.38027887046337, 385.7007242515683, 386.0383008569479, 386.0440501049161]",4414.1609375,4464.4375,7.54189453125,7.54541015625,0.0,26.0,26.0,
2,sne_benchmark_2819565_2,OK,10,20,64,12800,3236.664389759302,314.40290063619614,2903.835937872529,2918.2039009705186,307.1799173653126,308.92871331349016,310.83206056058407,281.7640781253576,290.3835937872529,334.2587180361152,1099.097618092656,"[952.7241424443683, 1107.0751708128303, 1099.5077415773223, 1117.545303232342, 1112.4285988376332, 1115.6835227450986, 1107.8726834009337, 1129.855137173265, 1125.9064102650545, 1122.3774704377117]","[335.8789661601186, 289.04992943257093, 291.03933323919773, 286.341859318316, 287.6589116230607, 286.8196880891919, 288.8418541178107, 283.2221489921212, 284.21545261889696, 285.10907286405563]",3369.03203125,3405.01953125,10.1435546875,10.1435546875,0.0,28.0,28.0,
2,sne_benchmark_2819565_2,OK,10,16,128,20480,3007.6824361011386,346.5036849528551,2636.24865757674,2657.3055840432644,336.4924694448709,340.04460645243523,342.8783030509949,259.3411014601588,263.624865757674,296.46792078763247,1929.8394292690864,"[1711.5946378017843, 1949.9771125808622, 1953.622980906885, 1950.5224214538766, 1949.6888738258629, 1948.4099397769317, 1960.5449253664576, 1958.3750753624347, 1955.2540538029605, 1960.4042718128069]","[299.136249139905, 262.56718435138464, 262.07717917114496, 262.49377826601267, 262.6060018464923, 262.77837612479925, 261.1518835276365, 261.4412358701229, 261.85855439305305, 261.17062044888735]",3001.00859375,3017.6484375,17.14501953125,17.14501953125,0.0,46.0,46.0,
2,sne_benchmark_2819565_2,OK,10,12,256,30720,2565.188601747155,559.324940636754,1977.614018060267,2002.453950189054,537.5925269126892,548.6279812932014,555.5580036342144,194.13449820131063,197.7614018060267,223.6807117909193,3841.937744848709,"[3391.2561040556634, 3866.5612013732334, 3880.7536649125404, 3892.655260885785, 3890.937639557864, 3888.3006139994354, 3890.70680097293, 3902.9156500381246, 3913.462850209055, 3901.8276624824584]","[226.46476008743048, 198.62610728293657, 197.899703592062, 197.29463528841734, 197.38172932714224, 197.51559260487556, 197.39344013482332, 196.77596670389175, 196.24563446640968, 196.8308358117938]",2656.54921875,2683.82421875,30.984375,30.984375,0.0,68.0,68.0,
2,sne_benchmark_2819565_2,OK,10,10,384,38400,2333.2519922330976,636.7230164781213,1661.929241873324,1693.3888152614236,621.4056771546602,623.9160185225307,632.9061925187707,163.4257714152336,166.19292418733238,187.04730398207903,5677.85564651003,"[5047.011534607388, 5739.898620296678, 5760.670595727546, 5729.752962572117, 5727.054408817404, 5756.603825035252, 5742.892601543522, 5767.797935768659, 5757.349238682458, 5749.524742049279]","[190.21157241612673, 167.25034072995186, 166.64726511389017, 167.54649044573307, 167.62543734908104, 166.76499359309673, 167.16314697265625, 166.44133700430393, 166.7434022501111, 166.97032243013382]",2472.333203125,2489.83984375,44.13134765625,44.13134765625,0.0,108.0,108.0,
2,sne_benchmark_2819565_2,OK,10,8,512,40960,1932.0118831843135,655.0889295861125,1239.1334207057953,1273.729777611792,629.3379442319274,641.777783447504,651.2132982164621,121.21063309907912,123.91334207057952,142.10350891947746,8055.859720369983,"[7035.636829030567, 8151.1402214874015, 8149.0227762325785, 8151.968395851924, 8128.865322459092, 8163.736454784924, 8147.424124019255, 8164.196565860804, 8216.05377566267, 8250.552738310615]","[145.54474952071905, 125.62659605592489, 125.65923891961575, 125.61383340507746, 125.97084087133408, 125.43276055902243, 125.68389523029327, 125.42569152265787, 124.63404305279255, 124.11289673298597]",2298.14921875,2317.765625,55.853515625,55.853515625,0.0,130.0,130.0,
2,sne_benchmark_2819565_2,ERROR,80,4,384,122880,,,,,,,,,,,,,,,,,,,,,
2,sne_benchmark_2819565_2,ERROR,80,2,512,81920,,,,,,,,,,,,,,,,,,,,,
2,sne_benchmark_2819565_2,ERROR,80,1,1024,81920,,,,,,,,,,,,,,,,,,,,,
2,sne_benchmark_2819565_2,ERROR,40,8,2048,655360,,,,,,,,,,,,,,,,,,,,,
2,sne_benchmark_2819565_2,ERROR,40,4,4096,655360,,,,,,,,,,,,,,,,,,,,,
2,sne_benchmark_2819565_2,OK,40,4,32,5120,1427.0663859397173,149.88970191776752,1264.0035260617733,1273.9671056568625,126.0153428390622,134.86625545732676,143.20227973163128,124.69391418993472,126.40035260617734,135.13655143976212,1005.3056716594252,"[938.1239041725977, 1013.4127089954204, 1010.6130307903079, 1015.1215952111013, 1008.8446559519226, 1013.0403393568325, 1006.522476544056, 1010.9559513537977, 1017.8881279555649, 1018.5339262626507]","[136.44253113120794, 126.30589577555656, 126.65579811483622, 126.0932686328888, 126.87780942767859, 126.35232283174992, 127.17053318023682, 126.61283592879772, 125.75055792927742, 125.67082617431879]",1919.3587890625,1968.34765625,3.5852294921875,3.5869140625,0.0,26.0,26.0,
3,sne_benchmark_2819323_3,TIMEOUT,4,32,256,32768,,,,,,,,,,,,,,,,,,,,,Subprocess timed out after configured timeout_s
3,sne_benchmark_2819323_3,ERROR,4,40,1024,163840,,,,,,,,,,,,,,,,,,,,,
3,sne_benchmark_2819323_3,OK,8,2,64,1024,260.1242039911449,65.02528471127152,186.39788634702563,192.67985954880717,59.18588679656386,60.44203707203269,61.16176538914442,17.817897755652666,18.63978863470256,24.90231584385037,1342.6457485108726,"[987.0548081271962, 1385.4694277301708, 1391.3276611820077, 1392.6970327369313, 1387.1608413278618, 1390.9871278004175, 1388.5078548176286, 1391.865429037779, 1345.055868215377, 1366.3314341333555]","[25.935743171721697, 18.477491807192564, 18.399691686034203, 18.38160016015172, 18.45496155694127, 18.404196191579103, 18.437058106064796, 18.392582692205906, 19.03266667574644, 18.736303184181452]",1740.4892578125,1754.78515625,6.2138671875,6.2138671875,0.0,24.0,24.0,
3,sne_benchmark_2819323_3,OK,8,4,256,8192,648.576776817441,202.49411319196224,431.87200890108943,443.2856846600771,198.3217552639544,198.417002805043,198.51887088641524,41.76970052346587,43.18720089010894,54.11460722982884,4647.356807568498,"[3686.849181751754, 4758.191140574129, 4756.413880674228, 4757.953733399591, 4767.996389636207, 4756.527469509774, 4732.232015545762, 4766.516127578532, 4747.653213183405, 4743.234923831602]","[55.54878702759743, 43.04156641662121, 43.05764913186431, 43.04371405765414, 42.953052658587694, 43.056620888412, 43.2776751704514, 42.966391913592815, 43.13710180670023, 43.177283708006144]",1937.09375,1939.93359375,25.208984375,25.208984375,0.0,64.0,64.0,
3,sne_benchmark_2819323_3,ERROR,8,8,1024,65536,,,,,,,,,,,,,,,,,,,,,
3,sne_benchmark_2819323_3,OK,8,12,64,6144,1211.0713678710165,312.9187934361398,884.4610244706273,894.7541648522019,308.71833861991763,308.9403404532932,309.1576977483928,84.1019490621984,88.44610244706273,120.33919003605844,1735.817910303138,"[1261.4196999367894, 1783.1964415377688, 1794.628437944233, 1805.3207362737269, 1784.5566568994748, 1761.3694438386651, 1793.8560366742229, 1782.7949756499413, 1795.708737278459, 1795.327936998098]","[121.76756079494953, 86.13745318353176, 85.58874737098813, 85.08183444291353, 86.07179794833064, 87.2048737630248, 85.62560030445457, 86.15685039386153, 85.5372571349144, 85.55540012195706]",2638.58642578125,2649.34375,8.39569091796875,8.39697265625,0.0,26.0,26.0,
3,sne_benchmark_2819323_3,TIMEOUT,8,16,256,32768,,,,,,,,,,,,,,,,,,,,,Subprocess timed out after configured timeout_s
3,sne_benchmark_2819323_3,ERROR,8,20,1024,163840,,,,,,,,,,,,,,,,,,,,,
3,sne_benchmark_2819323_3,TIMEOUT,8,40,64,20480,,,,,,,,,,,,,,,,,,,,,Subprocess timed out after configured timeout_s
3,sne_benchmark_2819323_3,ERROR,10,1,256,2560,,,,,,,,,,,,,,,,,,,,,
3,sne_benchmark_2819323_3,OOM,10,2,1024,20480,,,,,,,,,,,,,,,,,,,,,"CUDA error: out of memory
Search for `cudaErrorMemoryAllocation' in https://docs.nvidia.com/cuda/cuda-runtime-api/group__CUDART__TYPES.html for more information.
CUDA kernel errors might be asynchronously reported at some other API call, so the stacktrace below might be incorrect.
For debugging consider passing CUDA_LAUNCH_BLOCKING=1
Compile with `TORCH_USE_CUDA_DSA` to enable device-side assertions.
"
3,sne_benchmark_2820705_3,ERROR,1,44,4096,180224,,,,,,,,,,,,,,,,,,,,,
3,sne_benchmark_2820705_3,ERROR,2,44,4096,360448,,,,,,,,,,,,,,,,,,,,,
3,sne_benchmark_2819323_3,OK,4,20,64,5120,1171.7422731220722,191.4479647092521,968.3877733126284,977.3408723026514,162.2049929574132,180.5778309823945,187.9436874911189,90.0943684540689,96.83877733126285,140.21270805597305,1331.1460256809148,"[904.9664842614052, 1378.657231266741, 1384.2607411990552, 1390.2400782006644, 1371.1627249364515, 1379.907480547906, 1354.1222895118847, 1340.6346115953315, 1407.4350718002745, 1400.0735434894339]","[141.44170223549008, 92.84396229684353, 92.46812843158841, 92.07042870298028, 93.35142917186022, 92.75984209403396, 94.52617462351918, 95.47717095538974, 90.94558076933026, 91.42376884073019]",3375.474609375,3376.8125,10.1435546875,10.1435546875,0.0,28.0,28.0,
3,sne_benchmark_2819323_3,ERROR,40,4,256,40960,,,,,,,,,,,,,,,,,,,,,
3,sne_benchmark_2819323_3,ERROR,40,8,1024,327680,,,,,,,,,,,,,,,,,,,,,
3,sne_benchmark_2819323_3,ERROR,80,2,64,10240,,,,,,,,,,,,,,,,,,,,,
3,sne_benchmark_2819323_3,ERROR,80,4,256,81920,,,,,,,,,,,,,,,,,,,,,
3,sne_benchmark_2819323_3,ERROR,20,1,1024,20480,,,,,,,,,,,,,,,,,,,,,
3,sne_benchmark_2819323_3,ERROR,20,4,64,5120,,,,,,,,,,,,,,,,,,,,,
3,sne_benchmark_2819323_3,ERROR,20,8,256,40960,,,,,,,,,,,,,,,,,,,,,
3,sne_benchmark_2819323_3,ERROR,20,10,1024,204800,,,,,,,,,,,,,,,,,,,,,
3,sne_benchmark_2819323_3,ERROR,20,16,64,20480,,,,,,,,,,,,,,,,,,,,,
3,sne_benchmark_2819323_3,ERROR,32,1,256,8192,,,,,,,,,,,,,,,,,,,,,
3,sne_benchmark_2819323_3,ERROR,32,2,1024,65536,,,,,,,,,,,,,,,,,,,,,
3,sne_benchmark_2819323_3,ERROR,32,8,64,16384,,,,,,,,,,,,,,,,,,,,,
3,sne_benchmark_2819323_3,ERROR,32,10,256,81920,,,,,,,,,,,,,,,,,,,,,
3,sne_benchmark_2819323_3,ERROR,32,12,1024,393216,,,,,,,,,,,,,,,,,,,,,
3,sne_benchmark_2819323_3,ERROR,40,2,64,5120,,,,,,,,,,,,,,,,,,,,,
3,sne_benchmark_2819323_3,OK,1,12,1024,12288,608.9090495817363,202.6423354782164,389.91647335514426,403.7803274802864,199.5533049218357,199.5533049218357,199.5533049218357,35.705269515514374,38.99164733551443,64.75796195864677,7838.501237456611,"[4628.036711563412, 8186.589268639706, 8113.6733563938305, 8171.740847671034, 8186.95352977209, 8215.206100491616, 8165.0516047587325, 8193.799040018845, 8255.966235032336, 8267.995680224509]","[66.37803871184587, 37.52478473260999, 37.86201224848628, 37.592968955636024, 37.523115146905184, 37.394070975482464, 37.62376710772514, 37.4917664565146, 37.209454502910376, 37.155316945165396]",2637.68359375,2637.68359375,122.87109375,122.87109375,0.0,264.0,264.0,
3,sne_benchmark_2819323_3,OK,4,2,1024,8192,309.9447583593428,154.11253152787685,142.8219212964177,153.5193628668785,148.50189860537648,149.50963158998638,150.4190215356648,13.480201039463282,14.282192129641771,19.95527047663927,13514.443374884417,"[9585.079964603134, 13896.413006705126, 13741.11367172442, 13919.729326290513, 13888.783094245011, 14125.918019616192, 14092.526553091633, 14010.517091658468, 13878.821930025859, 14005.531090883787]","[21.36654057726264, 14.73761609569192, 14.904177702963352, 14.712929770350456, 14.74571232125163, 14.498172771185637, 14.532525394111872, 14.617590390145779, 14.756295673549175, 14.622794285416603]",1726.8359375,1728.53515625,94.228515625,94.228515625,0.0,246.0,246.0,
3,sne_benchmark_2819323_3,OK,4,8,64,2048,418.852401509881,105.71581274271011,303.4775695540011,310.64100674912333,99.01220104470848,100.58884833566844,102.1693308353424,27.70136084035039,30.347756955400108,49.57461141049862,1696.708203075289,"[1010.2904426147313, 1806.3066792908787, 1765.4157098202402, 1786.5161922603781, 1794.0160851320747, 1787.6626904904308, 1756.1775247168143, 1754.037638862976, 1738.3735840023685, 1768.2854835619978]","[50.67849584668875, 28.345131304115057, 29.001667831093073, 28.659130111336708, 28.53932048007846, 28.640749886631966, 29.154228020459414, 29.18979551270604, 29.452817548066378, 28.954600643366575]",2261.5458984375,2272.91796875,7.5234375,7.5234375,0.0,24.0,24.0,
3,sne_benchmark_2819323_3,OK,4,10,256,10240,730.9124271534383,166.10180897265673,549.3149718120694,562.2475927807391,141.78581028804183,155.1612187558785,162.4739293344319,51.98774150758982,54.93149718120694,78.04578025639057,4618.238552204079,"[3216.1324036702545, 4770.347639925801, 4778.431847042876, 4727.061854559411, 4741.946454691767, 4788.039344393381, 4782.462532261865, 4776.711263737583, 4799.227538611975, 4802.024643145873]","[79.59871294721961, 53.6648519821465, 53.574061155319214, 54.15626193955541, 53.986269656568766, 53.46656148508191, 53.528908647596836, 53.59335866570473, 53.341917619109154, 53.31084678322077]",2459.0341796875,2469.3125,29.54052734375,29.54052734375,0.0,68.0,68.0,
3,sne_benchmark_2819323_3,OK,4,12,1024,49152,1446.2093268185854,579.8626418448985,820.4388780631125,863.6086992323399,527.4079834483564,552.1688061328605,576.3304796777666,78.3305271230638,82.04388780631125,109.17680027708413,14351.706604870173,"[10835.819937406364, 14712.184197792434, 14581.947179383336, 14754.88736503476, 14752.882563788176, 14779.756283983173, 14744.077949286399, 14708.438173366198, 14787.700527474133, 14859.37187118675]","[113.40166291967034, 83.52260843664408, 84.26858120411634, 83.28087972477078, 83.29219694435596, 83.1407484933734, 83.34193594381213, 83.54388042539358, 83.09608364850283, 82.69528555124998]",2624.935546875,2630.23046875,122.87109375,122.87109375,0.0,264.0,264.0,
3,sne_benchmark_2819323_3,OK,1,1,256,256,73.46122608333826,50.744742810726166,13.600668866187334,20.1370301283896,47.609095469117165,47.609095469117165,47.609095469117165,0.9501221142709256,1.360066886618733,4.96023840457201,3944.534195871448,"[964.0037746859623, 4162.00991239387, 4263.733846672928, 4281.1700802035475, 4302.2638925391075, 4285.220796984403, 4271.974663287318, 4311.605566300073, 4303.140390395541, 4300.219035251729]","[6.638978153467178, 1.5377185866236687, 1.5010317787528038, 1.494918417185545, 1.4875888973474503, 1.4935053065419197, 1.4981362260878086, 1.4843658357858658, 1.4872858934104443, 1.4882962815463543]",1997.41796875,1997.41796875,25.42626953125,25.42626953125,0.0,62.0,62.0,
3,sne_benchmark_2819566_3,ERROR,1,96,32,3072,,,,,,,,,,,,,,,,,,,,,
3,sne_benchmark_2819566_3,ERROR,1,96,4096,393216,,,,,,,,,,,,,,,,,,,,,
3,sne_benchmark_2819566_3,ERROR,1,128,2048,262144,,,,,,,,,,,,,,,,,,,,,
3,sne_benchmark_2819566_3,ERROR,1,160,1024,163840,,,,,,,,,,,,,,,,,,,,,
3,sne_benchmark_2819566_3,OK,2,1,512,1024,71.82061403989792,48.4440888389945,15.81699326261878,21.71095262095332,45.31133827194572,45.31431238912046,45.3172865062952,1.1870596818625927,1.581699326261878,5.112659115344286,13756.365133940064,"[4167.440584893872, 14709.651232562463, 14816.661432462923, 14836.360100355872, 14870.804173683106, 14823.441178881014, 14814.240424660766, 14830.431998494225, 14845.854298617438, 14848.765914788968]","[6.142859023064375, 1.7403539754450321, 1.727784637361765, 1.7254906073212624, 1.7214939892292023, 1.7269944064319134, 1.7280669994652271, 1.7261803299188614, 1.7243871241807938, 1.7240489982068539]",1923.85546875,1924.796875,42.70556640625,42.70556640625,0.0,122.0,122.0,
3,sne_benchmark_2819323_3,OK,1,20,64,1280,667.9899481646717,196.63544343039396,462.2449622862041,468.781095277518,193.5171973593533,193.5171973593533,193.5171973593533,40.746422447264194,46.22449622862041,88.54286042973399,719.5741649774119,"[357.0217871315555, 767.2589731759732, 767.7830617921131, 768.4463555964344, 764.1667723526701, 754.0712465835128, 773.9627337535306, 734.3169216034979, 766.5871283628529, 742.1266694219785]","[89.63038434460759, 41.70690877363086, 41.678439643234015, 41.64246439188719, 41.87567577883601, 42.436308432370424, 41.34565994516015, 43.57791446521878, 41.74346113577485, 43.11932358518243]",3399.515625,3399.515625,10.1435546875,10.1435546875,0.0,28.0,28.0,
3,sne_benchmark_2819323_3,OK,1,32,256,8192,1515.141221769154,337.1405399478972,1163.6138880103829,1174.8523764275014,333.99374152347445,333.99374152347445,333.99374152347445,107.30532905831932,116.36138880103826,179.69803316146135,1782.6535452619066,"[1130.7034345892057, 1886.4480419243414, 1875.6261506995713, 1836.018042424989, 1831.6002391566788, 1868.825900368065, 1850.0187219494069, 1872.5887347575247, 1835.288037532043, 1839.41814921724]","[181.12618546560407, 108.56381699815392, 109.19020292162895, 111.54574479535222, 111.81479212641716, 109.58752228319645, 110.70158240571618, 109.36731392145157, 111.5901132747531, 111.33955598250031]",4492.625,4492.625,45.4228515625,45.4228515625,0.0,76.0,76.0,
3,sne_benchmark_2819323_3,TIMEOUT,1,40,1024,40960,,,,,,,,,,,,,,,,,,,,,Subprocess timed out after configured timeout_s
3,sne_benchmark_2819323_3,OK,2,2,64,256,113.95702243223786,53.22818247228861,52.758772399276495,58.49260219186544,49.78290290012956,49.79341235011816,49.80392180010677,4.539296917617321,5.27587723992765,11.283790871500967,1175.4757148574884,"[520.6966622569103, 1252.2640016917385, 1257.1653157683413, 1260.9062863914232, 1263.3955546188806, 1254.6884970679807, 1265.0712766171807, 1258.010392485411, 1159.1477286720663, 1263.4114330049501]","[12.2912253215909, 5.110743414610624, 5.090818144381046, 5.075714245438576, 5.065713565796614, 5.100867677479982, 5.059003487229347, 5.08739835396409, 5.521297968924046, 5.065649900585413]",1750.939453125,1768.59375,6.2138671875,6.2138671875,0.0,24.0,24.0,
3,sne_benchmark_2819323_3,OK,2,4,256,2048,200.291239656508,75.84485521167517,115.25936978682876,122.08700738847256,72.44994976744056,72.45183018781245,72.45371060818434,10.211900915950537,11.525936978682877,21.892131943255663,4410.050949051038,"[2223.684359839492, 4714.233292413986, 4689.428675726747, 4610.498539019204, 4624.94526308345, 4652.752900110826, 4653.33072120949, 4661.403904479705, 4633.488233388697, 4636.743601238782]","[23.02485052496195, 10.860726829618216, 10.918174374848604, 11.105089735239744, 11.070401288568974, 11.004237942397594, 11.002871505916119, 10.983815401792526, 11.04999029263854, 11.042232308536768]",1918.275390625,1922.78515625,25.208984375,25.208984375,0.0,64.0,64.0,
3,sne_benchmark_2819323_3,OK,2,8,1024,16384,425.2140719741583,154.43181332945824,251.428954154253,268.3270889185369,151.04422987625003,151.04434704594314,151.04446421563625,22.881183985620737,25.1428954154253,44.15308652445674,15826.3814848067,"[8860.266360710606, 16666.955010923004, 16490.72776703167, 16756.509729130063, 16531.98165223126, 16623.2234533167, 16653.594757070383, 16558.2315010393, 16579.663633341945, 16542.66098327209]","[46.22885851562023, 24.575574826449156, 24.838200338184834, 24.44423132389784, 24.776219125837088, 24.640227038413286, 24.595290444791317, 24.736941259354353, 24.70496441051364, 24.760224513709545]",2270.890625,2273.8203125,111.4140625,111.4140625,0.0,256.0,256.0,
3,sne_benchmark_2819323_3,OK,2,12,64,1536,403.8975450731814,145.4185566715896,249.22772393375635,255.95662317797544,142.00399957597256,142.00792766548693,142.0118557550013,21.48935735225677,24.922772393375634,52.87582873925567,1611.356046643298,"[711.5529637271443, 1729.2441316898644, 1696.9365888603777, 1715.1429013146123, 1706.6548561630939, 1736.8183394033108, 1705.9987000528547, 1726.7431500301316, 1687.102262852355, 1697.3665723392362]","[53.96646765246987, 22.206234097480774, 22.629012923687696, 22.388805020600557, 22.500155705958605, 22.109393440186977, 22.50880964845419, 22.238397181034088, 22.760920215398073, 22.623280454427004]",2643.37109375,2644.80859375,8.39697265625,8.39697265625,0.0,26.0,26.0,
3,sne_benchmark_2819323_3,OK,2,16,256,8192,712.8271933495998,196.7754629328847,501.5571456551552,513.408798404038,193.3856187872589,193.3990264367312,193.4124340862036,45.5597843490541,50.15571456551552,84.8566308543086,4122.032910051442,"[2372.696934965677, 4356.178204833108, 4354.064871207042, 4249.040013705936, 4331.326999488317, 4284.759423066181, 4257.160505534619, 4333.842041266963, 4371.517774682365, 4309.742331764208]","[86.31527987495065, 47.013687312603, 47.0365063585341, 48.199122469872236, 47.28343069553375, 47.79731597006321, 48.10718311741948, 47.255990885198116, 46.84871720895171, 47.52024233341217]",3004.154296875,3019.16796875,33.8720703125,33.8720703125,0.0,70.0,70.0,
3,sne_benchmark_2819323_3,OK,2,20,1024,40960,1161.5370251499116,333.8895733691752,788.1962702274323,824.8771061263978,330.472496278584,330.480766300112,330.48903632164,73.21130292117596,78.81962702274322,125.2670673057437,12713.273185522708,"[7941.268591631682, 13199.099970278956, 13102.736377467763, 13234.066124912284, 13267.131125432245, 13212.95872420838, 13285.486791003717, 13305.849917391148, 13333.345371852633, 13250.788861048273]","[128.9466523118317, 77.58104736730456, 78.15161432698369, 77.37606796994805, 77.18322750553489, 77.49967447668314, 77.0765886195004, 76.95863145589828, 76.79993065819144, 77.27841796725988]",3391.08203125,3399.2578125,145.78515625,145.78515625,0.0,276.0,276.0,
3,sne_benchmark_2819323_3,OK,2,40,64,5120,1609.0000528246164,400.806307412684,1196.289855249226,1204.873880468309,397.4068669229746,397.41189632192254,397.4169257208705,106.36151348799469,119.6289855249226,215.51178701221943,1108.6095902192594,"[590.5657946369549, 1135.7016152847023, 1183.0465775460998, 1156.6808667690243, 1149.7431977466078, 1154.4049529486251, 1163.5171820421983, 1192.4164741385166, 1194.51637560548, 1165.502865474384]","[216.74130327627063, 112.70565989986062, 108.19523290917277, 110.66146564483643, 111.32920834049582, 110.87963515147567, 110.01126753911376, 107.34504493698478, 107.1563375890255, 109.82383981347084]",5179.93359375,5182.1953125,14.504638671875,14.509765625,0.0,30.0,30.0,
3,sne_benchmark_2819323_3,OK,4,1,256,1024,93.66330456361176,45.7579563818872,40.1248699426651,46.12802371382713,41.504745710641146,41.88665589969605,42.2202204875648,3.6643535308539863,4.01248699426651,7.035521529614925,5768.364827676136,"[3176.177863447067, 6036.555384031963, 6032.713704540715, 6068.869009235089, 6059.490320660732, 6045.96416224815, 6065.457876198776, 6076.409111124205, 6068.25278279701, 6053.758062477653]","[8.060002021491528, 4.2408291436731815, 4.243529736995697, 4.218248896300793, 4.224777769297361, 4.234229531139135, 4.220621183514595, 4.213014550507069, 4.218677256256342, 4.228778179734945]",1908.34375,1913.29296875,25.42626953125,25.42626953125,0.0,62.0,62.0,
3,sne_benchmark_2819566_3,OK,40,4,64,10240,1755.395184226334,222.22500977665183,1517.9669015333056,1529.8002473711967,190.8633712977171,207.07760492414235,215.4207301735878,149.97118908911943,151.79669015333056,160.03361758589745,1674.021609635705,"[1585.2846635149522, 1676.7896306620878, 1677.2489689302906, 1680.3062871694724, 1678.7935692878832, 1682.5416692159558, 1692.5130695487487, 1681.2165105014014, 1690.2049651325372, 1695.3167623937213]","[161.48519309610128, 152.67269985377789, 152.63088828325272, 152.3531762957573, 152.49045784026384, 152.1507637426257, 151.2543711513281, 152.2706911340356, 151.46092058718204, 151.00422863662243]",1911.78681640625,1937.27734375,6.64910888671875,6.650390625,0.0,24.0,24.0,
3,sne_benchmark_2819566_3,OK,40,8,32,10240,2954.0535149499774,235.1225373744965,2701.88402851671,2714.441982984543,218.71948029845956,222.8936213230714,228.3413777500391,266.058250926435,270.18840285167096,283.6269782334566,943.4152492115244,"[897.4346072797774, 938.4848490937327, 939.8568291076301, 948.244070303343, 951.4793641316287, 951.8026560369154, 948.0305210373788, 943.0822329201367, 957.5223880983376, 958.2149741063619]","[285.25755294412374, 272.78010960668325, 272.38191187381744, 269.9726874306798, 269.054705388844, 268.96331752836704, 270.03350031375885, 271.45034766197205, 267.35667299479246, 267.1634308770299]",2274.46923828125,2312.26171875,4.14937744140625,4.15234375,0.0,26.0,26.0,
3,sne_benchmark_2819566_3,ERROR,40,8,4096,1310720,,,,,,,,,,,,,,,,,,,,,
3,sne_benchmark_2819566_3,ERROR,80,1,2048,163840,,,,,,,,,,,,,,,,,,,,,
3,sne_benchmark_2819566_3,ERROR,80,2,1024,163840,,,,,,,,,,,,,,,,,,,,,
3,sne_benchmark_2819566_3,ERROR,80,4,512,163840,,,,,,,,,,,,,,,,,,,,,
3,sne_benchmark_2819566_3,ERROR,2,96,128,24576,,,,,,,,,,,,,,,,,,,,,
3,sne_benchmark_2819566_3,ERROR,2,128,64,16384,,,,,,,,,,,,,,,,,,,,,
3,sne_benchmark_2819566_3,ERROR,2,160,32,10240,,,,,,,,,,,,,,,,,,,,,
3,sne_benchmark_2819566_3,ERROR,2,160,4096,1310720,,,,,,,,,,,,,,,,,,,,,
3,sne_benchmark_2819566_3,OK,4,1,2048,8192,186.64667911827564,146.68080842494965,27.617722064256668,38.24243205040693,143.41638084501028,143.4528122600168,143.4828476011753,2.346426859498024,2.761772206425667,6.291156455874443,57011.11037449386,"[26797.338927551802, 61838.124102105314, 55283.06902513581, 60105.489467318344, 61029.519967798515, 61542.3259134227, 61376.156969966454, 58283.32008261885, 61795.11183769579, 62060.64745132503]","[7.642549902200699, 3.3118727803230286, 3.7045700177550316, 3.4073426872491837, 3.3557530865073204, 3.327791027724743, 3.336800642311573, 3.5138698294758797, 3.3141779974102974, 3.2999977990984917]",1921.2734375,1925.59765625,146.39599609375,146.39599609375,0.0,488.0,488.0,
3,sne_benchmark_2819323_3,OK,1,2,1024,2048,136.80853353068233,66.77941874042153,61.057935528457165,67.79852873831987,63.650052674114704,63.650052674114704,63.650052674114704,5.415215205401182,6.105793552845716,11.77936877310276,7951.843750648739,"[3978.247168797075, 8461.696695391745, 8401.025607020425, 8411.615472820322, 8462.642933782134, 8463.573560406994, 8312.128558686392, 8288.843216931906, 8406.30994735411, 8332.354345296284]","[12.869989678263664, 6.050795938819647, 6.094493981450796, 6.086821272969246, 6.050119377672672, 6.049454126507044, 6.159673739224672, 6.17697773501277, 6.090662885457277, 6.144721873104572]",1785.44921875,1785.44921875,94.228515625,94.228515625,0.0,246.0,246.0,
3,sne_benchmark_2819323_3,OK,1,8,64,512,257.68813091889024,102.73159559071064,146.67072334885597,152.62030613049865,99.62868997827172,99.62868997827172,99.62868997827172,12.052385598421097,14.667072334885598,33.62160163000226,916.5384882608116,"[369.1220073353094, 978.9909090388612, 984.3971600776005, 962.7330920685099, 956.272907958423, 972.800567005488, 1004.8093826731149, 1016.7741812839253, 960.030680176581, 959.4539949903041]","[34.676881209015846, 13.074687294661999, 13.00288188457489, 13.295481484383345, 13.385300256311893, 13.157887067645788, 12.738734550774097, 12.588832639157772, 13.332907233387232, 13.340921051800251]",2274.515625,2274.515625,7.5234375,7.5234375,0.0,24.0,24.0,
3,sne_benchmark_2819323_3,OK,1,10,256,2560,400.2727993503213,131.31208220496774,259.2013424038887,266.5546743385494,128.1877605021,128.1877605021,128.1877605021,23.07947662472725,25.92013424038887,47.95132413879037,2514.4467820195864,"[1304.3253422041307, 2634.6315700398213, 2632.2393664810065, 2652.952965952333, 2631.4728008380994, 2670.1457287096678, 2655.0262575774173, 2695.096215909908, 2645.2219805052764, 2623.355591978205]","[49.06751247495413, 24.29182156920433, 24.31389820203185, 24.124061308801174, 24.32098100334406, 23.968729238957167, 24.1052229963243, 23.746833089739084, 24.19456683471799, 24.396235186606646]",2459.16796875,2459.16796875,29.54052734375,29.54052734375,0.0,68.0,68.0,
3,sne_benchmark_2819566_3,OK,1,32,256,8192,1683.2157950997353,384.6099560409784,1285.1514092981815,1295.49790808931,381.485724274069,381.485724274069,381.485724274069,118.13832855969667,128.51514092981816,209.1248386502266,1626.334040817306,"[972.86354661335, 1683.7668535490643, 1682.1074459909357, 1690.1380411849127, 1697.6469762814213, 1700.5483807537141, 1708.5279625256464, 1709.3825793829312, 1698.226824871084, 1720.1317970200005]","[210.51256439089775, 121.63204161450267, 121.75203224271536, 121.17353435605764, 120.63756650313735, 120.43173973634839, 119.86927020922303, 119.80934079363942, 120.59637558460236, 119.06064428016543]",4424.66796875,4424.66796875,45.4228515625,45.4228515625,0.0,76.0,76.0,
3,sne_benchmark_2819566_3,OK,1,40,128,5120,2043.4079605564475,446.6541727110744,1584.784902501851,1593.3879037350416,443.5250225737691,443.5250225737691,443.5250225737691,144.34620175510645,158.47849025018513,252.6937663890421,824.6175574850694,"[503.81498700337124, 859.5451902984514, 881.9297264423944, 844.9617048881414, 859.0702107232551, 862.705165440884, 852.5679131453867, 860.9070033949764, 852.92510360236, 867.7485699114727]","[254.06151722744107, 148.9159632846713, 145.13628032058477, 151.48615524172783, 148.99829886108637, 148.37050376832485, 150.13466731086373, 148.6804027557373, 150.07179347798228, 147.5081658884883]",5107.0078125,5107.0078125,25.92529296875,25.92529296875,0.0,52.0,52.0,
3,sne_benchmark_2819566_3,OK,1,64,64,4096,3395.201113957912,810.7560713365674,2572.1573388576508,2579.880737632513,807.6357828974724,807.6357828974724,807.6357828974724,236.90389113873243,257.2157338857651,405.9086955934763,406.94762308643664,"[251.55805207179145, 424.48996749567266, 429.7251213376675, 422.9730671451632, 418.3485014945803, 430.95690030147324, 429.9267901107777, 425.56417934320496, 417.28161354579265, 418.6520380182428]","[407.063097987324, 241.2306717261672, 238.29186360165477, 242.0957927443087, 244.7720014154911, 237.61076787114143, 238.18008636683226, 240.621755708009, 245.39782409742475, 244.5945336483419]",7240.38671875,7240.38671875,19.7392578125,19.7392578125,0.0,32.0,32.0,
3,sne_benchmark_2819566_3,ERROR,20,1,4096,81920,,,,,,,,,,,,,,,,,,,,,
3,sne_benchmark_2819566_3,ERROR,20,2,2048,81920,,,,,,,,,,,,,,,,,,,,,
3,sne_benchmark_2819566_3,ERROR,20,4,1024,81920,,,,,,,,,,,,,,,,,,,,,
3,sne_benchmark_2819566_3,ERROR,20,8,512,81920,,,,,,,,,,,,,,,,,,,,,
3,sne_benchmark_2819566_3,ERROR,20,10,384,76800,,,,,,,,,,,,,,,,,,,,,
3,sne_benchmark_2819566_3,ERROR,20,12,256,61440,,,,,,,,,,,,,,,,,,,,,
3,sne_benchmark_2819566_3,ERROR,4,96,384,147456,,,,,,,,,,,,,,,,,,,,,
3,sne_benchmark_2819566_3,OK,8,1,256,2048,126.10834331065416,77.97161181271076,39.42523580789566,46.39033254235983,74.09409841150045,74.276460936293,74.51445293426514,3.434397131204605,3.942523580789566,8.3566310480237,11775.093958273968,"[5425.7148851462, 12527.109629268014, 12599.910535920246, 12273.059233256718, 12314.312941197288, 12278.703625326643, 12287.156908435234, 12650.186951195248, 12700.840004875223, 12693.944868118855]","[9.436544507741928, 4.087135940790176, 4.0635209158062935, 4.171739012002945, 4.1577634289860725, 4.169821307063103, 4.166952565312386, 4.04737101495266, 4.031229428946972, 4.033419124782085]",1931.34130859375,1943.875,25.42626953125,25.42626953125,0.0,62.0,62.0,
3,sne_benchmark_2819566_3,OK,8,2,128,2048,290.69770549982786,86.84973641484976,194.62114430963996,201.46469365805387,80.57858537137508,82.49841533694416,83.15303374826908,18.59276097267866,19.462114430963997,26.209701873362064,2568.91560814887,"[1877.3528320981366, 2646.9591952271276, 2656.999340261112, 2644.619746448222, 2642.5065392546544, 2645.4641648410357, 2641.6361225836945, 2640.8402996466557, 2663.727041740046, 2629.0507993880155]","[27.272444009780884, 19.342950239777565, 19.26985800266266, 19.360061146318913, 19.375543348491192, 19.353881515562534, 19.38192757219076, 19.387768357992172, 19.22118865698576, 19.474709279835224]",1761.5517578125,1778.8203125,12.0234375,12.0234375,0.0,44.0,44.0,
3,sne_benchmark_2819566_3,OK,8,4,64,2048,423.22246389091015,99.78356352448463,313.74056626856327,321.02152471989393,94.66416543722153,95.56346041709185,96.35957188904284,30.020435370504856,31.374056626856326,42.19124756753445,1611.842008945614,"[1181.0666086212693, 1648.1778494835899, 1666.0335376491576, 1656.2454865204404, 1661.9706384531555, 1661.3841654573948, 1652.665357733712, 1666.7536068331542, 1659.2695063012434, 1664.853332403024]","[43.35064561665058, 31.064608722925186, 30.731674268841743, 30.913291789591312, 30.80680176615715, 30.81767664849758, 30.980258502066135, 30.718397602438927, 30.8569522947073, 30.75345978140831]",1917.28759765625,1935.0625,6.650390625,6.650390625,0.0,24.0,24.0,
3,sne_benchmark_2819566_3,OK,8,8,32,2048,714.2830694466829,136.69596652686596,567.4365753903985,574.8029828518629,132.44721146672964,132.86444870382547,133.23160411417484,53.673812203109264,56.74365753903985,76.45287388563156,900.1718762196064,"[660.5585499777997, 941.1419941219116, 919.3674849687218, 921.4550110415441, 903.9283456037384, 936.093027407061, 932.0143497830295, 929.4158291283231, 934.4941390254372, 923.2500311384969]","[77.51016166806221, 54.401992812752724, 55.69046201556921, 55.56429710239172, 56.64165776968002, 54.69541861861944, 54.93477649986744, 55.08836668729782, 54.789000660181046, 55.45626674592495]",2294.7666015625,2308.13671875,4.1507568359375,4.15234375,0.0,26.0,26.0,
3,sne_benchmark_2819566_3,OK,2,2,384,1536,124.87464894354343,57.04467099905014,59.4262076318264,65.71848692372441,53.55350295081735,53.7519547957927,53.95040664076805,5.217489827424288,5.94262076318264,11.948986943811178,6198.344133288524,"[2954.628462234047, 6551.521571867973, 6591.0063192464, 6583.244477153737, 6571.887446407549, 6573.345215448874, 6571.72125613242, 6624.26656745186, 6590.322255197726, 6371.497761744651]","[12.99655793979764, 5.861233849078417, 5.82612095028162, 5.832990121096373, 5.84307024627924, 5.841774430125952, 5.843218009918928, 5.796868167817593, 5.8267256915569305, 6.026840381324291]",1765.064453125,1777.0703125,35.50732421875,35.50732421875,0.0,104.0,104.0,
3,sne_benchmark_2819566_3,OK,2,4,256,2048,188.19247066229585,75.04027405381203,104.13423014432192,111.06522478535771,71.92395612597466,71.93224323354661,71.94053034111857,9.135626520961525,10.413423014432192,21.365089815109968,4909.572629544151,"[2280.091870193026, 5184.488546706519, 5211.834134087589, 5217.41542860133, 5191.281932245504, 5200.133546984374, 5192.788261201076, 5199.760384409438, 5234.505717369943, 5183.426473642708]","[22.455235540866852, 9.875612519681454, 9.823796898126602, 9.81328795850277, 9.862689152359962, 9.845900982618332, 9.859828174114227, 9.846607577055693, 9.781248271465302, 9.877636011689901]",1926.912109375,1929.0234375,25.208984375,25.208984375,0.0,64.0,64.0,
3,sne_benchmark_2819566_3,OK,1,1,256,256,77.8441687040031,54.93462811410427,14.184198588132858,20.540637869387865,51.91463330388069,51.91463330388069,51.91463330388069,0.9100149013102056,1.418419858813286,5.97020485252142,4093.7522536338224,"[844.085480991022, 4494.050755944592, 4552.212494000566, 4549.803459838316, 4555.076392633076, 4371.9096821219555, 4382.60118672203, 4402.35257260363, 4398.599251050077, 4386.831260432959]","[7.582170460373163, 1.42410496622324, 1.4059097655117512, 1.406654167920351, 1.4050258323550224, 1.4638911746442318, 1.4603199623525143, 1.4537681601941586, 1.4550086595118046, 1.4589118249714375]",2010.5390625,2010.5390625,25.42626953125,25.42626953125,0.0,62.0,62.0,
3,sne_benchmark_2819566_3,OK,1,2,128,256,136.79381893202662,76.01388343423605,53.035898968577385,58.70117064937949,72.84803687036037,72.84803687036037,72.84803687036037,4.511610474437475,5.303589896857739,11.96406975015998,1183.419754437159,"[493.73163810485846, 1251.154939067351, 1271.1184225031534, 1252.7211205058861, 1252.4802731287468, 1249.0423557508477, 1260.667035675083, 1273.029171853065, 1260.9156055874628, 1269.3369821951376]","[12.962507374584675, 5.1152737364172935, 5.03493607416749, 5.108878500759602, 5.109860919415951, 5.123925518244505, 5.076677519828081, 5.027378901839256, 5.07567673176527, 5.042002312839031]",1791.9765625,1791.9765625,12.0234375,12.0234375,0.0,44.0,44.0,
3,sne_benchmark_2819566_3,OK,1,4,64,256,197.3213752359152,104.05958394706248,85.47578411176801,91.0947650372982,100.94278851523995,100.94278851523995,100.94278851523995,7.229808926582336,8.5475784111768,19.677777376025915,767.2389247833098,"[309.82540131218855, 807.8678880930887, 824.5875878611065, 826.6840117264181, 816.6740187457292, 812.6228466222802, 825.7736346120723, 817.6208211699135, 810.1797409231071, 820.553296767194]","[20.656795643270016, 7.922087378799915, 7.761455658823252, 7.741773046553135, 7.836664143949747, 7.87573229894042, 7.750307992100716, 7.827589310705662, 7.899481654167175, 7.799615241587162]",1920.15625,1920.15625,6.650390625,6.650390625,0.0,24.0,24.0,
3,sne_benchmark_2819566_3,OK,2,32,512,32768,1896.199529003352,489.3177496083081,1378.7966444045303,1403.80898103863,486.1499807983637,486.16182921268046,486.1736776269972,129.16864977777004,137.87966444045304,209.7591849640012,5955.745980981335,"[3854.5354538487186, 6143.436470797309, 6154.316014871828, 6181.15766082369, 6199.7477465476195, 6190.966111249513, 6201.699931090361, 6225.290095088872, 6178.424468409121, 6227.885857086318]","[212.52885329723358, 133.34556382149458, 133.1098367422819, 132.53180794790387, 132.1344082839787, 132.32183560356498, 132.09281472861767, 131.5922611616552, 132.59043696150184, 131.53741394728422]",4401.1484375,4409.66015625,90.271484375,90.271484375,0.0,150.0,150.0,
3,sne_benchmark_2819566_3,OK,2,40,384,30720,2365.146187763661,489.1530192606151,1848.038494952023,1872.480117764324,485.6449855417013,485.8157392926514,485.9864930436015,173.56230583041906,184.80384949520231,275.2487686611712,4177.884069970589,"[2762.800628236239, 4296.202452504515, 4316.665304448552, 4300.907185458708, 4318.633839052101, 4345.207333095617, 4356.0418711237235, 4364.759589046829, 4351.341176017876, 4366.281320721728]","[277.9787988141179, 178.76252539083362, 177.9151140600443, 178.56697828695178, 177.83401617780328, 176.74645675718784, 176.30684523284435, 175.95470823347569, 176.49730713665485, 175.89338468760252]",5098.0703125,5099.30078125,76.47119140625,76.47119140625,0.0,128.0,128.0,
3,sne_benchmark_2819566_3,OK,2,64,256,32768,4184.324192356318,764.8325924500823,3388.9707310274243,3414.3894830942154,761.7042727805674,761.7096568215638,761.7150408625603,320.5712294653058,338.8970731027424,491.0296286046505,2437.9947763975533,"[1658.576100363452, 2513.8307450093102, 2511.7627131093373, 2527.6423141399205, 2534.965576808215, 2523.5497776927223, 2503.359513012134, 2537.6248035036256, 2536.2983619511415, 2532.3378583856766]","[493.91764406859875, 325.87715049088, 326.1454578191042, 324.09648921340704, 323.1602067872882, 324.6220887899399, 327.2402528449893, 322.8215608820319, 322.9903911501169, 323.49553883075714]",7228.685546875,7248.171875,68.5244140625,68.5244140625,0.0,90.0,90.0,
3,sne_benchmark_2819566_3,OK,40,1,256,10240,401.1070180386305,208.88269305229187,177.91332858800888,190.3758179396391,176.91247229278088,196.9226597381756,202.20936434715983,17.26521746814251,17.79133285880089,21.93506106734276,13519.913085401507,"[10872.298297667405, 13522.383085788884, 13664.615559775137, 13877.993362122195, 13924.530415708205, 13732.395591948181, 13904.01575004511, 13931.080991202614, 13805.034271244473, 13964.783528512875]","[23.546079494059086, 18.931574292480946, 18.734519012272358, 18.446470849215984, 18.38482105731964, 18.642049618065357, 18.411946922540665, 18.3761762753129, 18.543959759175777, 18.33182730525732]",1900.51748046875,1929.68359375,25.42626953125,25.42626953125,0.0,62.0,62.0,
3,sne_benchmark_2819566_3,OK,40,2,128,10240,1176.9125256985426,213.75271462649107,946.3309670835732,960.370150707662,179.68944800645113,200.7991633573547,207.1083540469408,93.82934267818928,94.63309670835731,99.63450455665588,2666.599899173808,"[2526.024198038976, 2678.3598029864875, 2676.282662125243, 2679.469549983351, 2671.0859345683525, 2685.327032723277, 2685.2020769055234, 2690.825094607891, 2681.159996196741, 2692.262643602236]","[101.34503073990345, 95.58088488131762, 95.65506798774004, 95.54129846394062, 95.84116957336664, 95.33289498090744, 95.33733129501343, 95.13810485601425, 95.48106057196856, 95.08730532228947]",1738.26015625,1761.01171875,12.022900390625,12.0234375,0.0,44.0,44.0,
3,sne_benchmark_2819566_3,ERROR,8,12,1024,98304,,,,,,,,,,,,,,,,,,,,,
3,sne_benchmark_2819566_3,ERROR,8,16,512,65536,,,,,,,,,,,,,,,,,,,,,
3,sne_benchmark_2819566_3,ERROR,8,20,384,61440,,,,,,,,,,,,,,,,,,,,,
3,sne_benchmark_2819566_3,ERROR,8,32,256,65536,,,,,,,,,,,,,,,,,,,,,
3,sne_benchmark_2819566_3,ERROR,8,40,128,40960,,,,,,,,,,,,,,,,,,,,,
3,sne_benchmark_2819566_3,OK,10,1,64,640,117.82162990421055,64.88559088855982,44.66032885760069,51.17255995422602,60.91575300693512,60.98254725262522,61.105216942727566,3.953932151198387,4.466032885760069,8.950701870024204,3312.2426191124823,"[1594.035959934703, 3455.6095835534093, 3494.4180457072807, 3548.5892477264165, 3505.7946827749975, 3491.069209609345, 3498.661196755378, 3515.0678635626896, 3506.2492024753005, 3512.9311990253036]","[10.037414714694023, 4.630152687430382, 4.578730933368206, 4.508834041655064, 4.563872516155243, 4.583123117685318, 4.573177881538868, 4.551832459867001, 4.563280895352364, 4.554601013660431]",1928.85703125,1946.66015625,12.4982421875,12.4990234375,0.0,22.0,22.0,
3,sne_benchmark_2819566_3,OK,10,32,64,20480,5536.501979254186,539.7702309265733,4971.320172347128,4990.804145589471,535.7585183680058,535.898574758321,536.1763623207808,480.20589146763086,497.13201723471286,559.9378571286798,1027.6758692523983,"[910.0787870499278, 1038.82463720535, 1029.2596136017758, 1024.0408396719358, 1035.8003666648322, 1030.6537201151261, 1041.8848494432978, 1062.4628471059357, 1048.6221881144238, 1055.1308435513781]","[562.5886541754007, 492.8647065758705, 497.4449528902769, 499.98005954921246, 494.3037446960807, 496.772087469697, 491.41707000881433, 481.8992037177086, 488.2597429305315, 485.24787530303]",4404.695703125,4431.86328125,12.762158203125,12.76318359375,0.0,28.0,28.0,
3,sne_benchmark_2819566_3,OK,20,1,32,640,138.26206289231777,54.15554206073284,75.80029416829348,82.37503924965858,48.96468922495842,49.26153156980872,49.54077713191509,7.0660920441150665,7.580029416829348,11.50205235928297,1985.387023469308,"[1269.0259344984017, 2034.2984458092562, 2051.085373637988, 2031.0780998206908, 2054.8468373920095, 2078.3464052639597, 2099.6197503460266, 2074.330082681852, 2078.404261779533, 2082.835043463361]","[12.608095362782478, 7.865119315683842, 7.800747938454151, 7.877589739859104, 7.786468416452408, 7.698427923023701, 7.620427459478378, 7.713333636522293, 7.698213621973991, 7.68183733522892]",1919.8296875,1949.0625,10.3543701171875,10.35498046875,0.0,26.0,26.0,
3,sne_benchmark_2819566_3,OK,4,8,384,12288,891.9129501581192,348.35290975123644,526.9108967334032,540.8167752176523,344.61084976792336,344.8380599953234,345.1546156555414,50.095657117664814,52.69108967334032,73.7631023824215,5755.340367407366,"[4066.7308838399263, 5898.359056934385, 5969.513655858283, 5979.200791088396, 5940.628255250657, 5979.170938814198, 5951.320378729907, 5857.023938285435, 5977.751231668029, 5933.704543604448]","[75.53979074954987, 52.08228204399347, 51.46147872507572, 51.378103986382484, 51.7117023319006, 51.378360502421856, 51.61879725009203, 52.449845388531685, 51.390562787652016, 51.772041857242584]",2292.552734375,2297.41015625,41.97509765625,41.97509765625,0.0,108.0,108.0,
3,sne_benchmark_2819566_3,OK,4,10,256,10240,954.4573207125068,269.9291244596243,669.72845710814,682.0164736360312,266.1203314140439,266.4033775869757,266.6692331507802,63.68830046802759,66.972845710814,91.24414090067148,3795.741685385261,"[2755.415005053562, 3888.5267899221967, 3895.554694621083, 3889.5572673913957, 3871.8850336862215, 3898.501082497414, 3923.3831864413555, 3939.510053449096, 3947.676361939207, 3947.407378851077]","[92.90796469151974, 65.83470137417316, 65.7159300968051, 65.81725949794054, 66.11766562610865, 65.66626366972923, 65.24980809539557, 64.98270001262426, 64.84827440977097, 64.85269328206778]",2467.2255859375,2485.33203125,29.54052734375,29.54052734375,0.0,68.0,68.0,
3,sne_benchmark_2819566_3,OK,4,12,128,6144,1109.5967177450657,257.9611986279488,839.1103520467877,848.9741941019893,254.0710000693798,254.3965234812349,254.715689368546,78.27860862016678,83.91103520467877,111.37601921707392,1835.5168349744563,"[1363.8428619479703, 1934.673511674252, 1935.1775222864771, 1922.8853634365948, 1926.4943275854052, 1939.3223069263604, 1930.643669520231, 1939.6153576303261, 1525.1171153478267, 1937.3963133891214]","[112.6229452714324, 79.39324080944061, 79.37256310135126, 79.8799569234252, 79.73031521588564, 79.20292539894581, 79.55895871669054, 79.1909588649869, 100.71357697993517, 79.28166216611862]",2634.0224609375,2640.46484375,15.681640625,15.681640625,0.0,46.0,46.0,
3,sne_benchmark_2819566_3,OK,4,16,64,4096,1253.524471066892,300.61053232103586,941.046719133854,950.0139240324496,297.0966521948576,297.1688192617148,297.2265086025,88.80893123149872,94.1046719133854,134.20212564617395,1093.9584950249186,"[755.8718932627671, 1124.5428765144784, 1123.0097186924393, 1135.360388813166, 1142.919466827169, 1141.8028474577477, 1135.422608164492, 1124.0291224773591, 1133.897103054136, 1122.7289249854323]","[135.47269175201654, 91.059222497046, 91.1835385710001, 90.19162638485432, 89.59511406719685, 89.68273308128119, 90.18668402731419, 91.10084245353937, 90.30801800638437, 91.20634350925684]",2992.208984375,3007.6171875,9.27001953125,9.27001953125,0.0,26.0,26.0,
3,sne_benchmark_2819566_3,OK,4,20,32,2560,1271.4113717377186,296.9087779521942,964.5833419263364,971.6311850249768,293.4878194704652,293.5682073570788,293.646728515625,89.75239858776331,96.45833419263364,145.1946546137333,671.9064314070208,"[437.5868098162277, 694.6219678508816, 704.8198735516064, 685.545521486673, 692.1120715854346, 707.5751617869191, 700.9640145725323, 699.2113188886718, 697.1051910251109, 699.5223835061508]","[146.25669367611408, 92.13644681870937, 90.8033419623971, 93.35630967468023, 92.47057323157787, 90.44975496083498, 91.3028324842453, 91.53169903159142, 91.8082390204072, 91.49099658429623]",3349.548828125,3368.19140625,5.84912109375,5.84912109375,0.0,26.0,26.0,
3,sne_benchmark_2819566_3,ERROR,4,20,4096,327680,,,,,,,,,,,,,,,,,,,,,
3,sne_benchmark_2819566_3,OK,20,16,128,40960,5936.575695089996,682.9761871024966,5210.847160346806,5248.020358785987,657.1302204877138,670.7337733421475,678.3095245137811,516.6492121219635,521.0847160346806,543.1453453376889,1951.6152041893977,"[1871.2964029250056, 1959.1671564999842, 1954.9748862761323, 1954.7505104671707, 1955.1149358983348, 1958.0472465066273, 1962.0106545625167, 1964.7248450178815, 1965.358937319678, 1970.7064664206457]","[547.2142191901803, 522.671073064208, 523.7918948158622, 523.8520182073116, 523.754374332726, 522.9700160846114, 521.913577593863, 521.1925744190812, 521.0244197919965, 519.6106155067682]",2977.8623046875,3003.14453125,17.14501953125,17.14501953125,0.0,46.0,46.0,
3,sne_benchmark_2819566_3,OK,32,1,64,2048,213.78674420714376,80.52866816520691,124.571746237576,131.4425119534135,61.6707921475172,70.2459321259521,74.63235711306334,11.96214323490858,12.4571746237576,16.388130947947502,3932.6650010470935,"[2932.3699799887695, 4002.225397302505, 4011.386852854418, 4016.102072335027, 4042.3858855878516, 4069.615704163008, 4039.9874498174636, 4073.5422391478533, 4072.3753061439, 4066.65912313014]","[17.460279688239098, 12.792882688343525, 12.76366550475359, 12.748679958283901, 12.66578734666109, 12.581040501594543, 12.673306696116924, 12.568913489580154, 12.572515092790127, 12.590187288820744]",1913.4981689453125,1943.80078125,12.4990234375,12.4990234375,0.0,22.0,22.0,
3,sne_benchmark_2819566_3,OK,32,2,32,2048,642.0628164485097,92.78760881721972,540.0076937526464,546.7446070238948,74.14023791998625,81.82535241078585,86.91243675351143,52.82756055146456,54.000769375264646,59.36920955777168,937.6078211161936,"[847.189317448086, 943.7743884190538, 938.9195939468492, 956.1908604094314, 935.8886015583079, 945.223668519041, 948.5260822276041, 944.6228760867494, 958.088570729263, 957.6542518175492]","[60.43513409048319, 54.250253692269325, 54.530761025846004, 53.54579521715641, 54.70736572146416, 54.16707357764244, 53.97848404943943, 54.201524540781975, 53.4397357031703, 53.46397189050913]",1737.047607421875,1759.25390625,3.302337646484375,3.3046875,0.0,26.0,26.0,
3,sne_benchmark_2819566_3,ERROR,10,8,1024,81920,,,,,,,,,,,,,,,,,,,,,
3,sne_benchmark_2819566_3,OK,10,10,512,51200,2561.1286457479,829.9410977587104,1682.8988433331251,1728.0767661482096,813.0390066131949,817.35892881006,826.3422724455595,165.1489460542798,168.2898843333125,191.0097233951092,7421.147664502127,"[6513.014289741734, 7492.271799184873, 7478.2348381148895, 7503.0905921867425, 7499.584351797957, 7536.14034263178, 7518.928071982285, 7554.839275584555, 7541.277979437971, 7574.095104358483]","[196.52958569675684, 170.84270756691694, 171.16338650882244, 170.59636749327183, 170.6761254966259, 169.84821696579456, 170.23703216016293, 169.4278267621994, 169.73250468820333, 168.99708577245474]",2469.519140625,2550.97265625,58.7216796875,58.7216796875,0.0,132.0,132.0,
3,sne_benchmark_2819566_3,OK,10,12,384,46080,2843.574963286519,730.3055238202214,2072.574750736356,2109.882658556104,705.403938472271,714.0223288096488,726.5077203810215,203.1122770011425,207.2574750736356,234.06739885360005,5469.192359005912,"[4837.661307264985, 5504.417157578219, 5509.51196665501, 5534.155422503771, 5534.128339571888, 5532.948175580059, 5550.537392885205, 5555.336252494003, 5553.317062057248, 5579.910513468737]","[238.13159434497356, 209.28646340221167, 209.09293000400066, 208.16184441000223, 208.1628631129861, 208.20726373046637, 207.547471255064, 207.36818576604128, 207.44358500093222, 206.45492382347584]",2647.00234375,2681.10546875,46.287109375,46.287109375,0.0,110.0,110.0,
3,sne_benchmark_2819566_3,OK,10,16,256,40960,3496.770913489163,682.6810194924474,2774.930410824716,2810.212868511677,660.4057476967573,671.6047124437988,678.8878982439637,272.19086073338985,277.4930410824716,310.5172857642174,3649.129449146565,"[3256.268247711718, 3675.792487393723, 3676.567532166208, 3683.745927967529, 3692.5976682882774, 3695.739117852619, 3690.4318500545655, 3687.155242710834, 3713.048442343926, 3719.9479749762527]","[314.4704066440463, 278.5793821364641, 278.5206557586789, 277.97791162133217, 277.3115546256304, 277.0758344531059, 277.47430154681206, 277.72088035196066, 275.7841746211052, 275.2726669535041]",2995.60234375,3004.78125,33.8720703125,33.8720703125,0.0,70.0,70.0,
3,sne_benchmark_2819566_3,OK,10,20,128,25600,3833.872211463749,437.4803763106465,3368.3139785677195,3392.0369043946266,427.535360135138,430.6119174286723,433.607636295259,330.4787066951394,336.831397856772,376.3348264172673,1889.4526066064968,"[1689.0278670348957, 1893.3684470635496, 1907.9719653777443, 1904.0825013769718, 1896.3543106056634, 1915.3161136919775, 1915.3850354595218, 1923.4907928406421, 1925.5260493538353, 1924.0029832601645]","[378.91618752479553, 338.02190006524324, 335.43469800055027, 336.1198895201087, 337.4896750152111, 334.14849665015936, 334.13647290319204, 332.72839276492596, 332.37670309096575, 332.639816865325]",3356.805078125,3372.27734375,18.6083984375,18.6083984375,0.0,48.0,48.0,
3,sne_benchmark_2819566_3,OK,4,2,1024,8192,299.16254511475563,161.8453205898404,123.35353572666644,135.00510035455227,155.83464351296425,157.21706020087004,158.5325704291463,11.61224615573883,12.335353572666644,18.19438313692808,15424.36641385,"[10452.95970787929, 16191.367220679826, 15709.93861445626, 16092.078076945403, 16084.967092559302, 15943.920520630787, 15651.758934950325, 16136.721711342849, 16199.106606103374, 15780.845652952583]","[19.5925370156765, 12.648715652525425, 13.036333560943604, 12.726759031414986, 12.732385389506817, 12.84502138197422, 13.084791354835033, 12.691549353301525, 12.642672523856163, 12.977758258581161]",1744.66015625,1745.15234375,94.228515625,94.228515625,0.0,246.0,246.0,
3,sne_benchmark_2819566_3,OK,4,4,512,8192,362.6804642155767,136.3376375362277,213.09591336548328,224.06479865312576,127.85471501201393,130.6094304099679,133.00689733028412,19.89690871536732,21.30959133654833,33.16018145531416,9345.448390502212,"[5940.521229826987, 9803.894139899321, 9669.396576437539, 9679.295120191844, 9796.214305481975, 9746.049374305992, 9660.792157066282, 9711.193953001215, 9732.563733635237, 9714.563315175728]","[34.47508931905031, 20.88965844362974, 21.180225506424904, 21.158565521240234, 20.90603508800268, 21.01364277303219, 21.199089750647545, 21.089064948260784, 21.042759709060192, 21.081750497221947]",1934.130859375,1949.1328125,50.1171875,50.1171875,0.0,126.0,126.0,
3,sne_benchmark_2819566_3,OK,1,8,32,256,305.70945301651955,135.4229534380138,161.5411487184465,168.02397540584207,132.2906350195408,132.2906350195408,132.2906350195408,13.334016267210243,16.154114871844648,38.89373922348023,420.9398246267573,"[160.21068150771146, 445.37468530270155, 443.60647918440947, 453.9892280410441, 458.1301911309231, 459.29365841607864, 450.506674068962, 449.88971420912503, 442.4414997173386, 445.95543468927946]","[39.94739888608456, 14.369923148304224, 14.427201360464096, 14.097250781953335, 13.969828061759472, 13.934440162032843, 14.206226829439402, 14.225708652287722, 14.465189192444086, 14.351209789514542]",2286.75,2286.75,4.134765625,4.134765625,0.0,26.0,26.0,
3,sne_benchmark_2819566_3,OK,1,8,4096,32768,731.0828774422407,360.529200155288,343.5048143602908,368.18985122442245,357.3614329881966,357.3614329881966,357.3614329881966,31.994260739535093,34.35048143602908,54.92250830307603,22792.15867889218,"[14202.345016962809, 23617.162765137888, 23699.84598194489, 23714.916086885194, 23815.090948639827, 23673.10997816812, 23781.085074188853, 23812.268838978453, 23615.438062152483, 23990.324035863283]","[57.68061535060406, 34.68663904070854, 34.565625473856926, 34.54366007447243, 34.39835698157549, 34.60466329753399, 34.44754507392645, 34.40243370085955, 34.68917230516672, 34.1471002548933]",2307.1171875,2307.1171875,444.77734375,444.77734375,0.0,996.0,996.0,
3,sne_benchmark_2819566_3,OK,1,10,2048,20480,712.5192182920873,281.3710186220705,409.3064979054034,428.5349985994399,278.21426540240645,278.21426540240645,278.21426540240645,37.58329088613391,40.930649790540336,66.82873347401619,12282.854096107969,"[7401.119709258076, 12633.811632600353, 12653.417247520872, 12730.825223398746, 12822.651861387612, 12781.444718481973, 12915.965845775538, 12850.758234174325, 12978.10366495798, 13060.44282352421]","[69.178721614182, 40.526170160621405, 40.463377598673105, 40.21734577417374, 39.92933798208833, 40.05806943401694, 39.640860475599766, 39.84200703725219, 39.45106413215399, 39.2023461163044]",2471.33984375,2471.33984375,233.984375,233.984375,0.0,516.0,516.0,
3,sne_benchmark_2819566_3,OK,1,12,1024,12288,773.4974016360939,273.066558573395,484.94636054709554,498.0309510342777,269.8676756173372,269.8676756173372,269.8676756173372,44.90593343600631,48.49463605470955,78.32623172551394,6336.510477633975,"[3842.508318707337, 6557.842074802358, 6558.820672203098, 6592.299100162516, 6595.604560489965, 6629.1535722224535, 6641.192508694173, 6628.627194476568, 6667.15095319236, 6651.905821388923]","[79.94777747243643, 46.844677943736315, 46.83768856525421, 46.599827364087105, 46.5764733441174, 46.34075778350234, 46.25675277411938, 46.344437692314386, 46.076652854681015, 46.18225336447358]",2636.98046875,2636.98046875,122.87109375,122.87109375,0.0,264.0,264.0,
3,sne_benchmark_2819566_3,OK,1,16,512,8192,831.8377990871668,216.4838817901909,602.105613257736,612.9276958219707,213.34351540356877,213.34351540356877,213.34351540356877,56.01172075048089,60.2105613257736,95.0418366380036,3424.883720128898,"[2121.0419464391157, 3540.0199091486134, 3572.531562431983, 3569.012902689159, 3568.9191367775843, 3578.7589332436924, 3586.041019161651, 3549.9785437723745, 3594.7244258008095, 3567.8088218239977]","[96.55631768330932, 57.85278197750449, 57.326295491307974, 57.38281300291419, 57.38432061672211, 57.22654244676232, 57.110333904623985, 57.690489526838064, 56.972378335893154, 57.40217882394791]",3004.4140625,3004.4140625,67.326171875,67.326171875,0.0,136.0,136.0,
3,sne_benchmark_2819566_3,OK,1,20,384,7680,1116.87659920007,341.36657175049186,763.2506946325302,772.8435083180666,338.1761274300516,338.1761274300516,338.1761274300516,70.46875816956162,76.32506946325302,125.70189152657986,2559.3245836948195,"[1511.8101715595517, 2673.626744090451, 2674.59431619388, 2666.8622623402257, 2675.942885871885, 2690.901615710313, 2679.64669277285, 2649.7537328071076, 2684.4480477208567, 2685.659367881074]","[127.0000715777278, 71.81256711483002, 71.78658790886402, 71.99471930414438, 71.75041029974818, 71.3515495620668, 71.65123690292239, 72.4595639295876, 71.52308280393481, 71.49082355573773]",3379.140625,3379.140625,54.9111328125,54.9111328125,0.0,116.0,116.0,
3,sne_benchmark_2819566_3,ERROR,4,32,2048,262144,,,,,,,,,,,,,,,,,,,,,
3,sne_benchmark_2819566_3,ERROR,4,40,1024,163840,,,,,,,,,,,,,,,,,,,,,
3,sne_benchmark_2819566_3,ERROR,4,64,512,131072,,,,,,,,,,,,,,,,,,,,,
3,sne_benchmark_2819566_3,ERROR,32,2,4096,262144,,,,,,,,,,,,,,,,,,,,,
3,sne_benchmark_2819566_3,ERROR,32,4,2048,262144,,,,,,,,,,,,,,,,,,,,,
3,sne_benchmark_2819566_3,ERROR,32,8,1024,262144,,,,,,,,,,,,,,,,,,,,,
3,sne_benchmark_2819566_3,ERROR,32,10,512,163840,,,,,,,,,,,,,,,,,,,,,
3,sne_benchmark_2819566_3,ERROR,32,12,384,147456,,,,,,,,,,,,,,,,,,,,,
3,sne_benchmark_2819566_3,ERROR,8,8,4096,262144,,,,,,,,,,,,,,,,,,,,,
3,sne_benchmark_2819566_3,ERROR,8,10,2048,163840,,,,,,,,,,,,,,,,,,,,,
3,sne_benchmark_2819566_3,OK,2,8,128,2048,342.8483267463744,122.27686307951808,211.6248196363449,218.04767794162035,119.0809224024415,119.11039194092156,119.1398614794016,18.72522769495845,21.16248196363449,41.60421758145094,2485.1823443523367,"[1199.8844484318658, 2618.5802596103445, 2641.038082496102, 2612.9331837823024, 2624.422079478586, 2643.2435818378563, 2628.9526893156935, 2583.1391939652945, 2648.4484079626254, 2651.181516642697]","[42.670775562524796, 19.55257999524474, 19.386316440999508, 19.594837065786123, 19.50905702263117, 19.37014066800475, 19.475436057895422, 19.820844389498234, 19.332073770463467, 19.31214429438114]",2285.099609375,2290.51953125,14.21826171875,14.21826171875,0.0,44.0,44.0,
3,sne_benchmark_2819566_3,OK,2,10,64,1280,359.75548630580306,127.4926428720355,224.1136176213622,230.06938293203712,124.02505265921354,124.21060972474515,124.39616679027677,19.54052867367864,22.41136176213622,46.19818733260036,1485.5047479742266,"[678.017339395593, 1569.666440388603, 1593.056437911489, 1572.7059250083505, 1535.2048317838487, 1572.4472950365193, 1583.4667236625628, 1582.7165298944637, 1585.5527128760057, 1582.213243784829]","[47.19643310084939, 20.386496886610985, 20.087172832340002, 20.347096994519234, 20.84412407875061, 20.350443605333567, 20.208823792636395, 20.218402598053217, 20.18223660439253, 20.224833868443966]",2458.720703125,2462.9296875,7.96044921875,7.96044921875,0.0,26.0,26.0,
3,sne_benchmark_2819566_3,OK,2,12,32,768,438.9546148665249,166.3076396100223,264.56449304148555,270.2924972213805,163.15542917326093,163.16644719056785,163.17746520787475,22.429409068077803,26.45644930414856,58.37485962733626,769.8499616493382,"[323.4132672137212, 807.3961250238696, 815.052840934312, 805.2042984159352, 813.0221312092244, 824.0018984572743, 824.0540644582815, 818.7766617203289, 830.9301100939414, 836.6482189664938]","[59.36676675453782, 23.780148807913065, 23.556754894554615, 23.844880159944296, 23.615593306720257, 23.30091718956828, 23.299442145973444, 23.449618067592382, 23.106636486947536, 22.948713168501854]",2646.173828125,2648.23828125,4.708984375,4.7177734375,0.0,26.0,26.0,
3,sne_benchmark_2819566_3,OK,2,12,4096,98304,1195.730596497655,495.74206198751926,629.4130642749369,697.4199022650719,425.6547617167234,459.1266639232636,492.59856612980366,59.613512720912695,62.94130642749369,89.64619329199195,35688.96665251587,"[25364.160483153988, 36506.006876841195, 36277.819559279684, 36686.720604235314, 36672.69025006127, 36832.43927376178, 36916.16194212785, 36986.2531408759, 37161.254322402456, 37486.1600724192]","[96.89262144640088, 67.32042779400945, 67.74387297406793, 66.9888166487217, 67.01444544270635, 66.72379153966904, 66.57246774062514, 66.44630886614323, 66.13339740037918, 65.56019595637918]",2641.7578125,2654.0390625,490.55859375,490.55859375,0.0,1022.0,1022.0,
3,sne_benchmark_2819566_3,OK,2,16,2048,65536,1203.3077055737376,387.7711874730885,765.6653686277568,813.0571612156928,360.3218183889985,372.4842928852886,384.6467673815787,71.3083804063499,76.56653686277568,113.41253124922514,20492.79525433241,"[13832.791124465171, 20751.368377336847, 20990.633293858045, 21117.375640591854, 21070.688566900502, 21142.0951552547, 21415.30414293588, 21394.54820517979, 21535.604698743864, 21677.543338057454]","[118.44319669529796, 78.95382946357131, 78.0538622662425, 77.58539829403162, 77.75730701908469, 77.49468479678035, 76.50603461265564, 76.58025700226426, 76.07866242527962, 75.58052010089159]",3002.318359375,3008.2421875,268.33203125,268.33203125,0.0,536.0,536.0,
3,sne_benchmark_2819566_3,OK,2,20,1024,40960,1232.3384924717247,360.9199162311852,837.1905207820237,868.9275619722903,357.7294850461185,357.74667274951935,357.7638604529202,77.4766217507422,83.71905207820237,129.08580335602164,12038.14390945914,"[7725.979458669351, 12306.340715373928, 12383.817434749943, 12339.057071157771, 12479.251504528833, 12484.622787172226, 12624.636234742442, 12624.021203520373, 12659.611551988035, 12754.1011326885]","[132.5398294776678, 83.20913776755333, 82.68855749815702, 82.98851314932108, 82.05620342120528, 82.02090022712946, 81.11124795675278, 81.1151996254921, 80.88715801388025, 80.28790028765798]",3363.853515625,3378.8046875,145.78515625,145.78515625,0.0,276.0,276.0,
3,sne_benchmark_2819566_3,OK,10,2,32,640,260.88568077236414,76.16924677044153,176.1563819795847,182.4449666067958,72.22418940067291,72.34020894467831,72.44801688939333,16.80134715139866,17.615638197958468,24.181533947587013,887.8312758141939,"[635.3883323105086, 921.8459504101182, 919.4564481462197, 917.2805190236262, 920.5978666909575, 916.9405328789479, 901.6774735588635, 919.0950266979409, 911.6189559728853, 914.4116524518707]","[25.181450754404068, 17.35647913068533, 17.40158550441265, 17.44286471605301, 17.38000985980034, 17.449332237243652, 17.744704142212868, 17.40842843800783, 17.551192738115788, 17.49758979678154]",1750.6390625,1764.58984375,3.304052734375,3.3046875,0.0,26.0,26.0,
3,sne_benchmark_2819566_3,ERROR,10,2,4096,81920,,,,,,,,,,,,,,,,,,,,,
3,sne_benchmark_2819566_3,ERROR,10,4,2048,81920,,,,,,,,,,,,,,,,,,,,,
3,sne_benchmark_2819323_3,TIMEOUT,10,8,64,5120,,,,,,,,,,,,,,,,,,,,,Subprocess timed out after configured timeout_s
3,sne_benchmark_2819323_3,ERROR,10,10,256,25600,,,,,,,,,,,,,,,,,,,,,
3,sne_benchmark_2819323_3,ERROR,10,12,1024,122880,,,,,,,,,,,,,,,,,,,,,
3,sne_benchmark_2819323_3,ERROR,10,20,64,12800,,,,,,,,,,,,,,,,,,,,,
3,sne_benchmark_2819323_3,ERROR,10,32,256,81920,,,,,,,,,,,,,,,,,,,,,
3,sne_benchmark_2817865_3,OK,1,2,64,128,208.62808104604483,143.10781091824174,51.15887289866805,58.51821985840797,140.00581806898117,140.00581806898117,140.00581806898117,4.100690167397261,5.115887289866805,13.81726085022092,635.2095985993064,"[195.2576574679723, 671.6086545132216, 689.7921659650982, 675.5037642674913, 691.1685118852738, 690.2877973254208, 688.2501499615554, 678.0411815749266, 685.6588038749932, 686.5272991571112]","[16.388601817190647, 4.76467951759696, 4.639078490436077, 4.737205281853676, 4.629840545356274, 4.635747600346804, 4.649472288787365, 4.719477351754904, 4.667044281959534, 4.661140210926533]",1810.93359375,1810.93359375,6.2138671875,6.2138671875,0.0,24.0,24.0,
3,sne_benchmark_2818012_3,ERROR,1,300,640,192000,,,,,,,,,,,,,,,,,,,,,
3,sne_benchmark_2818012_3,ERROR,1,300,32,9600,,,,,,,,,,,,,,,,,,,,,
3,sne_benchmark_2818012_3,OK,1,1,640,640,59.266472067683935,37.552927780896425,13.864935640245676,19.94060850143433,34.45334569364786,34.45334569364786,34.45334569364786,1.004430569708347,1.3864935640245677,4.691800028085709,9407.070573779009,"[2799.5012665183567, 10035.81780505357, 10270.10578136466, 9991.31101986978, 10159.909790668664, 10155.98994822217, 10183.988239502482, 10133.654807871508, 10121.74748806892, 10218.67959064995]","[5.715303719043732, 1.594289604574442, 1.5579196885228157, 1.6013914458453655, 1.574817132204771, 1.5754249542951584, 1.5710937231779099, 1.5788972787559032, 1.5807547084987164, 1.5657600238919258]",1925.265625,1925.265625,51.35009765625,51.35009765625,0.0,164.0,164.0,
3,sne_benchmark_2818012_3,OK,1,1,32,32,41.08580991998315,22.3891285918653,11.538086239248514,16.990577928721905,19.27991457283497,19.27991457283497,19.27991457283497,0.8697282560169697,1.1538086239248515,3.5655805729329586,539.0665407146731,"[176.30661893838152, 582.681070518551, 575.2253184103972, 584.2769258970447, 579.910630757164, 570.2394060368736, 576.5313139991546, 578.6644280729204, 585.6810781527381, 581.1486163635063]","[4.537549439817667, 1.372963771224022, 1.3907593674957752, 1.3692137487232685, 1.3795229084789753, 1.4029195308685303, 1.3876089304685593, 1.3824938274919987, 1.3659311011433601, 1.3765841946005821]",1856.39453125,1856.39453125,10.35498046875,10.35498046875,0.0,26.0,26.0,
3,sne_benchmark_2818012_3,OK,1,1,32,32,68.7463273666799,47.60857530683279,12.4316795617342,18.541869912296534,44.18507695943117,44.18507695943117,44.18507695943117,0.8616315536201,1.24316795617342,4.6042680107057095,536.8998819584473,"[130.1515004941049, 580.6627110314706, 586.0147426822963, 567.3228420614387, 582.5110819610129, 587.0389029556509, 585.1417139690701, 583.2985150133449, 586.8513370396623, 580.0054723764207]","[6.146682880818844, 1.3777361363172531, 1.36515336856246, 1.4101318344473839, 1.3733644299209118, 1.3627716936171055, 1.367190171033144, 1.3715104348957539, 1.3632072545588017, 1.3792973309755325]",2008.51953125,2008.51953125,10.3505859375,10.3505859375,0.0,26.0,26.0,
3,sne_benchmark_2820705_3,ERROR,4,44,4096,720896,,,,,,,,,,,,,,,,,,,,,
4,sne_benchmark_2820706_4,ERROR,4,46,2048,376832,,,,,,,,,,,,,,,,,,,,,
4,sne_benchmark_2820706_4,ERROR,2,46,2048,188416,,,,,,,,,,,,,,,,,,,,,
4,sne_benchmark_2820706_4,ERROR,1,46,2048,94208,,,,,,,,,,,,,,,,,,,,,
4,sne_benchmark_2817870_4,OK,2,1,32,64,85.71593321859837,54.0572431832552,21.2295253649354,28.3093184530735,50.83414596691728,50.83633409067989,50.83852221444249,1.6293902285397053,2.12295253649354,6.050638061016798,667.9926262488259,"[192.7064731427273, 717.9899562487191, 724.595214243466, 727.95801079103, 720.3925733659254, 721.2272325426492, 714.3968243799734, 725.4019209883577, 699.5558509699887, 735.7022058154223]","[8.302782848477364, 2.228443428874016, 2.208129405975342, 2.1979289688169956, 2.221011236310005, 2.2184409126639366, 2.2396516129374504, 2.205673784017563, 2.2871654890477657, 2.174792990088463]",2026.080078125,2040.1328125,10.35498046875,10.35498046875,0.0,26.0,26.0,
4,sne_benchmark_2819567_4,ERROR,80,2,2048,327680,,,,,,,,,,,,,,,,,,,,,
4,sne_benchmark_2819567_4,ERROR,80,1,4096,327680,,,,,,,,,,,,,,,,,,,,,
4,sne_benchmark_2819567_4,ERROR,80,1,32,2560,,,,,,,,,,,,,,,,,,,,,
4,sne_benchmark_2819567_4,OK,40,8,64,20480,3654.104103296995,394.2380819022656,3236.0551757737994,3254.883440256119,360.75686750561,374.9451455004513,387.4516031891108,319.2657487392425,323.60551757737994,337.371863104403,1573.4021443737083,"[1507.4471671519989, 1567.857528373964, 1573.6554648606589, 1571.3064690402193, 1582.60803573957, 1572.3292945824257, 1583.6159287172695, 1586.6986297061953, 1593.6971514994789, 1594.805774065303]","[339.6470610424876, 326.56028416752815, 325.35711369663477, 325.84350035339594, 323.5166184157133, 325.63153390586376, 323.31071613729, 322.682575263083, 321.2655550763011, 321.04222866892815]",2286.73525390625,2328.26953125,7.522412109375,7.5234375,0.0,24.0,24.0,
4,sne_benchmark_2819567_4,OK,40,4,128,20480,2150.045918636024,381.8733065351844,1741.047416754067,1764.4814806208014,336.13823556900024,363.65608214531096,375.1897848919034,172.5039853900671,174.1047416754067,182.53118554502728,2902.557251875316,"[2763.101670611477, 2910.021520425139, 2906.2765583237006, 2909.3556297698406, 2914.17377029924, 2916.4273368415934, 2918.4662664551643, 2924.9394902046943, 2930.363693413141, 2932.446582409172]","[185.2990085184574, 175.943716019392, 176.17043310403824, 175.98398585617542, 175.69302325695753, 175.55726265907288, 175.43461299687624, 175.04635624587536, 174.72233946621418, 174.5982358455658]",1923.97412109375,1979.6484375,12.7548828125,12.7548828125,0.0,44.0,44.0,
4,sne_benchmark_2819567_4,ERROR,32,4,4096,524288,,,,,,,,,,,,,,,,,,,,,
4,sne_benchmark_2819567_4,OK,32,4,32,4096,1167.9025653898716,124.26956537365912,1031.565846130252,1040.7008796036243,105.99589541554452,113.57531075016595,118.38258495926856,101.3099027350545,103.1565846130252,112.2894361615181,984.8585009940404,"[901.4942767819944, 985.4314807946749, 992.2336606592138, 984.4955009792134, 991.5411206689164, 1000.6403775286233, 994.482433428426, 1002.1802362403077, 997.1985041005368, 998.8874187584981]","[113.58918479830027, 103.91387122869492, 103.20149785280228, 104.01266425102949, 103.27357874065638, 102.33446730673313, 102.96813353151083, 102.17722950130701, 102.68767911195755, 102.51405521482229]",1921.80078125,1956.69140625,3.5853271484375,3.5869140625,0.0,26.0,26.0,
4,sne_benchmark_2819567_4,OK,32,2,64,4096,792.0815226957202,117.72453531622888,663.861291475594,671.798059053719,90.47557889670134,106.0727571239695,111.79200688004494,65.56838557869196,66.3861291475594,71.1025439798832,1525.2477083131607,"[1417.1684824026574, 1533.873135814269, 1543.4450452048816, 1541.996345807935, 1530.7811211544924, 1538.4557271339515, 1544.5957513523174, 1534.3245684873234, 1535.2245242286858, 1532.6123815450926]","[72.25675794482231, 66.75910647958517, 66.34508971869946, 66.40742066502571, 66.89395275712013, 66.56025142222643, 66.29566338658333, 66.73946445435286, 66.70034147053957, 66.8140237107873]",1745.7847900390625,1783.74609375,6.212905883789063,6.2138671875,0.0,24.0,24.0,
4,sne_benchmark_2819567_4,OK,32,1,128,4096,249.824412368238,107.69170724600554,132.2922378256917,140.3566256687045,59.958585634827614,91.72249391186052,101.92483428865673,12.762819029390812,13.22922378256917,17.14943814277649,7356.939323766852,"[5596.699360837407, 7583.051024715656, 7565.733654781623, 7576.141966723077, 7590.234829195591, 7468.332792816964, 7523.1395351300425, 7571.155810798608, 7531.576191245554, 7563.328071424001]","[18.296498239040375, 13.50379941612482, 13.534708552062511, 13.516114197671413, 13.491018697619438, 13.711226165294647, 13.611338660120964, 13.525015540421009, 13.596091628074646, 13.539013385772705]",1917.1807861328125,1958.796875,16.7861328125,16.78662109375,0.0,42.0,42.0,
4,sne_benchmark_2819567_4,ERROR,10,16,384,61440,,,,,,,,,,,,,,,,,,,,,
4,sne_benchmark_2819567_4,ERROR,10,12,512,61440,,,,,,,,,,,,,,,,,,,,,
4,sne_benchmark_2819567_4,ERROR,10,10,1024,102400,,,,,,,,,,,,,,,,,,,,,
4,sne_benchmark_2819567_4,ERROR,10,8,2048,163840,,,,,,,,,,,,,,,,,,,,,
4,sne_benchmark_2819567_4,ERROR,10,4,4096,163840,,,,,,,,,,,,,,,,,,,,,
4,sne_benchmark_2819567_4,OK,10,4,32,1280,440.6003854051232,98.44772006571291,333.32529117167,339.6887294575572,93.79571419209242,94.34423968940972,94.88940724730492,31.663773454725742,33.332529117167,44.45415456593037,951.517610554885,"[703.2552258047289, 973.6427807590197, 975.0061822616235, 971.0042964018525, 975.0245195278393, 977.4555297775723, 979.9100123508684, 992.630711723692, 977.3548642103295, 989.8919827313234]","[45.50268355756998, 32.866263307631016, 32.820304714143276, 32.9555699378252, 32.81968746334314, 32.738062269985676, 32.656059838831425, 32.23756793141365, 32.74143422394991, 32.326759442687035]",1936.18359375,1954.41796875,3.580322265625,3.5869140625,0.0,26.0,26.0,
4,sne_benchmark_2819567_4,ERROR,80,4,1024,327680,,,,,,,,,,,,,,,,,,,,,
4,sne_benchmark_2819567_4,OK,1,16,1024,16384,928.3107634186744,277.7116304375231,633.4222663901746,648.2002358101308,274.54818519577384,274.54818519577384,274.54818519577384,59.14995924755931,63.34222663901746,97.93123631924392,6459.733133551421,"[4109.790755279378, 6679.910726828532, 6691.763525368582, 6701.929249469206, 6710.973158087991, 6749.594321541132, 6740.628606242805, 6719.2874614635675, 6727.607519873777, 6765.846011359242]","[99.66444142535329, 61.31818474084139, 61.20957479253411, 61.1167299374938, 61.03436719998717, 60.685128688812256, 60.7658460251987, 60.95884457230568, 60.88345653191209, 60.539361864328384]",2983.9921875,2983.9921875,134.328125,134.328125,0.0,270.0,270.0,
4,sne_benchmark_2819567_4,OK,1,12,2048,24576,882.7931368388236,345.56666127592325,513.7227971889079,534.8082964867353,342.3975673355162,342.3975673355162,342.3975673355162,47.27712959051132,51.37227971889079,83.49732100963593,11804.902116094878,"[7142.637189356487, 12145.599948801335, 12159.340013035147, 12229.415658183776, 12283.272658293487, 12348.935466100329, 12363.040165626253, 12441.820998087089, 12450.872553163897, 12484.086510300982]","[86.01864881440997, 50.58622073754668, 50.52905826643109, 50.239522244781256, 50.01924300566316, 49.75327644124627, 49.69651410728693, 49.381838887929916, 49.345939200371504, 49.21465415135026]",2647.8359375,2647.8359375,245.43359375,245.43359375,0.0,522.0,522.0,
4,sne_benchmark_2819567_4,OK,1,10,4096,40960,922.5946239233016,418.0015165321529,470.6979865022004,502.2053499408066,414.8360277302563,414.8360277302563,414.8360277302563,43.98345725238323,47.06979865022004,72.88730764761567,20819.499641400504,"[13413.022516112285, 21616.58886244409, 21594.733130936245, 21567.403188119635, 21685.255533347387, 21474.3452728064, 21715.750687299005, 21598.02873196467, 21713.630413741215, 21816.238077234113]","[76.34371736645699, 47.3710263222456, 47.41896988451481, 47.47905860841274, 47.2210252918303, 47.684806544333696, 47.15471340343356, 47.41173431649804, 47.159317925572395, 46.937514908611774]",2473.234375,2473.234375,467.66796875,467.66796875,0.0,1008.0,1008.0,
4,sne_benchmark_2819567_4,OK,1,10,32,320,333.2751544415951,133.73750299960375,191.60521294176576,197.32851331308484,130.5539700910449,130.5539700910449,130.5539700910449,15.98650623485446,19.16052129417658,41.67891361191869,438.0338805038175,"[187.37559742701433, 464.82047901283704, 451.381458775882, 465.79604227066176, 484.7288580195833, 452.9614815419093, 474.44834832551635, 464.63612719986986, 469.7500145900325, 464.4403978748684]","[42.69499395787716, 17.210945647209883, 17.723368659615517, 17.17489904165268, 16.504072055220604, 17.661545906215906, 16.86168795451522, 17.217774365097284, 17.030334755778313, 17.225030459463596]",2456.52734375,2456.52734375,4.435546875,4.435546875,0.0,26.0,26.0,
4,sne_benchmark_2819567_4,OK,1,8,64,512,298.4612025208771,118.98883424326776,171.36873212456703,177.0132146254182,115.78028834238648,115.78028834238648,115.78028834238648,14.431922975927591,17.136873212456702,39.18221344798803,789.7992495421167,"[318.5056795149054, 845.2145676219167, 831.3267714419599, 839.4821842618969, 849.4777523428868, 856.4520187690188, 846.6346364373918, 837.7423072567545, 842.669255013171, 830.4873227612655]","[40.18766641616821, 15.144083514809608, 15.397074218839407, 15.247494515031576, 15.068081494420767, 14.945378981530666, 15.118682190775871, 15.279161490499973, 15.189826760441065, 15.412637434899807]",2311.6015625,2311.6015625,7.5234375,7.5234375,0.0,24.0,24.0,
4,sne_benchmark_2819567_4,OK,1,4,128,512,199.22678247094157,97.37561433389784,93.8587767481804,99.53836393728852,94.16489673778416,94.16489673778416,94.16489673778416,8.05036573857069,9.38587767481804,20.38524555787444,1386.7292415748234,"[598.9418051979553, 1482.0346520059047, 1474.4149406700028, 1462.3874189433575, 1463.064046419482, 1471.590810790729, 1494.3871464775216, 1471.6857079569158, 1474.0252888835828, 1474.7605984027816]","[21.371024511754513, 8.636775113642216, 8.68140958622098, 8.752810530364513, 8.748762592673302, 8.698070079088211, 8.565384164452553, 8.697509210556746, 8.683704476803541, 8.679374817758799]",1916.5859375,1916.5859375,12.7548828125,12.7548828125,0.0,44.0,44.0,
4,sne_benchmark_2819567_4,OK,1,2,256,512,132.29946051165462,69.7448775023222,54.76591928675771,60.45237375795841,66.53566838055849,66.53566838055849,66.53566838055849,4.763968989253044,5.476591928675771,11.704898647964,2274.63179613754,"[1004.5745897068832, 2408.055628633522, 2416.852155831446, 2415.5867651195244, 2411.442648625983, 2426.6491828698795, 2418.41131805182, 2418.2483161917025, 2406.4895201643626, 2420.007836180269]","[12.741711895912886, 5.315491821616888, 5.296145223081112, 5.298919577151537, 5.308025885373354, 5.274763278663158, 5.292730771005154, 5.293087527155876, 5.318951066583395, 5.2892390713095665]",1797.828125,1797.828125,23.76513671875,23.76513671875,0.0,62.0,62.0,
4,sne_benchmark_2819567_4,OK,1,1,384,384,88.6921792589128,65.30779008194804,14.231947038322687,20.805290676653385,62.25093812122941,62.25093812122941,62.25093812122941,0.9553431198000908,1.4231947038322688,5.572316221892834,5842.158404185813,"[1343.2757402384661, 6044.758598932791, 6125.066563009881, 6113.752601167095, 6379.024952744915, 6473.209190436485, 6470.005305545176, 6465.223595025466, 6499.845506046374, 6507.421988711484]","[7.146708387881517, 1.588152751326561, 1.5673299059271812, 1.5702303685247898, 1.5049321912229061, 1.4830356501042843, 1.4837700352072716, 1.484867438673973, 1.4769581817090511, 1.4752385839819908]",2005.65234375,2005.65234375,34.06591796875,34.06591796875,0.0,102.0,102.0,
4,sne_benchmark_2819567_4,OK,2,16,4096,131072,1673.379487812519,653.6648673005402,928.1904963701965,1017.2109438255428,558.9767057523131,604.7087811958045,650.4408566392958,87.01347944140434,92.81904963701965,126.52867284044623,32533.06262662321,"[24154.264549382387, 33012.52946254809, 32996.521473186454, 33013.25302129022, 33104.74371503923, 33143.27044427123, 33328.04603345375, 33708.47351058951, 34304.36861658596, 34565.1554398853]","[135.66134432703257, 99.25928286463022, 99.30743768438697, 99.25710737705231, 98.98279316723347, 98.86773260682821, 98.31959535554051, 97.20997893810272, 95.52136162668467, 94.80067305639386]",3020.9453125,3024.76953125,536.33984375,536.33984375,0.0,1050.0,1050.0,
4,sne_benchmark_2819567_4,OK,2,16,32,1024,576.3108318895102,190.3120367601514,377.5019803717733,383.7375113591552,187.10421692952517,187.1056785006076,187.10714007169008,33.28676054254174,37.75019803717733,73.01061418280005,704.2558477371156,"[345.737986715294, 742.8549086295591, 750.0451662913133, 736.3078041037656, 742.3935982900466, 744.1387195491982, 739.6434698279863, 732.2183003219634, 752.2489712612397, 756.969552380789]","[74.04451053589582, 34.46164210885763, 34.13127788901329, 34.76806826889515, 34.48305596783757, 34.40218782797456, 34.6112702190876, 34.962250996381044, 34.03128615394235, 33.81906170397997]",3003.51171875,3004.80078125,5.283203125,5.283203125,0.0,26.0,26.0,
4,sne_benchmark_2819567_4,OK,2,12,64,1536,476.3504620343447,163.96777744591236,303.6443907879293,309.9746241904795,160.74262596666813,160.75996617041528,160.77730637416244,26.875129625201225,30.36443907879293,59.72833663597703,1311.7315989367796,"[631.3688805416126, 1385.462353605344, 1358.1094196948652, 1385.1626369441447, 1389.919431061657, 1398.8240723850015, 1394.492978157811, 1381.5361534544459, 1393.9813749438922, 1398.4586885790218]","[60.82022916153073, 27.71637922897935, 28.27459955960512, 27.72237640246749, 27.627500660717487, 27.451629377901554, 27.53689018264413, 27.79514665901661, 27.54699645936489, 27.458801832050085]",2649.12890625,2651.37890625,8.39697265625,8.39697265625,0.0,26.0,26.0,
4,sne_benchmark_2819567_4,OK,2,10,128,2560,433.9385909549892,124.9224921092391,298.6997789703309,306.7622596286237,121.04365636408328,121.37816894613206,121.71268152818084,27.159873709082603,29.869977897033092,52.23513101413846,2166.8754348204266,"[1196.0289795071594, 2255.6495572761546, 2262.8950714350276, 2257.0970848361367, 2285.983476479841, 2284.5017831442115, 2273.8441068007296, 2286.4665641148613, 2294.13206847431, 2272.155656135835]","[53.510409109294415, 28.37320176512003, 28.28235423192382, 28.355005387216806, 27.996702801436186, 28.014861039817333, 28.146168775856495, 27.990787621587515, 27.897260528057814, 28.167084340006113]",2459.3515625,2467.5390625,14.9501953125,14.9501953125,0.0,44.0,44.0,
4,sne_benchmark_2819567_4,OK,2,8,256,4096,369.55652364715934,124.71631278842688,234.61925433576107,242.4158148355782,121.5719416961074,121.57726624421775,121.58259079232812,21.20693177729845,23.461925433576106,42.21148229762912,4403.809237872542,"[2360.950661757324, 4620.140714354856, 4641.399950172078, 4659.751116230918, 4616.487122810264, 4616.772956073819, 4633.17533882299, 4615.048447583747, 4673.021261179854, 4601.344809739577]","[43.37235913425684, 22.16382710635662, 22.06230902299285, 21.975422602146864, 22.181368056684732, 22.179994765669107, 22.101473074406385, 22.188282780349255, 21.913018211722374, 22.254363503307104]",2282.955078125,2289.9140625,28.0966796875,28.0966796875,0.0,66.0,66.0,
4,sne_benchmark_2818027_4,OK,1,1,640,640,64.08346847444773,42.36386010795832,14.00045133009553,19.978346027433872,39.228159222751856,39.228159222751856,39.228159222751856,0.9877501353621484,1.400045133009553,5.003293540328741,9577.902414377251,"[2650.6190512080125, 10142.097550133714, 10342.061324999397, 10371.80227867599, 10340.639176940682, 10385.459257826895, 10257.755219938515, 10426.23255035016, 10400.958542202174, 10461.399191496968]","[6.036325737833977, 1.5775829330086708, 1.5470803640782833, 1.542644139379263, 1.54729313403368, 1.5406155474483967, 1.5597954578697681, 1.5345907472074032, 1.538319755345583, 1.529432125389576]",1925.53125,1925.53125,51.35009765625,51.35009765625,0.0,164.0,164.0,
4,sne_benchmark_2818027_4,OK,1,1,32,32,41.767490074038506,23.420200172811747,10.975130844861267,16.634439948946238,20.27596589922905,20.27596589922905,20.27596589922905,0.8674550205469131,1.097513084486127,3.08817645162344,538.8822171616932,"[193.36997323779713, 575.8487737687648, 576.7675530100419, 580.9862086432132, 581.5698958541074, 577.1606857443587, 574.1508066447135, 573.6888006200171, 577.0431050558597, 578.2363690380589]","[4.1371469758450985, 1.389253631234169, 1.3870405778288841, 1.376969002187252, 1.3755870200693607, 1.3860957957804203, 1.393362145870924, 1.394484255462885, 1.3863782323896885, 1.3835172653198242]",1853.7109375,1853.7109375,10.35498046875,10.35498046875,0.0,26.0,26.0,
4,sne_benchmark_2818027_4,OK,1,1,32,32,87.38876397907734,62.79231991618872,12.858388282358646,20.62738962471485,59.66479765623808,59.66479765623808,59.66479765623808,0.826607309281826,1.2858388282358646,5.114825561642647,540.9456034797873,"[95.15033937881101, 584.9395222132931, 585.0349322182357, 606.0611207600132, 586.7998591986584, 597.3118597672078, 586.444236746176, 590.7374609703184, 595.2238024723781, 581.7529010727822]","[8.407747205346823, 1.3676627576351166, 1.3674397133290768, 1.3199988789856434, 1.3633268438279629, 1.339333862066269, 1.3641535714268684, 1.3542394936084747, 1.344032272696495, 1.3751542940735817]",1996.71875,1996.71875,10.35498046875,10.35498046875,0.0,26.0,26.0,
4,sne_benchmark_2819567_4,OK,2,4,384,3072,196.0371765866876,79.01403358951211,107.7374831289053,114.87342105433343,74.80089700967073,75.33069314621389,75.86048928275704,9.57942795008421,10.773748312890527,21.20676782727241,7066.964187741863,"[3441.565804195952, 7461.569622793665, 7482.805837208076, 7456.064936923489, 7481.718073753912, 7473.779483989565, 7470.74465437216, 7507.746714831603, 7498.153610459105, 7395.493138891099]","[22.31542395800352, 10.292740520089865, 10.26352970674634, 10.300339475274086, 10.265021916478872, 10.27592534199357, 10.280099716037512, 10.229434065520763, 10.242521557956934, 10.384703028947115]",1937.177734375,1940.91015625,37.6630859375,37.6630859375,0.0,106.0,106.0,
4,sne_benchmark_2819567_4,OK,2,2,512,2048,127.07789647951722,58.5280135050416,59.72404675930738,66.45254962518811,54.31020614132285,54.82327347248793,55.336340803653,5.255049556493759,5.972404675930738,11.95659039542079,8171.23953126054,"[3901.95424364975, 8476.26212653658, 8637.498000442323, 8692.209536056758, 8742.406866800695, 8663.233381216784, 8706.738029385075, 8732.676631897379, 8730.58434397779, 8428.83215264227]","[13.121630035340786, 6.0403983779251575, 5.927642472088337, 5.890332002192736, 5.856510773301125, 5.91003355756402, 5.880503103137016, 5.863036289811134, 5.864441368728876, 6.07438836991787]",1741.654296875,1750.59765625,47.2490234375,47.2490234375,0.0,124.0,124.0,
4,sne_benchmark_2819567_4,OK,2,1,1024,2048,74.44193324446678,49.348187658935785,17.01124021783471,23.442115619778637,45.97266342490912,46.069031624123454,46.16539982333779,1.2564869821071625,1.701124021783471,5.625333152711392,25544.50149799313,"[7663.400700034012, 27246.174236899897, 27477.005914624497, 27595.01177493178, 27575.602000199804, 27500.88353504043, 27540.323475865684, 27673.743361314104, 27709.796876307508, 27463.073104713563]","[6.6811069920659065, 1.8791629076004028, 1.8633762411773205, 1.8554077968001366, 1.8567137718200684, 1.86175836622715, 1.859092179685831, 1.8501291759312153, 1.847721952944994, 1.8643215857446194]",1929.271484375,1934.79296875,77.26904296875,77.26904296875,0.0,244.0,244.0,
4,sne_benchmark_2819567_4,OK,1,32,384,12288,1816.444574266672,466.5034340433776,1333.886239171028,1346.8571439944208,463.3635851368308,463.3635851368308,463.3635851368308,124.3428395241499,133.38862391710282,210.41790966317055,2337.9077659946342,"[1447.7214964294246, 2397.111458070528, 2446.9435747596976, 2430.776816766565, 2444.671956026033, 2437.9402216682033, 2437.84259147597, 2443.692055680825, 2448.270866063712, 2444.1066230053852]","[212.19550912082195, 128.15424120798707, 125.54437428340316, 126.37935242801905, 125.6610316336155, 126.00801170989871, 126.01305805146694, 125.71142067015171, 125.47631238773465, 125.69009760394692]",4406.72265625,4406.72265625,67.84716796875,67.84716796875,0.0,124.0,124.0,
4,sne_benchmark_2819567_4,OK,1,20,512,10240,1087.0376029908657,304.6149403899908,768.4163383841515,779.9305217973888,301.46299455687404,301.46299455687404,301.46299455687404,71.47399226203561,76.84163383841515,120.99633729085326,3363.1732053757983,"[2090.4378743726074, 3474.3415054633947, 3497.3503599641526, 3472.438530163082, 3508.611143547659, 3501.1678236491634, 3529.6862617563775, 3524.7679116822796, 3508.8107186561656, 3524.1199245031003]","[122.46238127350807, 73.68302730098367, 73.19827116280794, 73.72340727597475, 72.96334347873926, 73.11846015229821, 72.52769255265594, 72.62889540940523, 72.95919344946742, 72.64224983379245]",3357.30078125,3357.30078125,73.0625,73.0625,0.0,140.0,140.0,
4,sne_benchmark_2819567_4,OK,4,20,64,5120,1597.741899393499,349.981735020876,1235.8003535717726,1244.828579813242,346.49130257964134,346.59634104929864,346.6634090170264,117.47663663327694,123.58003535717724,169.49848518520594,1040.3373438067952,"[749.3006670087495, 1067.2679396366377, 1081.6724605684335, 1069.901578253342, 1065.4568014135077, 1079.7360861133484, 1069.878393488687, 1075.2201240553877, 1070.5440640516451, 1074.395323478212]","[170.82595229893923, 119.93239489942789, 118.33526752889156, 119.63717280328274, 120.13626439869404, 118.54748734086752, 119.63976539671421, 119.04539092630148, 119.56537269055843, 119.13678066432476]",3368.9990234375,3373.9453125,10.1435546875,10.1435546875,0.0,28.0,28.0,
4,sne_benchmark_2819567_4,OK,4,16,128,8192,1537.3047675862908,384.55462961643934,1138.8837346583605,1149.7198049649596,381.0335447192192,381.1384020410478,381.3278628513217,107.3073796108365,113.88837346583604,150.4866800159216,1801.92778021261,"[1349.0322391801565, 1879.6470877432828, 1880.1632466275896, 1889.657174658912, 1892.1871246460814, 1882.9289271642951, 1593.9811416865684, 1882.457308895231, 1881.7617126590212, 1887.4618388649628]","[151.81253201514482, 108.95662347227335, 108.92671174556017, 108.37944720685482, 108.23453839868307, 108.76671819388866, 128.48332683742046, 108.79396788030863, 108.8341837450862, 108.50550500303507]",3020.244140625,3027.9921875,17.14501953125,17.14501953125,0.0,46.0,46.0,
4,sne_benchmark_2819567_4,OK,4,12,256,12288,1238.8576743602753,367.91139525175095,852.5961688905954,868.3347015157342,364.4775418639183,364.5846873242408,364.6678078696132,81.37160236388445,85.25961688905954,113.05983589589596,3569.893951348228,"[2677.1550262487726, 3656.348120609086, 3649.470196601202, 3648.31877826866, 3664.306605387718, 3660.763181471072, 3672.842276164669, 3664.0697886695802, 3699.3434799729175, 3706.322060088596]","[114.74867797642946, 84.01825807243586, 84.17660193145275, 84.2031682729721, 83.83577933907509, 83.91692791134119, 83.6409453228116, 83.84119782596827, 83.04176177829504, 82.88540364801884]",2673.0478515625,2684.66796875,30.984375,30.984375,0.0,68.0,68.0,
4,sne_benchmark_2819567_4,OK,4,10,384,15360,980.154852412641,255.47141984850168,706.8188516050577,722.2266772538424,204.1562223881483,228.76362022012472,252.27497337013483,67.6366428732872,70.68188516050577,93.30363504588604,5364.461726699842,"[4031.657576367197, 5477.948795984915, 5479.520175092267, 5500.43193062931, 5511.017951677168, 5494.9139616644325, 5535.8104580571835, 5563.3254641075, 5496.1296399718385, 5553.861313446613]","[95.24618416279554, 70.09923135489225, 70.07912877947092, 69.81269922852516, 69.67859719693661, 69.88280484080315, 69.36653682589531, 69.0234649181366, 69.86734759807587, 69.14108551293612]",2476.3017578125,2482.8359375,44.13134765625,44.13134765625,0.0,108.0,108.0,
4,sne_benchmark_2819567_4,OK,4,8,512,16384,844.3730478957295,300.5233548954129,525.3796159252524,541.1927001923323,295.20211916416883,296.26554330810905,297.168099604547,50.11421633511782,52.53796159252524,72.05002146214247,7655.894682042656,"[5531.3163956250955, 7862.858301228577, 7868.971489954004, 7870.279064593449, 7885.830131054108, 7874.040691551202, 7917.22743393019, 7870.029962388196, 7916.442538019802, 7961.9508120819355]","[74.05108851194382, 52.0930155813694, 52.05254594236612, 52.0438978895545, 51.9412659406662, 52.0190352126956, 51.73528276383877, 52.04554518312216, 51.740412190556526, 51.44467853009701]",2306.416015625,2315.5,55.853515625,55.853515625,0.0,130.0,130.0,
4,sne_benchmark_2819324_4,ERROR,80,4,512,163840,,,,,,,,,,,,,,,,,,,,,
4,sne_benchmark_2819324_4,ERROR,80,2,128,20480,,,,,,,,,,,,,,,,,,,,,
4,sne_benchmark_2819324_4,ERROR,80,1,32,2560,,,,,,,,,,,,,,,,,,,,,
4,sne_benchmark_2819324_4,ERROR,40,4,512,81920,,,,,,,,,,,,,,,,,,,,,
4,sne_benchmark_2818027_4,ERROR,1,300,32,9600,,,,,,,,,,,,,,,,,,,,,
4,sne_benchmark_2819567_4,OK,4,4,1024,16384,545.700097642839,280.5150101184845,246.38062042742968,262.7335244193673,273.30995950847864,275.44651539064944,277.3206036016345,23.209371477365494,24.63806204274297,35.92447078227997,15834.141988065594,"[10853.856864681959, 16143.9713545036, 16345.808034321368, 16232.155783112701, 16374.489483792298, 16326.438261447654, 16483.702993152205, 16395.962707639268, 16540.13102481173, 16644.903373193163]","[37.73773738741875, 25.37170012295246, 25.058412477374077, 25.233863294124603, 25.014520324766636, 25.088141910731792, 24.848785504698753, 24.981759674847126, 24.764011807739735, 24.608133241534233]",1934.892578125,1935.92578125,99.95703125,99.95703125,0.0,250.0,250.0,
4,sne_benchmark_2819567_4,OK,4,2,2048,16384,445.9001232907176,284.7937491983175,141.06041741371155,158.9343634620309,272.7015066072345,277.0942413266748,281.454138211906,13.328505709767342,14.106041741371154,19.86312262713909,26120.99500369721,"[18414.53714682486, 26970.75627995264, 27078.443601427185, 26626.038608691208, 27067.34789539773, 26672.48175547432, 27493.58089752418, 26549.961197937864, 27319.04737241624, 27017.755281325928]","[22.24329597502947, 15.186819225549698, 15.126423291862011, 15.383437469601631, 15.132624059915543, 15.356651239097118, 14.89802297949791, 15.427517838776112, 14.993202157318592, 15.160400845110416]",1747.453125,1750.640625,188.1875,188.1875,0.0,490.0,490.0,
4,sne_benchmark_2819567_4,OK,4,1,4096,16384,319.0924717783928,268.98045725375414,32.448549039661884,48.41824158281088,261.71661439538,263.72678439319134,265.74505742639303,2.8333644941449165,3.2448549039661883,6.7068159729242325,88151.0068674948,"[48116.94768665414, 84781.32125703126, 92805.09263990827, 90765.9102451913, 90993.18101714259, 91568.71914981914, 97329.68703173862, 94010.2510135566, 98199.44279144144, 92939.51584246462]","[8.512593165040016, 4.831252850592136, 4.413550898432732, 4.512707456946373, 4.501436211168766, 4.473143272101879, 4.208376832306385, 4.35697166621685, 4.171103097498417, 4.407167352735996]",1938.4677734375,1944.69921875,284.64990234375,284.64990234375,0.0,954.0,954.0,
4,sne_benchmark_2819567_4,OK,2,32,1024,65536,2266.24659172073,625.6135955788195,1589.726939998567,1637.5673307329416,622.092401869595,622.2569498978555,622.421497926116,147.9818713888526,158.97269399985672,227.04864540696144,10150.88727840729,"[7056.064734819422, 10295.50177265478, 10307.704739288803, 10341.212805589488, 10424.684040283255, 10504.311176622352, 10568.914738568206, 10606.66744730399, 10645.322976663163, 10758.488352279448]","[232.19741620495915, 159.1374598518014, 158.94906203076243, 158.4340280778706, 157.16543481498957, 155.9740541242063, 155.02064691856503, 154.46887612342834, 153.90796536579728, 152.28905273228884]",4411.19140625,4412.96875,180.15625,180.15625,0.0,296.0,296.0,
4,sne_benchmark_2819567_4,OK,2,20,2048,81920,1574.9074832461774,513.3442387580872,1003.9942525401711,1059.0243630856276,467.2410056143999,488.7136336173862,510.1862616203725,93.7666783630848,100.39942525401712,143.6103465668857,19611.072456213024,"[13716.580291516993, 19939.65064444846, 19906.68412253985, 19942.661079391375, 20122.19635819137, 20260.17171309674, 20418.667251085048, 20439.703815428384, 20605.607337836424, 20758.801948595577]","[149.30835211649537, 102.70992388576269, 102.88001695275307, 102.69441935792565, 101.77815401181579, 101.08502677083015, 100.30037586763501, 100.19714661687613, 99.39042156934738, 98.65694586187601]",3370.103515625,3378.5703125,291.23046875,291.23046875,0.0,548.0,548.0,
4,sne_benchmark_2819567_4,ERROR,8,40,256,81920,,,,,,,,,,,,,,,,,,,,,
4,sne_benchmark_2819567_4,ERROR,8,32,384,98304,,,,,,,,,,,,,,,,,,,,,
4,sne_benchmark_2819567_4,ERROR,8,20,512,81920,,,,,,,,,,,,,,,,,,,,,
4,sne_benchmark_2819567_4,ERROR,8,16,1024,131072,,,,,,,,,,,,,,,,,,,,,
4,sne_benchmark_2819567_4,ERROR,8,12,2048,196608,,,,,,,,,,,,,,,,,,,,,
4,sne_benchmark_2819324_4,ERROR,32,4,32,4096,,,,,,,,,,,,,,,,,,,,,
4,sne_benchmark_2819324_4,ERROR,32,1,512,16384,,,,,,,,,,,,,,,,,,,,,
4,sne_benchmark_2819324_4,ERROR,20,16,128,40960,,,,,,,,,,,,,,,,,,,,,
4,sne_benchmark_2819324_4,ERROR,20,12,32,7680,,,,,,,,,,,,,,,,,,,,,
4,sne_benchmark_2819324_4,ERROR,20,8,512,81920,,,,,,,,,,,,,,,,,,,,,
4,sne_benchmark_2819324_4,ERROR,20,4,128,10240,,,,,,,,,,,,,,,,,,,,,
4,sne_benchmark_2819324_4,ERROR,20,2,32,1280,,,,,,,,,,,,,,,,,,,,,
4,sne_benchmark_2819324_4,ERROR,10,32,512,163840,,,,,,,,,,,,,,,,,,,,,
4,sne_benchmark_2819324_4,ERROR,10,20,128,25600,,,,,,,,,,,,,,,,,,,,,
4,sne_benchmark_2819324_4,ERROR,10,16,32,5120,,,,,,,,,,,,,,,,,,,,,
4,sne_benchmark_2819324_4,TIMEOUT,10,10,512,51200,,,,,,,,,,,,,,,,,,,,,Subprocess timed out after configured timeout_s
4,sne_benchmark_2819324_4,ERROR,8,16,512,65536,,,,,,,,,,,,,,,,,,,,,
4,sne_benchmark_2819324_4,OK,8,12,128,12288,1376.6896998994052,218.8993598408997,1139.4293619692326,1154.4971535466611,208.9288179539144,211.91648331144825,215.03234376385808,109.636712603271,113.94293619692326,141.06812449544668,2675.0955553394547,"[2148.439715366669, 2730.3303875547194, 2690.283167228763, 2726.3855209062203, 2706.887247479167, 2745.1643684015567, 2769.215440841995, 2742.5169871576454, 2733.2418409434595, 2758.4908775143504]","[142.9874889217317, 112.51385597884655, 114.18872323259711, 112.67665472999215, 113.48828817531466, 111.90586747229099, 110.93394738063216, 112.01389141380787, 112.39400604739785, 111.36524050310254]",2650.0380859375,2661.8125,15.681640625,15.681640625,0.0,46.0,46.0,
4,sne_benchmark_2819324_4,OK,8,10,32,2560,706.7375009469688,139.689249150455,556.6732811033726,564.1236205399036,132.01473018154502,133.53287917328998,135.62879817187786,52.50265534222126,55.66732811033726,79.7163259871304,1151.944018590728,"[791.5368895541469, 1184.5738508178695, 1196.9525102600146, 1202.2452803048143, 1190.7948933858224, 1188.4745930699353, 1196.824412514359, 1195.4936491014334, 1189.7280919272284, 1182.8160149716578]","[80.85535980015993, 54.027868296951056, 53.46912216767669, 53.23372946307063, 53.74561173841357, 53.85054116696119, 53.47484504058957, 53.53437054902315, 53.79380417615175, 54.10816153138876]",2463.4013671875,2474.6875,4.43475341796875,4.435546875,0.0,26.0,26.0,
4,sne_benchmark_2819324_4,OK,8,4,512,16384,715.7934878095984,276.03225203603506,419.1358253099024,437.2099150009453,241.56688901409507,260.4221847127192,272.35204792022705,40.83650132268667,41.91358253099024,51.24042651802301,9411.081410604653,"[7686.329677513492, 9647.890353607863, 9606.173449342214, 9562.925763265583, 9595.098893677974, 9649.259306335342, 9587.084660277867, 9558.377836663376, 9580.063797609866, 9637.610367752954]","[53.289413437247276, 42.45487717911601, 42.6392467468977, 42.832079861313105, 42.68846048787236, 42.44885405153036, 42.724145505577326, 42.85245959088206, 42.755456399172544, 42.50016180053353]",1934.91796875,1959.1875,50.1171875,50.1171875,0.0,126.0,126.0,
4,sne_benchmark_2819324_4,OK,8,2,128,2048,321.51870300248265,74.20456989854574,237.9396139867604,244.6782087311149,60.28116365149617,66.99723167251796,70.33202439174056,23.018382526934147,23.79396139867604,30.08794497698545,2106.8390085089086,"[1643.5081931982604, 2157.84221648832, 2148.4872127553995, 2161.2565155089515, 2164.5357439085064, 2164.0689033454923, 2161.5316227065036, 2166.953086292212, 2146.560179699092, 2153.6464111863506]","[31.152871772646904, 23.72740676254034, 23.8307213075459, 23.68992279842496, 23.654033038765192, 23.65913577005267, 23.686907682567835, 23.627645805478096, 23.852114878594875, 23.773633282631636]",1750.78125,1783.80078125,12.0234375,12.0234375,0.0,44.0,44.0,
4,sne_benchmark_2819324_4,OK,8,1,32,256,84.21209313720465,41.83202875033021,34.240034110844135,40.57587832212448,33.9506481140852,34.54768910538405,37.73147299140692,3.0044252648949623,3.424003411084413,6.87322423607111,1670.2897116849829,"[806.8288916865829, 1755.46055582829, 1780.4572817870485, 1753.4170668277934, 1771.8182508875548, 1757.8599619584543, 1748.352794020268, 1772.7637420421354, 1777.961229264888, 1777.9773425468145]","[7.932289071381092, 3.645766906440258, 3.5945821702480316, 3.65001580119133, 3.6121086329221725, 3.6407905854284763, 3.660588424652815, 3.6101821400225163, 3.599628549069166, 3.5995959267020226]",1922.267578125,1938.546875,10.35235595703125,10.35498046875,0.0,26.0,26.0,
4,sne_benchmark_2819324_4,ERROR,4,32,512,65536,,,,,,,,,,,,,,,,,,,,,
4,sne_benchmark_2819324_4,OK,4,20,128,10240,1410.3055590577424,237.4460833594203,1156.0111737512052,1169.6147479750216,225.1676967777312,229.54536604043096,233.90636814013124,107.78795194253324,115.60111737512052,160.52369986474514,2216.6240353692147,"[1578.0054699743678, 2258.746144287891, 2266.726298167406, 2252.5543418378857, 2268.9315950262107, 2298.6041887037168, 2326.4342470600545, 2344.9377817636605, 2266.3774762553253, 2304.92281061563]","[162.23010938242078, 113.33721615746617, 112.93820529058576, 113.64875654503703, 112.82843456417322, 111.37193661183119, 110.03964557498693, 109.1713400632143, 112.9555877968669, 111.06662610173225]",3409.3173828125,3426.6640625,18.6083984375,18.6083984375,0.0,48.0,48.0,
4,sne_benchmark_2819324_4,OK,4,16,32,2048,747.4845525324345,184.64066626131532,553.0127635784447,560.0139893777668,164.50115326419473,176.61877866089344,181.2407701574266,49.77503525093198,55.30127635784447,96.0798350572586,949.0705654116832,"[526.4966427516047, 1015.2690845201148, 1010.7438033779524, 968.821804720796, 997.0764436303992, 989.1360678122836, 985.3592730520561, 1015.2950672848201, 997.502480460419, 985.0049865063864]","[97.24658400937915, 50.429980367422104, 50.65576442703605, 52.84769577905536, 51.35012498497963, 51.7623425796628, 51.96074305102229, 50.428689796477556, 51.32819316536188, 51.97943228855729]",3016.9375,3026.84765625,5.280029296875,5.283203125,0.0,26.0,26.0,
4,sne_benchmark_2819324_4,OK,4,10,512,20480,863.1500891633332,239.85361754894257,598.7318248152733,620.6774161830544,225.67507872357965,230.1464655501768,236.42686914280057,56.92499596625567,59.87318248152733,82.36802196502686,8342.983408728,"[6044.509364204672, 8667.844234646538, 8564.594830389018, 8638.410927813218, 8592.450461495126, 8635.18710978932, 8487.261848242084, 8707.428672076743, 8512.00722279932, 8580.13941582395]","[84.70497258752584, 59.06889719516039, 59.7809949144721, 59.270160250365734, 59.58719253540039, 59.29228787869215, 60.32569857686758, 58.80036682263017, 60.150324899703264, 59.6726900562644]",2447.298828125,2461.52734375,58.7216796875,58.7216796875,0.0,132.0,132.0,
4,sne_benchmark_2819324_4,OK,4,8,128,4096,511.0756251886487,105.44842509552836,394.88677897676826,403.1250567957759,93.38241453841329,98.68103870563208,101.92848595231771,36.96043388918042,39.48867789767682,58.00635827705264,2584.988386752373,"[1729.9645321906826, 2670.154599093322, 2650.350611094903, 2659.71688870001, 2682.7868164098145, 2679.9314945445954, 2648.5975694247463, 2714.8479616355085, 2711.824809844253, 2701.708584585897]","[59.191964976489544, 38.34983938187361, 38.63639760389924, 38.500338301062584, 38.169264651834965, 38.20993193611503, 38.66197008639574, 37.71850263699889, 37.76055135577917, 37.90194123238325]",2271.103515625,2281.51171875,14.21826171875,14.21826171875,0.0,44.0,44.0,
4,sne_benchmark_2819324_4,ERROR,40,2,128,10240,,,,,,,,,,,,,,,,,,,,,
4,sne_benchmark_2819324_4,ERROR,40,1,32,1280,,,,,,,,,,,,,,,,,,,,,
4,sne_benchmark_2819324_4,ERROR,32,10,512,163840,,,,,,,,,,,,,,,,,,,,,
4,sne_benchmark_2819324_4,ERROR,32,8,128,32768,,,,,,,,,,,,,,,,,,,,,
4,sne_benchmark_2819324_4,OK,2,12,128,3072,467.28719728440046,142.02867187187076,315.4013084322214,322.8008169606328,138.7023538686335,138.768608096987,138.8348623253405,27.804115492850546,31.54013084322214,57.060160648077726,2485.1750012761154,"[1316.7514011810779, 2696.021487674572, 2682.885438483274, 2697.7895682083126, 2607.075946120983, 2586.700666491011, 2540.5131390702854, 2603.8833034500126, 2556.913159326256, 2563.21590275537]","[58.325360376387835, 28.486419841647148, 28.62589617073536, 28.467750377953053, 29.45829027891159, 29.690331391990185, 30.23011328652501, 29.494409330189228, 30.036217585206032, 29.96236092224717]",2661.599609375,2664.3046875,15.681640625,15.681640625,0.0,46.0,46.0,
4,sne_benchmark_2819324_4,OK,2,10,32,640,293.69869190081954,118.089859187603,167.37386890128255,173.25351626425982,113.73195821791889,114.32566739618778,114.91937657445668,13.957460641860962,16.737386890128256,39.525111090391874,1017.0744551782142,"[393.93761715839804, 1086.084828904224, 1094.4305243911365, 1101.7862847054128, 1071.530879153203, 1030.7092915779394, 1102.1564505672973, 1104.5494855435188, 1086.502810922565, 1099.0563788584468]","[40.61556780338287, 14.731814287602901, 14.619475282728672, 14.52187254652381, 14.931907527148724, 15.523290738463402, 14.516995288431644, 14.485543843358755, 14.726146899163723, 14.557942893356085]",2454.841796875,2455.078125,4.435546875,4.435546875,0.0,26.0,26.0,
4,sne_benchmark_2819324_4,OK,2,4,512,4096,201.0260040536523,81.31883716955781,109.14397345855832,117.3577122502029,74.7075613476336,76.3908018451184,78.0740423426032,9.697971981018782,10.914397345855832,21.043860219419003,9182.71356574768,"[4606.880327299324, 9797.056515042026, 9702.288901282156, 9821.358899002564, 9803.802009921901, 9692.333583857217, 9543.459772014427, 9587.893176876049, 9618.589786237417, 9653.472685943738]","[22.22762319073081, 10.452118944376707, 10.554210562258959, 10.426255781203508, 10.444927375763655, 10.565051142126322, 10.729861333966255, 10.680135678499937, 10.64605126902461, 10.607581678777933]",1932.359375,1936.08203125,50.1171875,50.1171875,0.0,126.0,126.0,
4,sne_benchmark_2819324_4,OK,2,2,128,512,122.12692020833492,52.011270090937614,62.1444154009223,67.85603002458811,48.6287953928113,48.68623789586127,48.74368039891124,5.485829494893551,6.2144415400922295,11.856867019087076,1985.84552593244,"[996.3609748754071, 2126.0615909325556, 2092.058645470449, 2103.199636048203, 2097.761781092243, 2106.409111357928, 2101.1540366995055, 2122.690681863195, 1998.820588443731, 2113.9382125411844]","[12.846749644726515, 6.020521726459265, 6.118375327438116, 6.085965298116207, 6.101741444319487, 6.076692286878824, 6.091890349984169, 6.030082531273365, 6.403776343911886, 6.055049255490303]",1752.0,1752.75390625,12.0234375,12.0234375,0.0,44.0,44.0,
4,sne_benchmark_2819324_4,OK,2,1,32,64,59.38478530570865,37.76155685633421,14.536840714514256,19.949031375348568,34.33750011399388,34.35055917687714,34.3636182397604,1.0521317534148693,1.4536840714514256,4.877229638397694,948.7620388216728,"[273.00399390150073, 1022.628813645518, 1012.541174934992, 1022.8318102791293, 1019.9280488119671, 1030.6686307640798, 1024.393014551932, 1020.9343252763982, 1039.642420702383, 1021.0481553488266]","[5.860720120370388, 1.5645950697362423, 1.5801826529204845, 1.5642845518887043, 1.5687381103634834, 1.5523903146386147, 1.5619005374610424, 1.5671918950974941, 1.5389906838536263, 1.5670171789824963]",1916.220703125,1916.4453125,10.352783203125,10.35498046875,0.0,26.0,26.0,
4,sne_benchmark_2819324_4,OK,1,32,512,16384,1732.150585141033,412.84887363016605,1296.7119165621698,1316.1468731164932,409.7156321890652,409.7156321890652,409.7156321890652,121.75466614216566,129.671191656217,194.6098278686404,3172.60984441275,"[2078.9370897503854, 3295.4306387125534, 3275.908871022605, 3294.2357365328194, 3282.502930282141, 3292.1098464628217, 3310.7964696355043, 3291.9551898441514, 3318.5605308016993, 3285.661141082822]","[197.02375892922282, 124.29331547394395, 125.03400311991572, 124.33839978650212, 124.78282843902707, 124.41869169101119, 123.71645426005125, 124.42453690245748, 123.42700884863734, 124.6628859192133]",4448.64453125,4448.64453125,90.271484375,90.271484375,0.0,150.0,150.0,
4,sne_benchmark_2819324_4,OK,1,20,128,2560,803.2123350948095,210.2824004478753,583.1965374797583,590.2397712245584,207.2051856778562,207.2051856778562,207.2051856778562,50.91520252078772,58.31965374797583,103.46231908723712,1129.4513814081902,"[611.9725921636159, 1143.3374622591537, 1151.8959835681574, 1241.083600064421, 1201.2703782983713, 1153.052114868361, 1190.1274395069474, 1198.493856983771, 1175.0393210581065, 1228.2410653109976]","[104.57984690740705, 55.97647423669696, 55.56057223305106, 51.567839585244656, 53.276931785047054, 55.504863288253546, 53.775753650814295, 53.40035714581609, 54.46626240760088, 52.10703485459089]",3413.21484375,3413.21484375,18.6083984375,18.6083984375,0.0,48.0,48.0,
4,sne_benchmark_2819324_4,OK,1,16,32,512,473.8518817834556,164.2564932666719,301.2220845669508,307.09543903544545,161.17395581677556,161.17395581677556,161.17395581677556,25.38821705058217,30.12220845669508,65.72955073788762,450.81343134622455,"[191.77233742075862, 492.01562594243825, 477.11915164445094, 477.9539734730999, 493.7507730946149, 465.86211667401557, 482.2765188981889, 462.7209085795364, 492.271219788871, 472.3916879462709]","[66.74581001698971, 26.01543391123414, 26.82768016308546, 26.78082139790058, 25.924010042101145, 27.47594093158841, 26.540790393948555, 27.66246297210455, 26.001926347613335, 27.096158392727375]",3001.5390625,3001.5390625,5.283203125,5.283203125,0.0,26.0,26.0,
4,sne_benchmark_2819324_4,OK,1,10,512,5120,439.5058198831976,144.18621471896768,284.4087266921997,292.934553951025,141.24430402740836,141.24430402740836,141.24430402740836,25.846211839467287,28.44087266921997,49.981033619493246,4541.705727012334,"[2492.654122870463, 4765.144647938822, 4809.084075613636, 4760.84150466908, 4658.707416585875, 4773.310674664381, 4780.484230081846, 4795.201900520566, 4789.828740959402, 4791.799956219266]","[51.350886922329664, 26.86172392591834, 26.616294909268618, 26.886003214865923, 27.475432250648737, 26.815769750624895, 26.775530226528645, 26.693349447101355, 26.723293654620647, 26.712300423532724]",2470.15234375,2470.15234375,58.7216796875,58.7216796875,0.0,132.0,132.0,
4,sne_benchmark_2819324_4,OK,1,8,128,1024,298.9349426180124,108.37447492033245,181.64349220320585,188.2012793198228,105.27739440649748,105.27739440649748,105.27739440649748,15.837195377796888,18.16434922032058,36.66114031150937,1446.1780636765902,"[679.0344809424056, 1503.6827014814558, 1540.8092427726483, 1534.5468403757172, 1542.4608066641185, 1538.497225696738, 1503.5134143641546, 1558.6031145741051, 1514.483369420964, 1546.149440473596]","[37.700589172542095, 17.024868328124285, 16.614645920693874, 16.682449389249086, 16.59685606881976, 16.639614015817642, 17.026785232126713, 16.42496396973729, 16.903454020619392, 16.557261109352112]",2283.3359375,2283.3359375,14.21826171875,14.21826171875,0.0,44.0,44.0,
4,sne_benchmark_2819324_4,OK,1,4,32,128,155.11001431196928,71.17115265876055,75.76349016278982,81.73649898543954,68.09962378442287,68.09962378442287,68.09962378442287,6.2388029135763645,7.576349016278982,17.840814843773842,429.2108054681032,"[170.14186192420038, 465.9958612579795, 456.4153875659096, 454.2321807957809, 456.2960010129105, 465.4612145236592, 469.88630811262516, 456.0651426578355, 453.64341556231204, 443.9706812678196]","[18.80783461406827, 6.867013778537512, 7.0111571326851845, 7.044855330139399, 7.012991551309824, 6.874901495873928, 6.810157999396324, 7.016541499644518, 7.053998559713364, 7.207683153450489]",1952.2890625,1952.2890625,3.5869140625,3.5869140625,0.0,26.0,26.0,
4,sne_benchmark_2819324_4,OK,10,8,128,10240,1144.6143445670605,223.5182177461684,905.1201903671026,917.854082517326,206.1780526190996,213.24805771969255,219.37673431634903,87.78941850736737,90.51201903671026,108.98095802217722,2800.1915385375487,"[2316.9116697723493, 2827.472168500393, 2860.2263329930997, 2841.109491493232, 2855.7534455258883, 2847.474432065231, 2857.0299774188993, 2878.1872962388943, 2856.753943524464, 2860.996627843037]","[110.49191185832024, 90.54023691266775, 89.50340644270182, 90.10564385727048, 89.64359314739704, 89.90423131361604, 89.6035400480032, 88.94487177208066, 89.61219799146056, 89.47930854186416]",2295.855859375,2316.3203125,14.21826171875,14.21826171875,0.0,44.0,44.0,
4,sne_benchmark_2819324_4,OK,10,4,32,1280,407.5466324612498,92.10115056857468,306.0652518942952,312.85621232166886,86.99413648992777,87.529312761873,88.11163587495685,28.956524077802896,30.60652518942952,43.25377011671662,1037.795815143159,"[720.2020041517618, 1060.014446774183, 1072.304792023884, 1067.9649767675323, 1074.319314947456, 1067.2219173114513, 1078.0632759482107, 1076.1242103265406, 1082.1692860327296, 1079.5739271478405]","[44.431978549808264, 30.188267808407545, 29.842261489480734, 29.96352941915393, 29.786302410066128, 29.984391700476408, 29.682858802378178, 29.736344274133444, 29.570234909653664, 29.64132348448038]",1915.633203125,1928.97265625,3.584375,3.5869140625,0.0,26.0,26.0,
4,sne_benchmark_2819324_4,ERROR,10,1,512,5120,,,,,,,,,,,,,,,,,,,,,
4,sne_benchmark_2819324_4,TIMEOUT,8,40,128,40960,,,,,,,,,,,,,,,,,,,,,Subprocess timed out after configured timeout_s
4,sne_benchmark_2819324_4,TIMEOUT,8,32,32,8192,,,,,,,,,,,,,,,,,,,,,Subprocess timed out after configured timeout_s
4,sne_benchmark_2819567_4,ERROR,8,10,4096,327680,,,,,,,,,,,,,,,,,,,,,
4,sne_benchmark_2819567_4,OK,8,10,32,2560,880.1640186756849,136.2912826091051,733.3034425452352,741.2230491116643,126.77435993403196,129.27061371970922,132.52476357668638,69.81448678672314,73.33034425452351,94.40484657883644,870.0096532454846,"[669.4846911398382, 888.4524494979156, 891.6825818859734, 894.9977122241233, 883.3931375535946, 876.2505458217942, 891.8445019312684, 892.0305174171664, 905.1648032771054, 906.7955917060667]","[95.59591256827116, 72.03536895662546, 71.77441984415054, 71.50856267660856, 72.44792525470257, 73.03847090899944, 71.76138874143362, 71.74642430990934, 70.70535638183355, 70.5781993046403]",2455.6591796875,2470.0703125,4.435546875,4.435546875,0.0,26.0,26.0,
4,sne_benchmark_2819567_4,OK,8,8,64,4096,804.4175539761782,125.19985731691122,668.4477956667542,676.332079000771,111.64621292054652,116.58794217836112,121.6841427385807,64.58948539942503,66.84477956667543,83.94753529131413,1523.3440160859936,"[1203.064442296074, 1567.22179962818, 1544.6332443308559, 1567.8792067640106, 1563.9485177113588, 1548.4240113581084, 1564.5927587512072, 1562.479067195486, 1549.5695711625976, 1561.6275416620579]","[85.11597251147032, 65.33855005353689, 66.29405418783426, 65.31115379184484, 65.47530103474855, 66.13175670802593, 65.44834074378014, 65.53687799721956, 66.0828670784831, 65.57261399924755]",2292.76171875,2311.45703125,7.5234375,7.5234375,0.0,24.0,24.0,
4,sne_benchmark_2819567_4,ERROR,1,160,2048,327680,,,,,,,,,,,,,,,,,,,,,
4,sne_benchmark_2819567_4,ERROR,1,128,4096,524288,,,,,,,,,,,,,,,,,,,,,
4,sne_benchmark_2819567_4,ERROR,1,128,32,4096,,,,,,,,,,,,,,,,,,,,,
4,sne_benchmark_2819567_4,ERROR,1,96,64,6144,,,,,,,,,,,,,,,,,,,,,
4,sne_benchmark_2819567_4,ERROR,1,64,128,8192,,,,,,,,,,,,,,,,,,,,,
4,sne_benchmark_2819567_4,OK,1,40,256,10240,2345.862571332604,601.6889231987298,1729.2952630631626,1740.7465042322874,598.5058282651007,598.5058282651007,598.5058282651007,160.84437254443765,172.92952630631626,269.17448971048,1505.188947360251,"[945.8034772224256, 1574.6413607101513, 1549.9605772329294, 1563.860929787011, 1556.5812352163487, 1565.2924829384956, 1568.6495415468266, 1572.5089768970583, 1572.7481995743099, 1581.842692476954]","[270.66933688148856, 162.5767024718225, 165.16549114882946, 163.69742035493255, 164.4629873521626, 163.54770931974053, 163.19770172983408, 162.79716285318136, 162.7724006101489, 161.83657276257873]",5115.5703125,5115.5703125,51.1982421875,51.1982421875,0.0,80.0,80.0,
4,sne_benchmark_2819567_4,ERROR,4,32,4096,524288,,,,,,,,,,,,,,,,,,,,,
4,sne_benchmark_2819567_4,OK,4,32,32,4096,2190.611632414162,438.05319242179394,1741.4234558567405,1749.104881361127,434.7190930992365,434.774382693693,434.8277773186565,162.51222836226225,174.14234558567404,250.5196389630437,594.651421357503,"[406.89492515108594, 615.6924129128581, 616.9084842565794, 614.606584071059, 607.2176304204082, 620.7697786071095, 616.872364431326, 627.4057737669975, 610.840020712861, 609.306239244745]","[251.66202297061682, 166.31681315600872, 165.98896370083094, 166.61064598709345, 168.63805474340916, 164.9564839154482, 165.9986828789115, 163.21175909042358, 167.63800099492073, 168.05998922139406]",4423.8681640625,4431.65234375,7.542236328125,7.54541015625,0.0,26.0,26.0,
4,sne_benchmark_2819567_4,ERROR,20,10,512,102400,,,,,,,,,,,,,,,,,,,,,
4,sne_benchmark_2819567_4,ERROR,20,8,1024,163840,,,,,,,,,,,,,,,,,,,,,
4,sne_benchmark_2819567_4,ERROR,20,4,2048,163840,,,,,,,,,,,,,,,,,,,,,
4,sne_benchmark_2819567_4,ERROR,20,2,4096,163840,,,,,,,,,,,,,,,,,,,,,
4,sne_benchmark_2819567_4,OK,20,2,32,1280,423.6861685141921,73.30932664871216,341.3548256531358,348.02637526392937,64.45404617488384,67.19856574386358,68.90401823073626,33.143288157880306,34.13548256531358,39.92948094010353,922.3396344720647,"[781.3794666887856, 925.3428879763726, 933.3638827360611, 936.1777162319519, 938.2984250043351, 947.1888103082767, 941.2615023362893, 939.1661990438005, 942.2891406854856, 938.9283137092907]","[40.95321334153414, 34.58177548646927, 34.28459209948778, 34.181544214487076, 34.104288302361965, 33.78418289124966, 33.9969285055995, 34.07277650386095, 33.95985225588083, 34.08140912652016]",1750.40078125,1784.6484375,3.3028076171875,3.3046875,0.0,26.0,26.0,
4,sne_benchmark_2819324_4,OK,4,4,32,512,217.81869449839,72.04838725924492,137.7356996536255,143.48356425762177,60.957812804728746,64.13038681913167,68.6609613597393,12.235361002385616,13.77356996536255,25.529407523572445,935.030053284177,"[482.53392379223465, 985.4027275840297, 975.3072489597903, 980.9160506452926, 988.412791136166, 986.4494967897625, 1003.2518799708872, 981.00558127818, 1001.4710117535839, 965.5498209318441]","[26.526632364839315, 12.98961291834712, 13.12406937777996, 13.049026969820261, 12.950054991990328, 12.975829012691975, 12.75851085409522, 13.047836061567068, 12.78119870647788, 13.256695535033941]",1910.056640625,1930.32421875,3.582275390625,3.5869140625,0.0,26.0,26.0,
4,sne_benchmark_2819324_4,OK,4,1,512,2048,106.16169520094992,57.12612175941467,40.67626389488578,47.24351861327887,51.95482261106372,52.78469760157168,53.51941623166204,3.701699443161488,4.067626389488578,7.102044466882944,11245.08425141828,"[6286.787416661129, 11820.667619051852, 11854.044812356562, 11924.071266305815, 11855.925693241134, 11487.256394811217, 11862.361851704376, 11882.930523720746, 11883.921703133343, 11592.875233196628]","[8.144064147025347, 4.331396639347076, 4.319200813770294, 4.293835457414389, 4.318515595048666, 4.457113016396761, 4.316172499209642, 4.308701451867819, 4.308342084288597, 4.416505739092827]",1908.23828125,1917.7421875,42.70556640625,42.70556640625,0.0,122.0,122.0,
4,sne_benchmark_2819324_4,TIMEOUT,2,40,128,10240,,,,,,,,,,,,,,,,,,,,,Subprocess timed out after configured timeout_s
4,sne_benchmark_2819324_4,OK,2,32,32,2048,1084.279529839754,315.20255609974265,759.2305528223515,766.2466336339712,311.8627374470234,311.8818204812705,311.9009035155177,64.71438409760594,75.92305528223514,149.9769000224769,708.4488002213916,"[338.9767136151286, 762.016369964229, 782.5018670447976, 762.1283236653054, 740.854747797181, 720.6425754342276, 756.5910464731032, 757.0041341819724, 729.1908723096658, 734.5813517283049]","[151.0428237207234, 67.19015761092305, 65.43115378543735, 67.1802876368165, 69.10936341062188, 71.0477034598589, 67.67196127772331, 67.6350335329771, 70.21481198444963, 69.69956408441067]",4473.69140625,4482.71875,7.542236328125,7.54541015625,0.0,26.0,26.0,
4,sne_benchmark_2819324_4,OK,2,16,512,16384,776.5850259698927,214.72002481296656,541.4262504354119,559.1839619986713,211.260277684778,211.3969324771315,211.533587269485,49.44157418236136,54.1426250435412,87.09848617762327,7519.437434804548,"[4592.968138502835, 7823.315406562993, 7936.175451512712, 8010.498073827806, 7723.736168913582, 7866.695024103071, 7833.342604360201, 7777.8972812541115, 7856.614550068784, 7773.131648939375]","[89.17980435490608, 52.35631937533617, 51.611762177199125, 51.13290037959814, 53.0313297919929, 52.067608918994665, 52.28929981589317, 52.66204800456762, 52.13441456109285, 52.69433460012078]",3017.017578125,3023.78125,67.326171875,67.326171875,0.0,136.0,136.0,
4,sne_benchmark_2819567_4,OK,40,2,256,20480,1378.6258032470942,370.97246477007866,986.2045087218283,1004.8573188781738,296.5933465361595,347.77770602330565,364.07411087304354,97.8226756080985,98.62045087218284,102.86307092010976,5096.581367068379,"[4871.353856241024, 5108.441194551653, 5087.403610698953, 5118.123993908957, 5117.535420404002, 5128.038066761735, 5126.042118703274, 5125.4621441844265, 5142.534365120537, 5140.878900109232]","[105.10425132513046, 100.22626873850822, 100.6407274082303, 100.03665417432785, 100.04815950244665, 99.84325259178877, 99.88212896883488, 99.89343118667603, 99.5618042871356, 99.59386516362429]",1748.68359375,1773.9296875,23.76513671875,23.76513671875,0.0,62.0,62.0,
4,sne_benchmark_2819567_4,TIMEOUT,40,1,384,15360,,,,,,,,,,,,,,,,,,,,,Subprocess timed out after configured timeout_s
4,sne_benchmark_2819567_4,ERROR,32,12,512,196608,,,,,,,,,,,,,,,,,,,,,
4,sne_benchmark_2819567_4,OK,8,4,128,4096,479.8237996473909,106.3339753523469,362.18570141494274,371.0570337548852,89.62710617482662,97.06560038402677,102.80696082860231,34.99036333709955,36.21857014149428,46.3561597019434,2779.803685529336,"[2149.546237367134, 2839.403146881334, 2849.8211606554896, 2851.4893313445673, 2856.3480819278834, 2846.600442382185, 2848.3091658553253, 2848.4872546720144, 2860.822207083335, 2847.209827124087]","[47.63796108216047, 36.06391720473766, 35.93207932263613, 35.9110584333539, 35.84997243434191, 35.972733817994595, 35.95115348696709, 35.94890580326319, 35.79390559345484, 35.96503461897373]",1927.82275390625,1934.98828125,12.7548828125,12.7548828125,0.0,44.0,44.0,
4,sne_benchmark_2819567_4,OK,8,2,256,4096,321.9564475417137,107.74788197875024,203.86257042735812,211.8685652986169,95.91851333528756,100.5033245626837,103.98382774740458,19.607220828533173,20.386257042735814,26.747939623892307,4876.129730839358,"[3672.1108010652, 5010.372164426927, 5027.872136622163, 5025.729784926366, 5002.7573167526325, 5035.256747571656, 4990.032944056958, 4989.215155111845, 5029.733085933624, 4978.217171926203]","[27.885868795216084, 20.437603563070297, 20.366468600928783, 20.375150352716446, 20.468712255358696, 20.33659952878952, 20.52090660482645, 20.524270214140415, 20.358933217823505, 20.569612868130207]",1765.7734375,1782.60546875,23.76513671875,23.76513671875,0.0,62.0,62.0,
4,sne_benchmark_2819567_4,OK,8,1,384,3072,135.30000100284815,85.45998606830835,39.781090281903744,48.13031277060509,81.53670763969421,81.6338209155947,81.8160612359643,3.550457395613193,3.9781090281903744,7.6453627571463585,16734.053191828567,"[8629.222687840755, 17412.969466936396, 17413.388911050246, 17523.49603343858, 17555.85290815761, 17605.46050529952, 17940.08825776117, 17927.488323673424, 17662.56370606506, 17670.00111806292]","[8.899990506470203, 4.410505637526512, 4.410399399697781, 4.382687099277973, 4.37460944801569, 4.362282939255238, 4.280915394425392, 4.283924140036106, 4.348179645836353, 4.346349470317364]",1935.36376953125,1951.16796875,34.06591796875,34.06591796875,0.0,102.0,102.0,
4,sne_benchmark_2819567_4,ERROR,4,96,512,196608,,,,,,,,,,,,,,,,,,,,,
4,sne_benchmark_2819567_4,ERROR,4,64,1024,262144,,,,,,,,,,,,,,,,,,,,,
4,sne_benchmark_2819567_4,ERROR,4,40,2048,327680,,,,,,,,,,,,,,,,,,,,,
4,sne_benchmark_2819567_4,ERROR,20,16,256,81920,,,,,,,,,,,,,,,,,,,,,
4,sne_benchmark_2819567_4,ERROR,20,12,384,92160,,,,,,,,,,,,,,,,,,,,,
4,sne_benchmark_2819324_4,OK,1,1,512,512,78.02239332348108,53.74759076535702,15.461150448769333,21.77141973003745,50.65662484243512,50.65662484243512,50.65662484243512,1.1513212248682976,1.5461150448769332,5.058986444026232,7012.612841370134,"[1957.765949552621, 7485.030634681711, 7577.933445556119, 7517.148695610314, 7592.783569969855, 7592.028513525245, 7593.618440663774, 7606.256581518027, 7596.461461716762, 7607.101120906915]","[6.5380644723773, 1.7100798413157463, 1.689114861190319, 1.7027732878923416, 1.6858112551271915, 1.6859789155423641, 1.6856259107589722, 1.6828251667320728, 1.6849950551986694, 1.6826383396983147]",2008.61328125,2008.61328125,42.70556640625,42.70556640625,0.0,122.0,122.0,
4,sne_benchmark_2819567_4,OK,20,1,64,1280,151.99315867573023,63.28721049427986,80.4848757982254,86.95593502372503,58.08887737244368,58.34822371415794,58.66628286242485,7.558743394911289,8.04848757982254,11.753331065177916,3745.9962609211457,"[2506.3069395220887, 3858.1502452308823, 3849.479901952149, 3831.813058922088, 3884.7751609604397, 3837.1950252791867, 3900.9803573434933, 3925.779996498671, 3925.233071673111, 3940.2488518293467]","[12.767789728939533, 8.294130079448223, 8.31281129270792, 8.351138092577457, 8.23728495836258, 8.339424967765808, 8.203066170215607, 8.151246383786201, 8.152382142841816, 8.121314465999603]",1933.1841796875,1979.31640625,12.4990234375,12.4990234375,0.0,22.0,22.0,
4,sne_benchmark_2819567_4,TIMEOUT,10,32,128,40960,,,,,,,,,,,,,,,,,,,,,Subprocess timed out after configured timeout_s
4,sne_benchmark_2819567_4,OK,10,20,256,51200,4423.175801992416,812.3442646190524,3559.9520463347435,3606.388831540942,773.9089635908604,794.5397619716823,808.5054382458329,349.7162349745631,355.9952046334744,396.2920328304172,3553.856606682387,"[3191.463888127653, 3564.2762382547157, 3584.7233491420966, 3583.4362021645798, 3596.2757138614675, 3603.4575414387277, 3587.1525711899244, 3597.1897743846544, 3611.6567674513594, 3618.9340208086883]","[401.06986789405346, 359.1191912293434, 357.0707904994488, 357.19904800504446, 355.92376720905304, 355.2143976390362, 356.82898192852736, 355.833325535059, 354.407985702157, 353.6953126639128]",3360.188671875,3385.06640625,36.759765625,36.759765625,0.0,72.0,72.0,
4,sne_benchmark_2819567_4,OK,4,1,32,128,73.32196302711964,43.7322501167655,22.240402564406395,27.93417487293482,40.448504105210304,40.50293815881014,40.52836963534355,1.7748195305466652,2.2240402564406394,5.989006958901882,1288.1827941021154,"[453.7289509179201, 1375.989513310245, 1356.98879145579, 1380.0344896218946, 1400.825935217351, 1381.3467483975612, 1387.9933261541053, 1369.1014428281023, 1381.408122380093, 1394.410620738091]","[7.0526687651872635, 2.325599119067192, 2.3581624403595924, 2.31878262758255, 2.284366615116596, 2.316579818725586, 2.3054865896701813, 2.3372994139790535, 2.31647689640522, 2.294876381754875]",1944.93359375,1952.51953125,10.35498046875,10.35498046875,0.0,26.0,26.0,
4,sne_benchmark_2819567_4,ERROR,2,160,64,20480,,,,,,,,,,,,,,,,,,,,,
4,sne_benchmark_2819567_4,ERROR,2,128,128,32768,,,,,,,,,,,,,,,,,,,,,
4,sne_benchmark_2819567_4,ERROR,2,96,256,49152,,,,,,,,,,,,,,,,,,,,,
4,sne_benchmark_2819567_4,OK,2,64,384,49152,4428.5521951541305,773.6288131065667,3613.3295625783503,3649.8003403656185,770.4474184960127,770.4526441115886,770.4578697271645,342.8244444280863,361.332956257835,492.8010789304972,3404.42125411787,"[2471.714366728832, 3537.990817389202, 3492.230413567295, 3472.016987646118, 3490.8861811521715, 3495.26705531313, 3507.9621199042695, 3517.358455192422, 3520.187363884044, 3538.5987804012166]","[497.14482245221734, 347.3157685883343, 351.86681704223156, 353.91531907022, 352.0023100823164, 351.56111980974674, 350.2888452038169, 349.3530772179365, 349.07232853770256, 347.25609662383795]",7216.009765625,7218.1328125,102.34326171875,102.34326171875,0.0,142.0,142.0,
4,sne_benchmark_2819567_4,OK,2,40,512,40960,2451.224384754896,523.5188930034637,1892.6672722026703,1924.2781784422696,513.5801966004074,516.9453592281789,520.3105218559504,179.26884441822767,189.26672722026703,270.071469720453,5399.046809628996,"[3745.7742450835703, 5583.748950100057, 5589.667927203158, 5507.712185264239, 5518.354483658265, 5610.34338014823, 5615.484905920309, 5606.0794690439225, 5604.467711905417, 5608.834837962795]","[273.37472388893366, 183.38933378830552, 183.19514027237892, 185.92111670970917, 185.56256272271276, 182.52002250403166, 182.35290756821632, 182.65884485840797, 182.71137468144298, 182.5691127628088]",5113.671875,5131.09375,101.744140625,101.744140625,0.0,156.0,156.0,
4,sne_benchmark_2819567_4,OK,10,2,64,1280,297.5592173188925,75.14497795701027,212.9270907640457,220.1161246299744,71.13927694410086,71.31498794108629,71.63440533727407,20.482708290219307,21.29270907640457,27.653408370912075,1466.139605527689,"[1111.8094185701027, 1502.9705632774767, 1493.2060445044601, 1505.2866453301426, 1504.5375260133803, 1505.3983962496889, 1505.122673914588, 1513.1656346041577, 1514.5283329731333, 1505.3708198397571]","[28.781911239027977, 21.291168823838234, 21.430398114025593, 21.258409552276134, 21.268994256854057, 21.256831467151642, 21.260725490748882, 21.14771791547537, 21.128690235316753, 21.25722086429596]",1768.651953125,1798.609375,6.212841796875,6.2138671875,0.0,24.0,24.0,
4,sne_benchmark_2819567_4,OK,10,1,128,1280,117.98645942658186,64.06561505794525,45.67689586430788,52.19960593432188,59.81216453760862,60.09734872058034,60.430304020643234,4.102997899055481,4.567689586430788,8.559257246553898,6430.519022748178,"[3308.330544114715, 6797.809329356705, 6682.005248981454, 6818.7672351310075, 6782.393235466459, 6759.820848746275, 6847.318700866936, 6826.791820870816, 6735.620461335395, 6746.332802612019]","[9.672552235424519, 4.707398876547813, 4.788981571793556, 4.692930392920971, 4.718098595738411, 4.73385326564312, 4.673362143337727, 4.687414065003395, 4.750861510634422, 4.7433177307248116]",1939.59375,1954.70703125,16.78662109375,16.78662109375,0.0,42.0,42.0,
4,sne_benchmark_2819567_4,ERROR,32,10,1024,327680,,,,,,,,,,,,,,,,,,,,,
4,sne_benchmark_2819567_4,ERROR,32,8,2048,524288,,,,,,,,,,,,,,,,,,,,,
5,sne_benchmark_2820707_5,ERROR,4,46,4096,753664,,,,,,,,,,,,,,,,,,,,,
5,sne_benchmark_2820707_5,ERROR,2,46,4096,376832,,,,,,,,,,,,,,,,,,,,,
5,sne_benchmark_2820707_5,ERROR,1,46,4096,188416,,,,,,,,,,,,,,,,,,,,,
5,sne_benchmark_2819568_5,OK,40,2,384,30720,1565.1925241798162,520.436941690743,1017.3780544549228,1042.0378296896815,446.1453389972448,502.0080046998337,513.7824863940477,100.78399305045605,101.73780544549228,106.2816865593195,7372.165158657948,"[7040.22892609967, 7379.889174814846, 7377.942799772357, 7398.781838501015, 7391.228092656891, 7400.069082654832, 7412.4300059311, 7427.4611506745105, 7431.382743717802, 7462.2377717564605]","[109.08736179769039, 104.06660341471434, 104.09405722469091, 103.80087111145258, 103.90695434808731, 103.78281491994858, 103.60974732786417, 103.4000696092844, 103.34550466388464, 102.9181893542409]",1749.95791015625,1790.87890625,35.50732421875,35.50732421875,0.0,104.0,104.0,
5,sne_benchmark_2819568_5,OK,40,4,256,40960,2654.610252059996,683.1625032424927,1932.9993663206697,1967.880454733968,627.8893522322178,669.2415208717808,676.5054598599672,191.7518539950252,193.29993663206696,201.5760054886341,5204.693151147488,"[4992.705164910396, 5198.130851981533, 5211.95166695905, 5225.943854160037, 5209.477600246128, 5232.874012249487, 5240.788028055071, 5246.142253394861, 5243.137660862098, 5245.780418656217]","[205.09923301637173, 196.99388667941093, 196.47150730341673, 195.94546527415514, 196.56481485813856, 195.6859648451209, 195.39046313613653, 195.19104716181755, 195.30290185660124, 195.20451072603464]",1940.57060546875,2006.73828125,25.208984375,25.208984375,0.0,64.0,64.0,
5,sne_benchmark_2819568_5,OK,40,8,128,40960,4791.602808408439,697.4895077571273,4051.973930761218,4088.723775424063,664.3107851371169,680.2308892613277,690.8103988617659,402.0899933353066,405.1973930761218,415.9819291681051,2504.698517705581,"[2437.357326573646, 2503.89049428674, 2504.040812431897, 2507.058612963105, 2507.9698923369897, 2511.247010181355, 2505.6587829764094, 2517.197762916318, 2524.6788462012437, 2527.8856361881044]","[420.12715527415276, 408.9635718241334, 408.93902164697647, 408.4467729255557, 408.29836240410805, 407.7655427157879, 408.67495884001255, 406.80156922340393, 405.59614207595587, 405.08161656558514]",2294.7890625,2333.453125,14.217724609375,14.21826171875,0.0,44.0,44.0,
5,sne_benchmark_2819568_5,ERROR,80,1,64,5120,,,,,,,,,,,,,,,,,,,,,
5,sne_benchmark_2819568_5,OK,80,2,32,5120,1553.133649483323,192.03104285895824,1347.3643440753222,1357.7896405607462,100.44820883870123,146.26657856591046,178.15349969267845,132.3773854970932,134.73643440753222,144.33908739686012,943.3006403751864,"[878.1871532315171, 939.5700582551293, 943.1046600158531, 950.1158199478167, 945.9883870069209, 953.0353280513878, 955.5786876713278, 956.9480403898356, 950.5347633357945, 959.9435058462828]","[145.75480810552835, 136.23252345621586, 135.72194627672434, 134.72041756659746, 135.3082149401307, 134.3077179118991, 133.95024570077658, 133.75856848806143, 134.66104022413492, 133.34118020534515]",1746.98115234375,1781.1328125,3.30289306640625,3.3046875,0.0,26.0,26.0,
5,sne_benchmark_2819568_5,OK,20,1,128,2560,170.8827327415347,77.5024988874793,84.19769953936338,91.64584135264158,64.07337981462479,69.33557291775942,72.85642974078655,7.961702659726143,8.419769953936338,12.154636576771736,7101.961010850376,"[4800.016092413971, 7294.685202965805, 7312.267875864497, 7325.226313737452, 7358.040199799775, 7359.837570866479, 7391.001336760103, 7359.650776136903, 7404.706387738775, 7414.178352219993]","[13.333288632333279, 8.773510880768299, 8.752414584159851, 8.736931428313255, 8.697968244552612, 8.69584408402443, 8.659178517758846, 8.696064792573452, 8.643151618540287, 8.632109582424164]",1937.913671875,1988.14453125,16.78662109375,16.78662109375,0.0,42.0,42.0,
5,sne_benchmark_2819568_5,OK,20,2,64,2560,509.32238138467073,84.92639873176813,414.9223083630204,421.97875755280256,72.28238566964865,77.32613633647561,80.2504543736577,40.627072758972645,41.49223083630204,46.69745792448521,1519.4479681341004,"[1339.199832826677, 1530.1643499856336, 1534.2044281869912, 1542.1906846920554, 1532.4540594935258, 1549.8810274658665, 1544.9035911156896, 1544.3357511951383, 1551.1678789723132, 1525.978077407112]","[47.78973117470741, 41.82557252794504, 41.7154316753149, 41.49940771609545, 41.7630790323019, 41.29349212348461, 41.42653325945139, 41.44176546484232, 41.259234972298145, 41.940314181149006]",1747.5591796875,1787.99609375,6.2133544921875,6.2138671875,0.0,24.0,24.0,
5,sne_benchmark_2819568_5,OK,20,4,32,2560,749.9399452060461,95.2433057948947,643.9796496704221,652.1108125373721,85.20858431607485,88.26730576567351,90.72496718913315,62.71780829876661,64.39796496704221,73.98495672643185,983.7771531389384,"[851.173850667181, 982.5145670680512, 990.8219281384622, 999.8946357951734, 1002.323999236157, 998.8697093850908, 1000.3659321025051, 1006.1359772868165, 997.3042756528424, 1008.3666560571052]","[75.19027981162071, 65.13898332417011, 64.59283770620823, 64.00674401968718, 63.85160890966654, 64.07242045551538, 63.976588912308216, 63.60969237238169, 64.17299269884825, 63.4689768999815]",1932.196484375,1958.796875,3.5841796875,3.5869140625,0.0,26.0,26.0,
5,sne_benchmark_2819568_5,ERROR,20,4,4096,327680,,,,,,,,,,,,,,,,,,,,,
5,sne_benchmark_2819568_5,ERROR,20,8,2048,327680,,,,,,,,,,,,,,,,,,,,,
5,sne_benchmark_2819568_5,OK,40,1,512,20480,568.1506351605058,358.0396849066019,185.0138102993369,208.2610302045941,202.00761634856465,331.8620450925082,351.3776605054736,17.96871493011713,18.50138102993369,22.629150442779064,24701.63029248229,"[20157.601665115995, 24978.60301597526, 24829.68001922228, 24900.85656294147, 25234.00310056508, 25085.313626004165, 25450.518677779757, 25361.059675484325, 25348.768553588587, 25669.898028146017]","[25.399847090244293, 20.497543424367905, 20.620483212172985, 20.5615416765213, 20.290082313120365, 20.410348765552044, 20.11746819317341, 20.1884308680892, 20.19821984320879, 19.945540860295296]",1907.0775390625,1930.953125,42.70556640625,42.70556640625,0.0,122.0,122.0,
5,sne_benchmark_2819568_5,OK,8,12,32,3072,1147.4783237352967,208.7112110927701,927.9821514114738,935.987133935094,204.51094563305375,204.8082328811288,205.0581068098545,89.09492080658674,92.79821514114738,119.95435447990894,826.8606519379204,"[634.351431544622, 837.6920050489177, 844.7629991697027, 843.3811604936683, 852.4722727161492, 855.0511765625672, 843.6116981388146, 851.7333801137821, 850.6063512139809, 854.9440443769992]","[121.06853737682104, 91.68047389388084, 90.91307274997234, 91.06202936172485, 90.09090671688318, 89.8191852197051, 91.03714442253113, 90.16906204819679, 90.28853345662355, 89.83044037222862]",2653.32275390625,2680.17578125,4.71697998046875,4.7177734375,0.0,26.0,26.0,
5,sne_benchmark_2819568_5,ERROR,8,12,4096,393216,,,,,,,,,,,,,,,,,,,,,
5,sne_benchmark_2819568_5,ERROR,8,16,2048,262144,,,,,,,,,,,,,,,,,,,,,
5,sne_benchmark_2819568_5,ERROR,8,20,1024,163840,,,,,,,,,,,,,,,,,,,,,
5,sne_benchmark_2819568_5,ERROR,8,32,512,131072,,,,,,,,,,,,,,,,,,,,,
5,sne_benchmark_2819568_5,ERROR,80,2,4096,655360,,,,,,,,,,,,,,,,,,,,,
5,sne_benchmark_2819568_5,ERROR,80,4,2048,655360,,,,,,,,,,,,,,,,,,,,,
5,sne_benchmark_2819568_5,ERROR,10,32,256,81920,,,,,,,,,,,,,,,,,,,,,
5,sne_benchmark_2819568_5,OK,4,4,2048,32768,907.19364284724,606.5119020193815,269.59951654076576,298.1764905229211,571.4813621938229,587.291005410254,603.1891549155116,25.47246278077364,26.959951654076576,38.80454636365175,27863.807392540595,"[19471.164003574144, 28637.389548921645, 28165.67740899016, 28346.77514109718, 28645.848617632753, 28771.59923263463, 28899.521937204543, 29077.60036729241, 29154.085412742174, 29468.412255316325]","[42.072471879422665, 28.605959303677082, 29.08504518121481, 28.899230897426605, 28.597512014210224, 28.472522273659706, 28.346489667892456, 28.17288874089718, 28.098977841436863, 27.799258165061474]",1940.748046875,1957.79296875,199.63671875,199.63671875,0.0,496.0,496.0,
5,sne_benchmark_2819568_5,OK,4,8,1024,32768,1190.9830053895712,608.8756106719375,549.645111322403,579.4374121725559,605.2763438224792,605.400226989761,605.4604804813862,52.21731584519148,54.9645111322403,76.16253942996264,14301.539548903089,"[10331.382888310342, 14604.51706708845, 14669.857072170795, 14694.655230854403, 14710.7874175682, 14801.657899757825, 14837.703309372597, 14848.603320252472, 14720.863314001908, 14795.36796965387]","[79.29238601028919, 56.09223476797342, 55.842398189008236, 55.74816061556339, 55.68702590465546, 55.34515157341957, 55.21070093661547, 55.170172058045864, 55.64891015738249, 55.368680365383625]",2310.185546875,2316.18359375,111.4140625,111.4140625,0.0,256.0,256.0,
5,sne_benchmark_2819568_5,OK,4,10,512,20480,1216.5260023847222,456.6781531572342,736.784668803215,757.2791353687644,452.9337105900049,453.2181585468352,453.4895578995347,68.58051031827927,73.67846688032151,96.86126264929771,6859.007572760116,"[5143.673600885988, 7224.144343397721, 7200.649339048213, 7228.032066193377, 7218.1522362915475, 7196.15128485272, 7252.526879075054, 7221.921193211138, 7275.539090340331, 5629.285694305074]","[99.53975304961205, 70.87344544380903, 71.1046984642744, 70.83532492816448, 70.9322806224227, 71.14914344251156, 70.59608444571495, 70.8952626734972, 70.37279212474823, 90.95292507857084]",2487.5703125,2510.5546875,58.7216796875,58.7216796875,0.0,132.0,132.0,
5,sne_benchmark_2819568_5,OK,4,12,384,18432,1327.0520701929927,424.71823746711016,882.0090467557311,899.6440658420324,419.8994082584977,420.713323097676,421.52508764714,84.58351143449545,88.20090467557311,118.26368640363216,5172.225310015103,"[3834.1577993145343, 5325.834488506556, 5257.869904299808, 5307.820548269441, 5318.087282156954, 5345.727355498327, 5322.448014302699, 5335.3414941450055, 5343.812429168452, 5331.153784489251]","[120.18284695595503, 86.5216523334384, 87.64005355536938, 86.81529373675585, 86.6476940959692, 86.19968235492706, 86.5767028182745, 86.36748003959656, 86.2305715456605, 86.4353231266141]",2663.6142578125,2673.1875,46.287109375,46.287109375,0.0,110.0,110.0,
5,sne_benchmark_2819568_5,OK,4,16,256,16384,1616.0205985307691,429.5567147433758,1166.0299210250378,1183.6191662847996,425.587408490479,425.9441235214472,426.3252318203449,111.6261822283268,116.60299210250378,155.28544283658266,3493.169851307349,"[2604.460732605563, 3567.233221578892, 3572.773764170907, 3598.546369923565, 3603.5465087955113, 3583.8725318230718, 3603.9326716675355, 3581.0791379547372, 3625.425967799486, 3590.82760675422]","[157.26864101737738, 114.82288220524788, 114.64481857419014, 113.8237382248044, 113.6658008992672, 114.28977910429239, 113.65362156182528, 114.37892998754978, 112.9798273742199, 114.06841120123863]",3019.068359375,3027.82421875,33.8720703125,33.8720703125,0.0,70.0,70.0,
5,sne_benchmark_2819568_5,ERROR,20,10,1024,204800,,,,,,,,,,,,,,,,,,,,,
5,sne_benchmark_2819568_5,ERROR,20,12,512,122880,,,,,,,,,,,,,,,,,,,,,
5,sne_benchmark_2819568_5,ERROR,20,16,384,122880,,,,,,,,,,,,,,,,,,,,,
5,sne_benchmark_2819568_5,OK,32,1,256,8192,318.60797993838787,164.856443926692,141.45519802719355,151.94953805953264,84.3187848329544,147.1990921329707,159.26014082878828,13.6226741746068,14.145519802719354,18.12192641198635,13579.067783135988,"[10492.185839444262, 13667.1816343597, 13872.268347428317, 13914.957668698831, 13961.482574967715, 13954.288445029406, 13778.390712623068, 14013.69677707144, 14046.008808648885, 14090.21702308825]","[19.519288271665573, 14.984801217913628, 14.763266891241074, 14.717975065112114, 14.668929241597652, 14.676491804420948, 14.863854877650738, 14.614273682236671, 14.580654390156269, 14.534907422959805]",1920.5506591796875,1958.73828125,25.42626953125,25.42626953125,0.0,62.0,62.0,
5,sne_benchmark_2819568_5,OK,32,2,128,8192,944.1158502921462,175.6903978139162,755.1288431808352,765.8007621020079,147.81780196726322,161.78657210082747,169.7388231307268,74.8203105032444,75.51288431808352,80.57667824625969,2675.8069195483204,"[2499.9015355608044, 2672.902447080359, 2689.878544752042, 2700.5708282408086, 2700.0614256176723, 2700.109395881072, 2694.908328150572, 2692.385270324563, 2703.837729743513, 2703.5136901317965]","[81.92322660982609, 76.62082850188017, 76.13726664334536, 75.83581880480051, 75.85012624412775, 75.84877868741751, 75.99516386538744, 76.0663795992732, 75.7441904693842, 75.75326906889677]",1761.2093505859375,1797.61328125,12.0234375,12.0234375,0.0,44.0,44.0,
5,sne_benchmark_2819568_5,OK,32,4,64,8192,1413.333411462605,181.7866795137525,1217.5730581879616,1228.4857250750065,156.96512787789106,170.1067375736311,175.93011455982924,120.31988190859556,121.75730581879615,130.33555687218904,1668.0544160137254,"[1554.5206439776598, 1671.6036072155052, 1676.8253398238778, 1685.2717484778714, 1677.9320945534873, 1676.0178732058155, 1684.2113360560102, 1682.5693163470046, 1682.953012908784, 1688.6391875712382]","[131.74479270726442, 122.51708426326513, 122.13555886596441, 121.52342800796032, 122.05499892681837, 122.19440095126629, 121.59994153678417, 121.71861094236374, 121.69086030870676, 121.28108923882246]",1929.6131591796875,1960.92578125,6.650070190429688,6.650390625,0.0,24.0,24.0,
5,sne_benchmark_2819568_5,OK,32,8,32,8192,2388.7819000780582,195.99150290340185,2176.344817094505,2188.636119954288,176.6664598286152,183.2176813653205,190.33302139490843,213.1277342736721,217.63448170945048,232.29319889843464,936.2500188961914,"[875.8602635583882, 937.34744265932, 933.7255526161117, 937.8907559603819, 945.5975271139613, 942.6857634575964, 946.4341890640965, 941.2627315577362, 955.9617510293157, 945.7342119450063]","[233.82725363969803, 218.48888755589724, 219.33639860898256, 218.36231853067875, 216.5826306939125, 217.25161017477512, 216.39116841554642, 217.58005829155445, 214.2345128133893, 216.55132849514484]",2288.0469970703125,2325.6171875,4.14996337890625,4.15234375,0.0,26.0,26.0,
5,sne_benchmark_2819568_5,ERROR,32,8,4096,1048576,,,,,,,,,,,,,,,,,,,,,
5,sne_benchmark_2819568_5,ERROR,32,10,2048,655360,,,,,,,,,,,,,,,,,,,,,
5,sne_benchmark_2819568_5,ERROR,32,12,1024,393216,,,,,,,,,,,,,,,,,,,,,
5,sne_benchmark_2819568_5,OK,8,10,64,5120,1182.137430563569,259.64989259094,910.4296222478152,919.6136317700148,255.3563667535782,255.9202645458281,256.06286539137363,87.7637782022357,91.04296222478152,115.06955230236052,1400.8462063756187,"[1099.6040244936617, 1432.1437812160768, 1432.3300189341164, 1440.1246818276165, 1428.7861772442907, 1424.8552689440999, 1439.2218177550315, 1440.6252971194378, 1438.3810990761938, 1432.3898971456615]","[116.40553976595402, 89.37650093436241, 89.36487981677055, 88.88119314610958, 89.58653298765421, 89.83368542045355, 88.93695080280304, 88.85030705481768, 88.98893351852894, 89.36114409565926]",2472.455078125,2485.3125,7.95916748046875,7.96044921875,0.0,26.0,26.0,
5,sne_benchmark_2818029_5,OK,1,1,32,32,77.06445018574595,52.78224927559495,12.630678333342075,20.173378709703684,49.6792324334383,49.6792324334383,49.6792324334383,0.8296321220695972,1.2630678333342076,4.921167865395546,539.2238225952425,"[101.25745745162953, 581.0535734959996, 588.9126906800005, 588.5787274182549, 584.5767869886932, 588.9206285016483, 600.4086332591372, 581.9586028650976, 588.142900099428, 588.4282251925362]","[7.900652654469013, 1.376809362322092, 1.3584356606006622, 1.3592064455151558, 1.3685114048421383, 1.3584173507988453, 1.3324258774518967, 1.374668225646019, 1.3602136485278606, 1.3595540896058083]",2011.77734375,2011.77734375,10.35498046875,10.35498046875,0.0,26.0,26.0,
5,sne_benchmark_2819568_5,OK,2,4,512,4096,208.3015380203724,89.82620410993695,108.64117613062264,116.36141054332256,86.36298849061131,86.50571475736797,86.64844102412462,9.68658485263586,10.864117613062264,21.118605833500624,9277.026216649065,"[4599.410305161433, 9794.793454014576, 9791.00958490146, 9793.282136022077, 9667.968640969142, 9830.723622762884, 9804.103019251585, 9812.345766557515, 9815.878641508776, 9860.746995341182]","[22.26372365280986, 10.454533878713846, 10.458574175834656, 10.456147242337465, 10.591676887124777, 10.416323754936457, 10.444606691598892, 10.43583282083273, 10.432076815515757, 10.384608797729015]",1944.103515625,1949.6015625,50.1171875,50.1171875,0.0,126.0,126.0,
5,sne_benchmark_2819568_5,OK,2,8,384,6144,387.4380696304143,118.82755836844444,257.52477172389627,266.17577354609966,115.62761553004384,115.64369364082812,115.65977175161242,23.580739930272102,25.752477172389625,43.93802843242884,5970.41418788364,"[3399.8099540578482, 6218.380162212529, 6251.811911401801, 6273.285402412436, 6256.600567596109, 6247.860306777159, 6266.47321707419, 6232.266334297316, 6253.807664666157, 6303.846358340852]","[45.17899590730667, 24.700966488569975, 24.568877339363098, 24.484777934849262, 24.550072893500328, 24.58441649749875, 24.51139495521784, 24.645930029451847, 24.5610367693007, 24.366076085716486]",2275.0,2278.125,41.97509765625,41.97509765625,0.0,108.0,108.0,
5,sne_benchmark_2819568_5,OK,2,10,256,5120,488.0047537945211,138.5614627711475,339.22851986810565,347.20483027398586,131.41008730605245,133.40749050490558,135.40489370375872,31.25089130550623,33.922851986810564,56.53207138180733,3803.375075575347,"[2218.851844212504, 3997.928388982156, 3964.278030323402, 3959.9388623564614, 3951.058336877398, 3964.6841798328287, 3986.360361366894, 4002.5266917945155, 3999.89344463489, 3988.230615372423]","[57.6874928958714, 32.01658147573471, 32.288350872695446, 32.32373136281967, 32.396383218467236, 32.28504319489002, 32.10949046164751, 31.9797992259264, 32.00085246562958, 32.094432931393385]",2467.56640625,2482.0390625,29.54052734375,29.54052734375,0.0,68.0,68.0,
5,sne_benchmark_2819568_5,OK,2,12,128,3072,560.8115700930357,153.40899673104286,398.03185546025634,405.1571181602776,150.3097272887826,150.31554660759866,150.32136592641473,36.4195917993784,39.80318554602563,66.53443824127316,1956.8908165855148,"[1135.2627579451985, 2037.3654487315146, 2023.3335042959784, 2048.306519664833, 2051.615431507251, 2070.91753580336, 2052.7705075380686, 2044.3935850046093, 2040.2481614893711, 2064.694713874963]","[67.64953704550862, 37.69574086368084, 37.95716318488121, 37.4943882972002, 37.43391613289714, 37.08501119539142, 37.4128523953259, 37.566151920706034, 37.642479699105024, 37.196782402694225]",2657.55078125,2664.62890625,15.681640625,15.681640625,0.0,46.0,46.0,
5,sne_benchmark_2819568_5,OK,2,16,64,2048,619.8869920894504,180.77588284760716,430.46963853016496,436.81422167271376,177.63493503257632,177.64086934551597,177.6468036584556,38.41421499475837,43.04696385301649,78.03675378859043,1224.2718886935595,"[647.4650013335518, 1265.1328315256023, 1282.3091800107509, 1272.0228920846803, 1300.0234193662188, 1298.502640024961, 1272.3758301852854, 1291.7789540287515, 1300.268038635988, 1312.8400997398048]","[79.0776333771646, 40.47005873546004, 39.92796807363629, 40.250847935676575, 39.38390588760376, 39.43003150075674, 40.23968295007944, 39.63526409864426, 39.376496598124504, 38.9994181394577]",3000.81640625,3004.296875,9.27001953125,9.27001953125,0.0,26.0,26.0,
5,sne_benchmark_2819568_5,ERROR,8,40,384,122880,,,,,,,,,,,,,,,,,,,,,
5,sne_benchmark_2819568_5,OK,10,1,256,2560,142.2383359670639,86.08923534303904,47.50438955426216,54.4212059378624,82.14835476875305,82.24838166683912,82.43476190418005,4.193195909261704,4.750438955426216,9.359783969819546,12409.280201628504,"[6125.289710493351, 13033.654320038226, 13062.375617751286, 13072.749188737664, 12903.003647298334, 13031.056721618146, 13176.414477197884, 13172.065528780151, 13233.064503198508, 13283.128301171493]","[10.448485381901264, 4.910365000367165, 4.899568185210228, 4.895680248737335, 4.960085399448872, 4.911343827843666, 4.857163541018963, 4.858767203986645, 4.836370289325714, 4.818142123520374]",1938.2765625,1983.30859375,25.42626953125,25.42626953125,0.0,62.0,62.0,
5,sne_benchmark_2819568_5,OK,10,2,128,2560,348.9019993394613,96.7046866044402,242.4515161588788,249.61800630390644,92.7498530894518,92.86156166046858,92.90821900218724,23.331116020679477,24.24515161588788,31.66527174413204,2586.126598311505,"[1955.3837364817, 2669.9725086129984, 2645.2468087663487, 2655.622378163321, 2668.5549766418517, 2656.7162518303735, 2668.798132350531, 2659.36693058456, 2661.9124370865143, 2619.6918225968516]","[32.7301484644413, 23.97028426080942, 24.194339744746685, 24.099811978638172, 23.98301723599434, 24.089889146387577, 23.980832129716873, 24.065877959132195, 24.042864486575127, 24.43035453557968]",1756.025,1776.12890625,12.0234375,12.0234375,0.0,44.0,44.0,
5,sne_benchmark_2819568_5,OK,10,4,64,2560,512.82380733639,110.27272095531224,392.1764584481716,399.931298352778,104.70132799446584,105.79949721992016,106.5002858415246,37.49397037923336,39.21764584481716,50.68327382951975,1612.971033297463,"[1233.4205462876932, 1647.7241934135207, 1648.0961226094619, 1650.9334160608337, 1657.5145932328426, 1649.5169231545535, 1646.1804939753652, 1675.1703544847433, 1661.3216935254254, 1659.8319962301903]","[51.888222709298134, 38.8414518982172, 38.832686468958855, 38.76594863086939, 38.61202806979418, 38.79923819005489, 38.877875320613384, 38.20506960898638, 38.52354438602924, 38.55811922252178]",1935.540234375,1966.19921875,6.649365234375,6.650390625,0.0,24.0,24.0,
5,sne_benchmark_2819568_5,OK,10,8,32,2560,858.1843544915318,139.36307599395514,708.8566888645291,715.8574246093631,134.0471009016037,134.80673039928078,135.77744111418724,68.34190479665995,70.88566888645292,89.71433559805155,899.9265149131226,"[704.647730150891, 917.3692724604813, 927.4436971498616, 925.8981612810575, 926.705628943278, 924.9172466335064, 926.0576410258959, 919.8974453080576, 910.1339197362141, 916.194406441982]","[90.82552495598793, 69.76470863074064, 69.00688440352678, 69.12207268178463, 69.0618444532156, 69.1953796222806, 69.11016891896725, 69.57297286391258, 70.31932181864977, 69.85417019575834]",2298.325390625,2329.76953125,4.150439453125,4.15234375,0.0,26.0,26.0,
5,sne_benchmark_2819568_5,ERROR,10,8,4096,327680,,,,,,,,,,,,,,,,,,,,,
5,sne_benchmark_2819568_5,ERROR,10,10,2048,204800,,,,,,,,,,,,,,,,,,,,,
5,sne_benchmark_2819568_5,ERROR,10,12,1024,122880,,,,,,,,,,,,,,,,,,,,,
5,sne_benchmark_2819568_5,ERROR,10,16,512,81920,,,,,,,,,,,,,,,,,,,,,
5,sne_benchmark_2819568_5,ERROR,10,20,384,76800,,,,,,,,,,,,,,,,,,,,,
5,sne_benchmark_2819568_5,OK,4,2,4096,32768,700.2071882858872,505.2134022712708,161.93210718780756,192.82598674297333,490.3806709125638,496.0876032412052,501.9968255907297,15.530018366873264,16.193210718780755,21.70920493453741,42820.29355154912,"[32978.775863143615, 42599.827567175285, 44193.88773628826, 42705.45132704165, 42970.542124128995, 44091.36141050892, 44221.039523416475, 44482.4936266677, 44909.56238301548, 45049.993954104815]","[24.84021855145693, 19.230124786496162, 18.536499999463558, 19.18256275355816, 19.064223058521748, 18.57960321009159, 18.525118559598923, 18.416233740746975, 18.241104044020176, 18.18424217402935]",1757.146484375,1770.21484375,376.10546875,376.10546875,0.0,956.0,956.0,
5,sne_benchmark_2818029_5,OK,1,1,32,32,42.19177321344614,23.94539675116539,11.112296812236307,16.548636130988598,20.807180657982823,20.807180657982823,20.807180657982823,0.8545144237577915,1.1112296812236309,3.2763075716793537,546.9747118415122,"[188.09396578664268, 586.8289613017689, 593.1823485344436, 595.3295799035296, 589.8812480759356, 592.6720231157483, 576.8681022502911, 583.2973045703725, 586.6230396820905, 576.9705451942991]","[4.253193326294422, 1.363259233534336, 1.3486577980220318, 1.3437934666872025, 1.3562051728367805, 1.3498190715909004, 1.3867988139390945, 1.3715132810175419, 1.363737776875496, 1.386552583426237]",1851.484375,1851.484375,10.35498046875,10.35498046875,0.0,26.0,26.0,
5,sne_benchmark_2818029_5,OK,1,1,640,640,58.378392070531845,37.097088757902384,13.630703046917915,19.52880199998617,33.99320964887738,33.99320964887738,33.99320964887738,0.99722333624959,1.3630703046917916,4.578595843166113,9596.547574287795,"[2865.9034078542754, 10254.533537534206, 10362.33330187133, 10387.195682082187, 10183.363624901796, 10366.835415010139, 10389.213968001306, 10360.534251107563, 10366.940911392641, 10428.621643122537]","[5.582881808280945, 1.5602855011820793, 1.544053789228201, 1.5403580032289028, 1.5711900889873505, 1.5433832369744778, 1.5400587618350983, 1.5443219058215618, 1.5433675311505795, 1.534239187836647]",1928.15234375,1928.15234375,51.35009765625,51.35009765625,0.0,164.0,164.0,
5,sne_benchmark_2818029_5,ERROR,1,300,32,9600,,,,,,,,,,,,,,,,,,,,,
5,sne_benchmark_2819325_5,OK,1,1,1024,1024,83.54793775454164,57.99330699071288,16.29619563743472,22.95142064616084,54.99534318968654,54.99534318968654,54.99534318968654,1.1492208167910576,1.629619563743472,5.37018845230341,13377.975156406945,"[3669.1827969249002, 14701.294197813666, 15068.971128405537, 14723.552281664694, 13780.117350263381, 14230.599790594053, 14839.69588757195, 14290.535659687217, 13841.598568400417, 14634.203902743611]","[6.977030422538519, 1.7413432896137238, 1.6988552026450634, 1.738710843026638, 1.857749056071043, 1.7989403381943703, 1.725102737545967, 1.7913954108953476, 1.8494973592460155, 1.749326452612877]",2011.68359375,2011.68359375,77.26904296875,77.26904296875,0.0,244.0,244.0,
5,sne_benchmark_2819325_5,OK,1,4,64,256,166.53972747549415,74.28172033652663,83.94093988463283,89.96843124181032,71.21949320286512,71.21949320286512,71.21949320286512,6.819282501935959,8.394093988463283,19.224262736737728,775.6711629567613,"[316.35207858997944, 834.3152346897529, 815.4225479080117, 843.161044010975, 861.9608953410526, 831.4460204151094, 841.346958901228, 795.447442750994, 809.1614857780909, 808.0979211824196]","[20.23062414675951, 7.670961447060108, 7.84869147464633, 7.590483509004116, 7.424930799752474, 7.697432957589626, 7.606849864125252, 8.045786127448082, 7.9094224236905575, 7.919832278043032]",1983.45703125,1983.45703125,6.650390625,6.650390625,0.0,24.0,24.0,
5,sne_benchmark_2819568_5,OK,1,4,256,1024,240.2020071297884,128.0839605927467,102.91714165732265,109.78858970850706,124.962767791003,124.962767791003,124.962767791003,8.926404532045126,10.291714165732264,21.454551439732317,2491.3838115618146,"[1135.114312189707, 2629.1220240840876, 2639.5374585910336, 2641.9306116153766, 2632.2661988727314, 2639.8782713972037, 2639.3547451803192, 2634.174761447938, 2677.8507394309263, 2644.6089928088245]","[22.5527946613729, 9.737090848386288, 9.698668953031301, 9.689883559942245, 9.725460141897202, 9.697416838258505, 9.699340358376503, 9.718413665890694, 9.559905495494604, 9.68006993457675]",1923.5703125,1923.5703125,25.208984375,25.208984375,0.0,64.0,64.0,
5,sne_benchmark_2819568_5,OK,1,8,128,1024,339.41624896228313,134.42731744796038,196.62646862864491,202.54019059240815,131.2763423398137,131.2763423398137,131.2763423398137,17.333243940025568,19.66264686286449,38.17389865592122,1335.0187159465706,"[653.1751647172958, 1398.1376677886954, 1415.641149350785, 1406.6313813268023, 1432.1980817573462, 1410.477011352265, 1403.2038177183458, 1397.46607082316, 1409.6334015995078, 1423.6234130315022]","[39.19316193088889, 18.310071025043726, 18.083678912371397, 18.199508655816317, 17.874622460454702, 18.149888154119253, 18.243964046239853, 18.31887051463127, 18.16075014322996, 17.982283633202314]",2290.6015625,2290.6015625,14.21826171875,14.21826171875,0.0,44.0,44.0,
5,sne_benchmark_2819568_5,OK,1,10,64,640,348.827044300735,123.3079575151205,217.2268099077046,223.34125079214573,120.19029166921972,120.19029166921972,120.19029166921972,18.885273925960064,21.72268099077046,44.807271763682365,765.2258572257854,"[349.0260938845253, 806.034224360414, 816.2610450142155, 819.3887486350594, 810.5048985998303, 794.0271491223059, 808.1256922144345, 820.5619442645079, 822.7801163946526, 805.5486597679088]","[45.84184472262859, 19.850273743271828, 19.601572435349226, 19.526750918477774, 19.740781366825104, 20.150444500148296, 19.79890028759837, 19.49883261322975, 19.446264781057835, 19.862238992005587]",2461.94921875,2461.94921875,7.96044921875,7.96044921875,0.0,26.0,26.0,
5,sne_benchmark_2819568_5,OK,1,12,32,384,392.20108104124665,139.44520752876997,244.861208435148,250.47851444408295,136.35978182777762,136.35978182777762,136.35978182777762,20.510468032211065,24.4861208435148,54.222681768238544,415.7954629426652,"[173.89563742485944, 432.5106283003762, 435.8646310798314, 436.30393065511515, 435.79773991254336, 455.4874294475752, 447.8734810411647, 445.24765018374615, 438.2916285020659, 456.68187287937394]","[55.20552523434162, 22.195986345410347, 22.025186985731125, 22.00301057472825, 22.028567660599947, 21.076322592794895, 21.43462474644184, 21.561034619808197, 21.903224647045135, 21.021197840571404]",2648.40625,2648.40625,4.7177734375,4.7177734375,0.0,26.0,26.0,
5,sne_benchmark_2819568_5,OK,1,12,4096,49152,1164.463035903871,512.9631345383823,608.6922944262624,648.9838261269033,509.81394220516086,509.81394220516086,509.81394220516086,57.10984645411372,60.86922944262624,92.64460426568984,19315.09614980532,"[12572.395430829683, 19725.660277551826, 19922.105937528075, 19989.643350333165, 20136.392834308954, 20035.523111123915, 20178.759141872255, 20265.370980765514, 20197.3619964964, 20127.7484372434]","[97.73793759196997, 62.294492691755295, 61.68022616952658, 61.47183211147785, 61.02383928000927, 61.331066485494375, 60.895716696977615, 60.63545548543334, 60.83962847292423, 61.05004759132862]",2655.1875,2655.1875,490.55859375,490.55859375,0.0,1022.0,1022.0,
5,sne_benchmark_2819568_5,OK,4,20,128,10240,1790.2669859528542,332.50198474526405,1442.3450639471412,1454.6760989427569,328.51871510595083,328.9331922996789,329.201501749456,138.79432248324156,144.23450639471412,189.4831318482757,1774.9721448202556,"[1340.6735703636882, 1824.168633811842, 1821.4576337080484, 1820.2617091240443, 1819.4281862745079, 1813.0052019840493, 1829.6959479004993, 1825.7326688748883, 1827.3265428959182, 1827.9713532650703]","[190.9487929493189, 140.3379025682807, 140.54677707701921, 140.63911728560925, 140.70354737341404, 141.20202177017927, 139.9139569029212, 140.2176804766059, 140.09537649154663, 140.04595834761858]",3371.5078125,3385.7265625,18.6083984375,18.6083984375,0.0,48.0,48.0,
5,sne_benchmark_2819568_5,OK,4,32,64,8192,2560.3032219558954,447.8962064534426,2097.362785361707,2108.6041439399123,444.3843769580126,444.5372504927218,444.6759415641427,197.84626846015453,209.73627853617072,286.1906967610121,982.3031342900528,"[711.8234719551547, 1009.6755030840194, 1029.0991555908963, 1005.2527413964542, 999.9682701336553, 1005.0054918555358, 1006.4959749026232, 1017.4789696553051, 1010.7024027791714, 1027.5293615477135]","[287.7117825821042, 202.83744566887617, 199.00900597125292, 203.72985973209143, 204.80649848282337, 203.77998096495867, 203.47821065038443, 201.28180149942636, 202.63135759532452, 199.3130392804742]",4435.12890625,4437.671875,12.76318359375,12.76318359375,0.0,28.0,28.0,
5,sne_benchmark_2819568_5,OK,4,40,32,5120,2860.2904656529427,492.7734169661999,2354.6732530742884,2363.481267310679,489.36471477895975,489.3982242513448,489.44034315645695,218.41826312989,235.46732530742884,332.18311244249344,549.2614137060036,"[383.8903487780089, 564.6636189572075, 576.6991404860445, 562.6697451771146, 567.1087139196441, 568.7023857733486, 554.2824514367057, 554.6480282324437, 575.9590711672491, 583.9906331322696]","[333.4285438731313, 226.6836319938302, 221.95281909406185, 227.48690701276064, 225.70628321915865, 225.07378762960434, 230.92919443547726, 230.77698555588722, 222.23801378905773, 219.18159767985344]",5128.9599609375,5150.75,8.6705322265625,8.6767578125,0.0,28.0,28.0,
5,sne_benchmark_2819568_5,ERROR,4,40,4096,655360,,,,,,,,,,,,,,,,,,,,,
5,sne_benchmark_2819568_5,ERROR,4,64,2048,524288,,,,,,,,,,,,,,,,,,,,,
5,sne_benchmark_2819568_5,ERROR,4,96,1024,393216,,,,,,,,,,,,,,,,,,,,,
5,sne_benchmark_2819568_5,OK,8,1,512,4096,150.28979079425335,99.96998065710068,40.3335498124361,48.57295533269644,95.90760643780231,96.15045052487405,96.35041862726212,3.54867160320282,4.03335498124361,7.963381633162498,22161.157044815263,"[11240.718145703799, 23486.719074678564, 23568.158757341396, 22828.585398278126, 23029.727811695768, 23721.018735487894, 23700.653873841275, 23243.80215709234, 23375.46611857539, 23416.720375458077]","[9.109738245606422, 4.359910793602467, 4.3448451384902, 4.485604263842106, 4.446426846086979, 4.316846638917923, 4.320555903017521, 4.405475459992886, 4.380661308765411, 4.372943706810474]",1933.8935546875,1952.2421875,42.70556640625,42.70556640625,0.0,122.0,122.0,
5,sne_benchmark_2819568_5,OK,8,2,384,6144,359.585629157722,133.58142379671335,213.1410826817155,223.55803356319663,122.3906168565154,126.65127049107105,129.91931369155645,20.50613959878683,21.314108268171548,27.906324237585068,6927.805451237333,"[5269.947407119506, 7100.938200865091, 7041.085924157985, 7115.535365943826, 7120.398388826011, 7157.41426321315, 7144.98414969753, 7137.437326281438, 7131.918809003663, 7058.394677265129]","[29.146400928497314, 21.63094448298216, 21.814816869795322, 21.58656968176365, 21.571826688945293, 21.460264049470425, 21.49759842455387, 21.52032907307148, 21.536981016397476, 21.7613220885396]",1778.34228515625,1791.15234375,35.50732421875,35.50732421875,0.0,104.0,104.0,
5,sne_benchmark_2819568_5,OK,8,4,256,8192,580.0555981099606,161.62905248254538,404.3358212336898,415.8760511279106,138.99560748785734,147.39168050512671,158.14359272271395,39.03774690628052,40.43358212336898,51.45638507604599,4957.584009252493,"[3874.1956635804227, 5075.434995944623, 5059.223837730001, 5055.9038066776175, 5076.41531221248, 5116.981344505377, 5044.0353528582245, 5069.777356320882, 5089.368175713851, 5114.5042469814525]","[52.86258562654257, 40.35122115910053, 40.48051767796278, 40.50709978491068, 40.34342885762453, 40.02359715849161, 40.602411694824696, 40.396251276135445, 40.24075148999691, 40.04298170655966]",1935.12353515625,1961.45703125,25.208984375,25.208984375,0.0,64.0,64.0,
5,sne_benchmark_2819568_5,OK,8,8,128,8192,1007.9926468506457,154.45128156989813,840.4506615027785,850.6217423602939,140.56032668799162,145.3642882583663,150.81855971366167,81.89549711346626,84.04506615027785,101.72045246511698,2417.870935576156,"[1986.888207915357, 2463.496579568121, 2466.407083402015, 2456.094912425443, 2467.503769601214, 2466.459472754748, 2468.434689171509, 2461.652265953796, 2472.6580379451216, 2469.114337024234]","[103.07575392723083, 83.13386821746826, 83.03576541692019, 83.38439974933863, 82.99886003136635, 83.03400167822838, 82.9675587117672, 83.196153588593, 82.82584848254919, 82.9447210803628]",2291.62109375,2315.8984375,14.21826171875,14.21826171875,0.0,44.0,44.0,
5,sne_benchmark_2819568_5,OK,2,2,1024,4096,139.94795516133308,66.37908434867859,63.42645393684506,71.47747879847884,62.04616075009108,62.6372658200562,63.22837089002133,5.486955087631941,6.342645393684506,12.262380599975586,15103.32886104745,"[7501.216339050181, 15754.169114091672, 15823.935168162368, 15944.158652356875, 15944.372134446694, 15937.546665222937, 15533.536941457554, 15975.310559077685, 16535.048835896898, 16083.994200711642]","[13.651119414716959, 6.499866750091314, 6.471209526062012, 6.422414768487215, 6.422328777611256, 6.4250792264938354, 6.592188268899918, 6.409891039133072, 6.192905809730291, 6.36657777428627]",1753.6328125,1758.42578125,94.228515625,94.228515625,0.0,246.0,246.0,
5,sne_benchmark_2819325_5,OK,1,8,256,2048,338.0556304566562,115.170981682837,213.88646233454347,220.47980562597516,112.09042651578784,112.09042651578784,112.09042651578784,18.401289459317923,21.388646233454345,40.62701130285859,2444.191044183009,"[1227.101185162134, 2546.892596330762, 2536.404195522708, 2524.6487982193817, 2544.8365658637963, 2539.98033546444, 2561.7634304532908, 2602.9900065555053, 2663.247854167185, 2694.0454740908867]","[41.72435054183006, 20.10292859375477, 20.18605713173747, 20.280048470944166, 20.11917020007968, 20.157636374235153, 19.986232683062553, 19.669687502086163, 19.22464704886079, 19.00487593561411]",2290.3203125,2290.3203125,28.0966796875,28.0966796875,0.0,66.0,66.0,
5,sne_benchmark_2819325_5,OK,1,10,1024,10240,533.5037578493357,189.01034384593368,329.61928518489003,342.10883478075266,185.912885338068,185.912885338068,185.912885338068,30.33888560906053,32.961928518489,55.11783757433295,7716.879467589059,"[4518.855864812466, 7993.1508829844015, 8075.112376581886, 8095.460168104055, 7995.771523643046, 8106.7456787260335, 8130.596695325826, 8040.553356335728, 8088.579192985913, 8123.968936391232]","[56.651508182287216, 32.027419943362474, 31.702345188707113, 31.62266192212701, 32.01692285016179, 31.578639585524797, 31.48600399121642, 31.83860471472144, 31.649563401937485, 31.51169114559889]",2450.015625,2450.015625,117.142578125,117.142578125,0.0,260.0,260.0,
5,sne_benchmark_2819325_5,OK,1,16,64,1024,504.3891000710428,168.19329108670354,327.3516087383032,333.75284111499786,165.19902467355132,165.19902467355132,165.19902467355132,28.15938789397478,32.73516087383032,68.99992373213172,822.9995827051083,"[365.5210407856729, 872.5159519099091, 876.3572690027129, 877.516186588967, 890.9013551647521, 870.2950756972673, 868.7877988308719, 859.4230451393772, 867.9947546798829, 880.6833492516694]","[70.03700784221292, 29.340437781065702, 29.211830500513315, 29.173251036554575, 28.734943382441998, 29.415310639888048, 29.466343834996223, 29.787425581365824, 29.49326578527689, 29.068336561322212]",3010.19140625,3010.19140625,9.27001953125,9.27001953125,0.0,26.0,26.0,
5,sne_benchmark_2819325_5,OK,1,20,256,5120,848.6391158178449,222.24383671209216,614.6624101512134,623.7188517190516,219.1396361924708,219.1396361924708,219.1396361924708,55.82767575979233,61.46624101512134,102.94074931368232,2119.327179927876,"[1226.9352643293792, 2175.309934652271, 2197.2885158861, 2180.656840023754, 2210.3597702440074, 2208.631986541265, 2260.24573843225, 2260.9673597410633, 2233.468197035327, 2239.4081923933422]","[104.32498251646757, 58.84218977764249, 58.25361534208059, 58.697910487651825, 57.90912489593029, 57.95442644134164, 56.6310104355216, 56.612935807555914, 57.30997207388282, 57.15795826539397]",3413.3046875,3413.3046875,36.759765625,36.759765625,0.0,72.0,72.0,
5,sne_benchmark_2819325_5,TIMEOUT,1,32,1024,32768,,,,,,,,,,,,,,,,,,,,,Subprocess timed out after configured timeout_s
5,sne_benchmark_2819325_5,OK,2,1,64,128,62.18636582419276,39.22809649631381,14.974718406796455,21.296675764024258,35.80680371820927,35.82286838069558,35.838933043181896,1.0982003286480904,1.4974718406796454,4.964633718132973,1749.084468059477,"[535.1012958951374, 1871.7280554273493, 1886.574991264751, 1893.1399293319644, 1902.2513907910932, 1872.0392932663547, 1877.4403122210074, 1884.2665114738732, 1885.466525687132, 1882.8363752361108]","[5.980176135897636, 1.709650069475174, 1.6961954943835735, 1.6903135105967522, 1.6822171956300735, 1.7093658298254013, 1.704448327422142, 1.6982735618948936, 1.6971926875412464, 1.6995635107159615]",1932.119140625,1935.29296875,12.4990234375,12.4990234375,0.0,22.0,22.0,
5,sne_benchmark_2819325_5,OK,2,2,256,1024,126.56721843034028,54.23428516462445,63.88001773878932,70.03648067638278,50.02702767774463,50.44697114080191,50.86691460385919,5.688791137188673,6.388001773878932,12.035850029438734,3839.885855149452,"[1956.2565095895347, 4061.537553132136, 4086.061791555842, 4094.0525937975667, 4090.046003827173, 4099.109130703527, 4058.246201010751, 4060.0229654773566, 3822.8190824076232, 4070.7067199930148]","[13.086218435317278, 6.303031712770462, 6.265201386064291, 6.252972919493914, 6.259098302572966, 6.245259441435337, 6.308143649250269, 6.305383052676916, 6.696628704667091, 6.288834288716316]",1751.9609375,1759.8125,23.76513671875,23.76513671875,0.0,62.0,62.0,
5,sne_benchmark_2819325_5,OK,2,4,1024,8192,230.22317423298955,91.04848976805806,125.60065375640988,136.8074977658689,87.63897350803018,87.66191998682916,87.68486646562815,11.276455160230398,12.560065375640988,22.32941609993577,15539.24166099673,"[8625.866908880938, 16327.50838526225, 16376.168705962811, 16584.985975909814, 16501.97430393287, 15960.177469118684, 16337.795697935944, 16209.440882913881, 16255.067990546184, 16213.430289503909]","[23.742541145533323, 12.543248802423477, 12.505977660417557, 12.348518129438162, 12.410636220127344, 12.83193751424551, 12.535350777208805, 12.63461222872138, 12.59914754703641, 12.631503410637379]",1904.34765625,1904.91015625,99.95703125,99.95703125,0.0,250.0,250.0,
5,sne_benchmark_2819325_5,OK,2,10,64,1280,329.3765752390027,119.80476822331548,200.61472628638148,207.1561337970197,116.43029450252652,116.5096910558641,116.58908760920168,16.769637402147055,20.06147262863815,42.20426186919212,1658.1631694268822,"[738.4834998570124, 1832.7216217771893, 1749.9633515871037, 1709.7132504444066, 1662.248789918803, 1698.7718356454852, 1761.8893090245415, 1839.005118144358, 1835.4089829229845, 1753.4259349469376]","[43.332044664770365, 17.460371296852827, 18.28609723225236, 18.716588873416185, 19.251029204577208, 18.837138295173645, 18.16232145577669, 17.400712855160236, 17.434806246310472, 18.249986704438925]",2472.564453125,2477.484375,7.96044921875,7.96044921875,0.0,26.0,26.0,
5,sne_benchmark_2819325_5,OK,2,12,256,6144,506.8944018781185,151.5845734886825,343.1106046885252,352.79141737520695,148.16543959081173,148.1976597160101,148.22987984120846,31.11514550447464,34.31106046885252,59.2849048152566,4513.4858797860325,"[2529.7435613391026, 4800.418907638261, 4726.425777212397, 4740.93263316558, 4675.9029605654, 4786.7853342804465, 4763.788706123455, 4719.5787837997395, 4649.333005258329, 4741.9491284776095]","[60.717616736888885, 31.997207526117563, 32.49813013896346, 32.39868858829141, 32.84927024692297, 32.08834097906947, 32.24324366077781, 32.54527724534273, 33.03699688240886, 32.391743529587984]",2655.048828125,2659.015625,30.984375,30.984375,0.0,68.0,68.0,
5,sne_benchmark_2819325_5,OK,2,16,1024,32768,898.4974408783019,264.7519170232117,597.400853395462,631.1382514983416,261.4116626419127,261.4239786081016,261.4362945742905,55.35668381303549,59.740085339546205,93.44911715015768,13265.540398604611,"[8464.878072987047, 13993.2610488014, 13813.134083236431, 13876.631379154765, 13657.862809081647, 13805.347436239454, 13737.195454253098, 13705.65946460676, 13901.404413179287, 13700.029824506226]","[96.77634963393211, 58.54246534407139, 59.30587476119399, 59.03450034931302, 59.98010167852044, 59.33932512626052, 59.633715100586414, 59.77092909067869, 58.929297763854265, 59.79549026489258]",2990.396484375,2996.21484375,134.328125,134.328125,0.0,270.0,270.0,
5,sne_benchmark_2819325_5,OK,2,32,64,4096,1245.706418979913,322.0262975022197,912.4700342565776,920.6507903300226,318.58982214331627,318.59587460383773,318.6019270643592,80.00618116930127,91.24700342565777,162.13792273774743,1158.7120415047598,"[627.0116048467017, 1205.933091387105, 1195.7292351201138, 1171.6381942863131, 1206.3002353592974, 1268.2412311462115, 1261.4524988209937, 1251.5578082019238, 1187.2416518555049, 1212.0148640234338]","[163.3143616616726, 84.91350036859512, 85.63811688497663, 87.39899441599846, 84.88765648752451, 80.74173704907298, 81.17626315355301, 81.818034555763, 86.25034325569868, 84.48741268739104]",4452.658203125,4455.2109375,12.76318359375,12.76318359375,0.0,28.0,28.0,
5,sne_benchmark_2819325_5,TIMEOUT,2,40,256,20480,,,,,,,,,,,,,,,,,,,,,Subprocess timed out after configured timeout_s
5,sne_benchmark_2819325_5,OK,4,1,1024,4096,144.37710742652416,84.39215561002493,50.4023427516222,58.14315676689148,77.89795683696866,79.27973350323737,80.83464681729674,4.348043899983168,5.04023427516222,7.405387137085199,17951.690893654104,"[11954.486551377908, 20157.270922681655, 18151.0641758489, 18644.00535564798, 18280.797952212622, 18508.365213463083, 18972.75235142717, 18077.894930644296, 18049.584261517848, 18720.687221719585]","[8.565821673721075, 5.080052770674229, 5.641542501747608, 5.492382030934095, 5.601506032049656, 5.532633423805237, 5.3972137570381165, 5.664376322180033, 5.673260863870382, 5.469884667545557]",1912.748046875,1931.671875,77.26904296875,77.26904296875,0.0,244.0,244.0,
5,sne_benchmark_2819325_5,OK,4,4,64,1024,239.57626638934016,62.425478007644415,168.0396711565554,174.88320277631283,54.37463263049722,57.61890281643719,58.84599878638983,15.532433178275824,16.803967115655542,27.11333440244198,1504.938644234592,"[906.9996119709439, 1551.3602590949567, 1569.4607930084708, 1579.9013571512553, 1565.5651954774246, 1571.7892139363848, 1571.3205302725648, 1581.2689403742518, 1570.174644061724, 1581.5458969979418]","[28.22492938488722, 16.501647409051657, 16.311334513127804, 16.20354326814413, 16.351922024041414, 16.287171188741922, 16.292029224336147, 16.18952940031886, 16.30391886457801, 16.18669432774186]",1900.3349609375,1919.31640625,6.650390625,6.650390625,0.0,24.0,24.0,
5,sne_benchmark_2819325_5,OK,4,8,256,8192,577.7565856911242,128.58974647521973,435.0269338786602,446.6681528836489,111.2628741338849,119.0894561400637,125.24872982501984,40.97101003676653,43.50269338786602,62.32911065593362,4653.922602372845,"[3213.232799040701, 4814.006322002186, 4766.850418287823, 4810.278757934978, 4858.496967084963, 4798.832818743005, 4804.940550630563, 4824.687268976358, 4875.368943538453, 4772.531177489418]","[63.73643393069506, 42.54252826049924, 42.96337875723839, 42.57549516484141, 42.152954172343016, 42.67704413458705, 42.622795816510916, 42.448347132653, 42.007077284157276, 42.91223930940032]",2259.4150390625,2266.5,28.0966796875,28.0966796875,0.0,66.0,66.0,
5,sne_benchmark_2819325_5,OK,4,10,1024,40960,1321.6632124967873,585.0235300436616,696.8872916921973,734.0061060264707,448.1397664919496,516.9847732521594,581.5842072889209,66.65621994808316,69.68872916921973,94.62532890215516,14089.495701962003,"[10422.712280093643, 14538.101236175271, 14521.450872657928, 14381.654398531553, 14456.803627120284, 14413.854725898482, 14583.05821460535, 14561.734285660821, 14554.560161423196, 14461.027217453508]","[98.24697952717543, 70.43560801818967, 70.51636981591582, 71.2018222399056, 70.8317015580833, 71.0427584759891, 70.21846754848957, 70.32129414752126, 70.35595639050007, 70.81101394817233]",2442.6669921875,2448.0859375,117.142578125,117.142578125,0.0,260.0,260.0,
5,sne_benchmark_2819325_5,OK,4,16,64,4096,894.2521167881787,189.1692709736526,693.9277168810368,702.2040110938251,167.893623996526,179.31674299854785,185.56140431761744,63.63809260353446,69.39277168810368,107.45800887793304,1491.9877102973926,"[942.4062522140753, 1566.4097738476737, 1565.195590666044, 1544.7747975430218, 1585.4999291381748, 1557.8965764502864, 1563.5478532718928, 1509.4491698507359, 1531.0058655821135, 1553.6912944099079]","[108.65802275761962, 65.37242151424289, 65.4231334477663, 66.28797942772508, 64.58530720695853, 65.72965211421251, 65.49207930266857, 67.83931651711464, 66.884133040905, 65.90755857899785]",3005.1796875,3016.62109375,9.27001953125,9.27001953125,0.0,26.0,26.0,
5,sne_benchmark_2819325_5,OK,4,20,256,20480,1653.9384805560112,317.1638222262264,1313.6005723923445,1333.4951285868883,277.3044520094991,296.0318683339283,313.7010436169803,125.37380696833134,131.36005723923444,176.8837887533009,3878.688398543143,"[2857.8241195739283, 4018.404820506357, 3971.134000681356, 4025.322245995895, 3968.2695593028284, 3972.9198615336823, 4023.6503210940077, 3992.575445102549, 3980.5630288332236, 3976.220582807602]","[179.15728140622377, 127.41374323144555, 128.93042640015483, 127.1947855874896, 129.02349307388067, 128.87247109040618, 127.24763812497258, 128.23802756890655, 128.6250202022493, 128.76549208909273]",3426.48828125,3449.46875,36.759765625,36.759765625,0.0,72.0,72.0,
5,sne_benchmark_2819325_5,ERROR,4,32,1024,131072,,,,,,,,,,,,,,,,,,,,,
5,sne_benchmark_2819325_5,OK,8,1,64,512,85.6152116432786,41.22945072129369,36.09278526157141,42.58900674805045,31.775032706558704,33.168868517968804,37.2109869197011,3.214491114020348,3.6092785261571407,7.041155762970448,3168.1945985095017,"[1575.6782347544156, 3311.3969605390685, 3348.018896167655, 3351.167153256559, 3343.941380533743, 3339.130935596909, 3358.6612205618935, 3338.80388933308, 3358.4728015679434, 3356.6745127837526]","[8.123485948890448, 3.8654381074011326, 3.82315643876791, 3.8195647709071636, 3.8278182968497276, 3.833332758396864, 3.8110423050820827, 3.833708245307207, 3.8112561143934727, 3.813297938555479]",1912.900390625,1933.05078125,12.4990234375,12.4990234375,0.0,22.0,22.0,
5,sne_benchmark_2819325_5,OK,8,2,256,4096,352.84973803162575,95.35555201023816,246.3201334401965,255.0237470641732,81.09186041355133,88.0292711998336,91.59759110212326,23.918615579605103,24.63201334401965,29.996424440294504,4034.216158950714,"[3286.2470333375677, 4109.8569095563535, 4109.490090368641, 4138.018133824733, 4113.269060893979, 4098.425239454558, 4135.342249693468, 4129.9853527229325, 4080.8206590458562, 4140.70686060905]","[31.160165064036846, 24.915709294378757, 24.9179333075881, 24.74614578485489, 24.895040534436703, 24.98520627245307, 24.762158442288637, 24.794276796281338, 25.092991963028908, 24.730077121406794]",1746.63134765625,1759.15625,23.76513671875,23.76513671875,0.0,62.0,62.0,
5,sne_benchmark_2819325_5,OK,8,4,1024,32768,1028.215381566435,506.6406617686153,481.5369126163423,518.8273654766381,449.2313435263932,486.2936483202502,502.7736158594489,46.566606767475605,48.15369126163423,58.57133011519909,15854.937437571709,"[13147.82090831971, 16231.784479976006, 16243.3721128063, 16236.122695700667, 16240.404057180713, 16252.667663535089, 16250.200892476734, 16247.543278957324, 15398.348850511817, 16301.109436252716]","[62.30690284818411, 50.46888104081154, 50.432877749204636, 50.4553959928453, 50.44209473580122, 50.40403316915035, 50.41168447211385, 50.41993032023311, 53.20050922036171, 50.25424822792411]",1931.802734375,1946.8203125,99.95703125,99.95703125,0.0,250.0,250.0,
5,sne_benchmark_2819325_5,OK,8,10,64,5120,874.1566761359572,147.59373408555984,713.3672073818743,723.72041163221,130.6022314913571,135.44085278594866,143.6385327205062,68.01952790096402,71.33672073818744,95.88798068091272,1786.7773011043012,"[1315.8383749593524, 1832.5238251828646, 1849.8280258129614, 1848.144807920114, 1822.6406970855815, 1825.050842909539, 1846.475725320632, 1854.879069826602, 1838.6743128624353, 1833.7173291629294]","[97.27638472616673, 69.84902364760637, 69.19562154635787, 69.25864220783114, 70.22777457162738, 70.13503240048885, 69.32124708965421, 69.00719409808517, 69.61537402495742, 69.80356130376458]",2457.65380859375,2488.484375,7.95770263671875,7.96044921875,0.0,26.0,26.0,
5,sne_benchmark_2819325_5,OK,8,12,256,24576,1662.3969157114625,383.9724449701607,1248.1422181986272,1275.1472446620464,366.6975016705692,372.3286418723874,380.042769882828,121.12834618240596,124.81422181986272,152.01523826271296,4839.073593521483,"[3969.8967602358894, 4949.487425204021, 4929.54381673351, 4938.606470842949, 4913.770004874909, 4916.889935616215, 4913.000191708022, 4945.340140575866, 4956.623761087558, 4957.577428335897]","[154.76472994312644, 124.13406626135111, 124.63627930730581, 124.40756388008595, 125.03637723997235, 124.95703748613596, 125.0559690669179, 124.23816816136241, 123.95534331724048, 123.93149857595563]",2644.001953125,2660.40234375,30.984375,30.984375,0.0,68.0,68.0,
5,sne_benchmark_2819325_5,ERROR,8,16,1024,131072,,,,,,,,,,,,,,,,,,,,,
5,sne_benchmark_2819325_5,TIMEOUT,8,32,64,16384,,,,,,,,,,,,,,,,,,,,,Subprocess timed out after configured timeout_s
5,sne_benchmark_2819325_5,ERROR,8,40,256,81920,,,,,,,,,,,,,,,,,,,,,
5,sne_benchmark_2819325_5,OK,10,1,1024,10240,297.93161077797413,185.290432009846,98.54206205531956,110.71643103286624,159.1251681819558,175.02397315278648,181.11412772908807,9.296206500381231,9.854206205531955,13.372435122728348,23370.57866337151,"[17201.364809329203, 23804.447996818104, 24102.662058317164, 24286.51074544193, 24250.10261343906, 22979.917071221484, 24111.128805878077, 23998.26045091464, 24595.7881174545, 24375.603964900947]","[14.882540009915829, 10.754292644560337, 10.62123342975974, 10.54083077982068, 10.55665636062622, 11.14016204699874, 10.617503728717566, 10.667439855635166, 10.40828611701727, 10.502303875982761]",1922.39296875,1932.70703125,77.26904296875,77.26904296875,0.0,244.0,244.0,
5,sne_benchmark_2819325_5,OK,10,4,64,2560,512.9533598311245,113.47446959838273,389.4572704657912,396.6370420046151,105.02587590739132,106.91966527625918,109.38449949026108,37.28869739919901,38.94572704657912,50.21646747365594,1626.1330513720957,"[1246.9992492207473, 1659.3779228110968, 1674.1238454035608, 1686.4451214522373, 1662.32291035418, 1666.8246671631, 1666.966786592505, 1677.9167753120762, 1642.187431642412, 1678.165803769039]","[51.32320652157068, 38.56867029517889, 38.228951923549175, 37.94964875280857, 38.50034166127443, 38.396360013633966, 38.39308648183942, 38.14253539964557, 38.97240885347128, 38.13687530532479]",1934.1875,1957.79296875,6.650390625,6.650390625,0.0,24.0,24.0,
5,sne_benchmark_2819325_5,OK,10,8,256,20480,1390.599059395492,349.1561684086919,1014.1515280529856,1038.1421448551118,332.2763069681823,338.084853650257,345.1154434718192,99.49266762658954,101.41515280529856,117.19683326035738,4943.555857217057,"[4272.177014460723, 5021.871717807297, 5022.3699176572645, 5026.3969263146, 5014.320636172371, 5007.6719591306355, 5017.455943444414, 5015.3523217131315, 5018.750475431087, 5019.191660039044]","[119.84522136300802, 101.95401809737086, 101.94390464946628, 101.86223004385829, 102.10755098238587, 102.24311899393797, 102.04374602809548, 102.08654689788818, 102.01742495596409, 102.00845767185092]",2274.83984375,2299.34375,28.0966796875,28.0966796875,0.0,66.0,66.0,
5,sne_benchmark_2819325_5,ERROR,10,10,1024,102400,,,,,,,,,,,,,,,,,,,,,
5,sne_benchmark_2819325_5,TIMEOUT,10,16,64,10240,,,,,,,,,,,,,,,,,,,,,Subprocess timed out after configured timeout_s
5,sne_benchmark_2819325_5,TIMEOUT,10,20,256,51200,,,,,,,,,,,,,,,,,,,,,Subprocess timed out after configured timeout_s
5,sne_benchmark_2819325_5,ERROR,10,32,1024,327680,,,,,,,,,,,,,,,,,,,,,
5,sne_benchmark_2819325_5,ERROR,20,2,64,2560,,,,,,,,,,,,,,,,,,,,,
5,sne_benchmark_2819325_5,ERROR,20,4,256,20480,,,,,,,,,,,,,,,,,,,,,
5,sne_benchmark_2819325_5,ERROR,20,8,1024,163840,,,,,,,,,,,,,,,,,,,,,
5,sne_benchmark_2819325_5,ERROR,20,12,64,15360,,,,,,,,,,,,,,,,,,,,,
5,sne_benchmark_2819325_5,ERROR,20,16,256,81920,,,,,,,,,,,,,,,,,,,,,
5,sne_benchmark_2819325_5,ERROR,32,1,1024,32768,,,,,,,,,,,,,,,,,,,,,
5,sne_benchmark_2819325_5,ERROR,32,4,64,8192,,,,,,,,,,,,,,,,,,,,,
5,sne_benchmark_2819325_5,ERROR,32,8,256,65536,,,,,,,,,,,,,,,,,,,,,
5,sne_benchmark_2819325_5,TIMEOUT,32,10,1024,327680,,,,,,,,,,,,,,,,,,,,,Subprocess timed out after configured timeout_s
5,sne_benchmark_2819325_5,ERROR,40,1,64,2560,,,,,,,,,,,,,,,,,,,,,
5,sne_benchmark_2819325_5,ERROR,40,2,256,20480,,,,,,,,,,,,,,,,,,,,,
5,sne_benchmark_2819325_5,ERROR,40,4,1024,163840,,,,,,,,,,,,,,,,,,,,,
5,sne_benchmark_2819325_5,ERROR,80,1,64,5120,,,,,,,,,,,,,,,,,,,,,
5,sne_benchmark_2819325_5,ERROR,80,2,256,40960,,,,,,,,,,,,,,,,,,,,,
5,sne_benchmark_2819325_5,ERROR,80,4,1024,327680,,,,,,,,,,,,,,,,,,,,,
5,sne_benchmark_2819568_5,ERROR,1,96,128,12288,,,,,,,,,,,,,,,,,,,,,
5,sne_benchmark_2819568_5,ERROR,1,128,64,8192,,,,,,,,,,,,,,,,,,,,,
5,sne_benchmark_2819568_5,ERROR,1,160,32,5120,,,,,,,,,,,,,,,,,,,,,
5,sne_benchmark_2819568_5,ERROR,1,160,4096,655360,,,,,,,,,,,,,,,,,,,,,
5,sne_benchmark_2819568_5,OK,2,1,2048,4096,80.95851553976536,54.35535152256489,17.54314400628209,24.926229298114777,49.15157870948315,50.205532036721706,51.259485363960266,1.3465242460370064,1.7543144006282092,5.381952349096537,46641.65234560341,"[15789.23550379641, 49956.03242185731, 50199.88665638355, 50378.81331904271, 50648.04106347729, 50513.32331095892, 46746.533091240635, 50621.700736241044, 50754.933488742696, 50808.02386429353]","[6.4854311645030975, 2.0498024970293045, 2.0398452430963516, 2.032600477337837, 2.021795865148306, 2.027187943458557, 2.19053677842021, 2.022847879678011, 2.0175378620624542, 2.0154296942055225]",1945.974609375,1955.2265625,146.39599609375,146.39599609375,0.0,488.0,488.0,
5,sne_benchmark_2819568_5,OK,2,20,32,1280,729.5574807524681,250.5294083096087,469.3895571678877,476.3114765807986,247.25908890366557,247.2845445498824,247.31000019609928,39.72003695368767,46.93895571678877,100.14624105393888,723.331516513396,"[315.83128825002456, 747.5698330247394, 753.868419066803, 743.3664154774576, 740.77285380308, 782.0356176857523, 781.5643730548344, 792.5502991450969, 788.2959525068999, 787.4601131192719]","[101.31991728022695, 42.805365581065416, 42.447725877165794, 43.047411523759365, 43.19812724739313, 40.918852385133505, 40.943524427711964, 40.37598627433181, 40.59389103576541, 40.63697889819741]",3360.2265625,3361.63671875,5.84912109375,5.84912109375,0.0,26.0,26.0,
5,sne_benchmark_2819568_5,OK,2,20,4096,163840,2121.5131485275924,808.4592623859644,1203.4960946291685,1310.410943824798,695.1800395995378,750.1973311174661,805.2146226353943,114.1174973398447,120.34960946291685,162.0248773805797,31537.750317974296,"[23721.12513252905, 31889.916734008548, 32027.417687014746, 32151.776101956162, 32173.602143329485, 32361.74450170218, 32407.634600767135, 32684.479015032197, 32846.22042751333, 33113.58683589014]","[172.673091057688, 128.44185308367014, 127.8904231376946, 127.39576149731874, 127.30933831259608, 126.56919653341174, 126.38997108116746, 125.31942143291235, 124.70232333242893, 123.69544925168157]",3351.017578125,3361.1875,582.12109375,582.12109375,0.0,1076.0,1076.0,
5,sne_benchmark_2819568_5,OK,2,32,2048,131072,2704.160794302821,757.5305131338537,1853.914301302284,1943.565375648439,714.6926404833794,734.5381895974278,754.3837387114763,173.93390488252044,185.3914301302284,250.2202854752541,17029.278205772625,"[12636.28424207454, 17003.668753223577, 17029.577186352326, 17222.67209624039, 17389.68216234063, 17577.658815323914, 17720.64283369197, 17800.532864074004, 17896.098921689212, 18015.9641827157]","[259.3167372010648, 192.71135232970119, 192.41816541552544, 190.26083651185036, 188.43357626721263, 186.41845506429672, 184.91428503766656, 184.08437685668468, 183.10135713592172, 181.88313246890903]",4415.837890625,4423.1171875,359.92578125,359.92578125,0.0,590.0,590.0,
5,sne_benchmark_2819568_5,OK,2,40,1024,81920,3000.3308372981846,700.8228307887912,2236.066572919488,2296.0211407206957,697.3851932808757,697.5250221006572,697.6648509204388,208.49566973000765,223.6066572919488,306.9507726803422,9023.054915359986,"[6537.91428702463, 9103.906984958112, 9142.305653890206, 9145.960847314966, 9166.51585254476, 9238.617972444092, 9383.850536922404, 9467.787828576229, 9452.008096618227, 9591.681093306235]","[313.2497475631535, 224.9583616554737, 224.01351229473948, 223.92398504540324, 223.42185765504837, 221.67817806825042, 218.24729538708925, 216.3124097287655, 216.67353424429893, 213.51835826039314]",5097.765625,5099.515625,203.0703125,203.0703125,0.0,308.0,308.0,
5,sne_benchmark_2819568_5,OK,2,64,512,65536,4740.425757214427,869.7193547859788,3816.009004361928,3865.41893876344,866.5090266913176,866.5492842309177,866.5895417705178,362.6969193667173,381.6009004361928,522.5324374437332,4286.477101969747,"[3107.345180122006, 4441.719235425305, 4444.091298684825, 4388.029610924255, 4392.089441312821, 4394.81225151452, 4399.951414717613, 4395.675807095392, 4447.566412474144, 4453.490367426591]","[527.266816213727, 368.8661784231663, 368.66929364949465, 373.37943115085363, 373.0342976599932, 372.80318389832973, 372.3677480891347, 372.72994458675385, 368.38123325258493, 367.89121898263693]",7232.66015625,7234.87890625,136.162109375,136.162109375,0.0,176.0,176.0,
5,sne_benchmark_2819568_5,ERROR,2,96,384,73728,,,,,,,,,,,,,,,,,,,,,
5,sne_benchmark_2819568_5,ERROR,2,128,256,65536,,,,,,,,,,,,,,,,,,,,,
5,sne_benchmark_2819568_5,ERROR,2,160,128,40960,,,,,,,,,,,,,,,,,,,,,
5,sne_benchmark_2819568_5,OK,4,1,64,256,76.90316323190928,46.41766205430031,23.177453190088272,28.83175090700388,43.07736878097057,43.1498664803803,43.2330232411623,1.8466762602329252,2.3177453190088277,6.496920958161354,2515.1678114959877,"[856.711461724038, 2694.555498740816, 2698.5893320011896, 2693.6872772963757, 2692.3506985435433, 2700.5641477447452, 2701.88436040011, 2704.3464410655774, 2700.879265205832, 2708.1096322376457]","[7.470426492393017, 2.375159837305546, 2.371609464287758, 2.3759253919124603, 2.3771048858761787, 2.3698752000927925, 2.3687172159552574, 2.366560697555542, 2.36959870159626, 2.3632721230387688]",1961.8505859375,1972.5703125,12.4990234375,12.4990234375,0.0,22.0,22.0,
5,sne_benchmark_2819568_5,OK,4,2,32,256,147.68741207569838,59.00780019164085,80.39479333907366,86.55378088355064,55.72100023925304,55.78193689137697,55.81379771977663,7.151020623743534,8.039479333907366,14.521253190934658,771.6278221935113,"[411.4234430869635, 812.9570647643495, 809.9484628320367, 811.3849560177596, 805.8354495891945, 807.998252558315, 809.2693958901066, 818.9190104763229, 830.1614987408741, 798.3806879791903]","[15.555749453604221, 7.872494474053383, 7.901737324893475, 7.887747921049595, 7.942068077623844, 7.920809209346771, 7.90836776047945, 7.815180644392967, 7.709343314170837, 8.016225963830948]",1762.4580078125,1769.8984375,3.3016357421875,3.3046875,0.0,26.0,26.0,
5,sne_benchmark_2819568_5,OK,1,2,384,768,155.43680343031883,90.14308401942252,57.10341461747885,62.98078313097358,87.02027589082718,87.02027589082718,87.02027589082718,4.884819094091654,5.710341461747885,12.98392715677619,3312.9081735851078,"[1373.172648892238, 3534.024474108092, 3505.0759035067044, 3501.449135896407, 3538.8025421245484, 3538.821079209648, 3529.3580025283995, 3528.254418473361, 3540.077976601415, 3540.045554510261]","[13.982218489050865, 5.432899557054043, 5.477770105004311, 5.4834439270198345, 5.425564091652632, 5.425535671412945, 5.4400828666985035, 5.4417844414711, 5.423609346151352, 5.423659019172192]",1788.26171875,1788.26171875,35.50732421875,35.50732421875,0.0,104.0,104.0,
5,sne_benchmark_2819568_5,OK,1,1,512,512,79.81325696408749,57.26041930913925,13.802730187773705,19.966508712619543,54.18164701014757,54.18164701014757,54.18164701014757,0.9642627276480198,1.3802730187773704,5.086268864572048,7986.285209688501,"[1927.8891101475192, 8556.307980774009, 8687.678336088384, 8697.674997072612, 8679.770959208337, 8678.876872136843, 8689.415341817257, 8687.745861129264, 8633.929426939678, 8623.563211571107]","[6.6393860168755054, 1.4959723316133022, 1.4733510501682758, 1.471657656133175, 1.4746932908892632, 1.4748452119529247, 1.4730565287172794, 1.4733395986258984, 1.4825231209397316, 1.4843052327632904]",2019.87890625,2019.87890625,42.70556640625,42.70556640625,0.0,122.0,122.0,
5,sne_benchmark_2819568_5,OK,1,16,2048,32768,1163.0473737828434,407.353574000299,728.0105103477836,753.194823525846,404.1619382686913,404.1619382686913,404.1619382686913,67.88597835600376,72.80105103477835,110.03452655673028,11088.675956244191,"[7262.562311385447, 11434.369267754308, 11450.096278707088, 11430.65676945686, 11500.114265145447, 11507.479875608093, 11529.872760465007, 11489.701246400029, 11596.432417223083, 11685.474370296552]","[112.79765527322888, 71.64365439116955, 71.54524993151426, 71.66692312806845, 71.23407481983304, 71.18847991526127, 71.05022032931447, 71.29863365739584, 70.64241574704647, 70.10412877053022]",3007.7421875,3007.7421875,268.33203125,268.33203125,0.0,536.0,536.0,
5,sne_benchmark_2819568_5,OK,1,20,1024,20480,1192.688840534538,358.6820241548121,814.4927755445242,831.5389156229794,354.5579271130264,354.5579271130264,354.5579271130264,75.96699882671237,81.44927755445242,123.7628305517137,6284.561958709877,"[4064.925103211147, 6525.253165454015, 6472.354885652222, 6516.3339888416185, 6513.18308104003, 6552.326945154956, 6502.640705286554, 6532.936057764033, 6555.42504528427, 6610.240609409925]","[125.95558023825288, 78.46438858658075, 79.10567468032241, 78.57178604975343, 78.60979702696204, 78.14017894491553, 78.73724279180169, 78.3721125498414, 78.10324982181191, 77.45557692274451]",3352.671875,3352.671875,145.78515625,145.78515625,0.0,276.0,276.0,
5,sne_benchmark_2819568_5,OK,1,32,512,16384,1821.3165364451704,441.79535265639424,1360.696256745607,1376.460062354803,438.5683629922569,438.5683629922569,438.5683629922569,126.85182571411131,136.06962567456063,204.48834558576343,3034.398258561587,"[1983.1588902847025, 3118.939980622059, 3151.215706695316, 3120.981668943392, 3135.6086869346873, 3152.723055481078, 3173.2234948758555, 3164.87921128958, 3152.036769658552, 3191.2151208306495]","[206.53917444869876, 131.3266694918275, 129.98158111795783, 131.2407580204308, 130.62854485213757, 129.91943560913205, 129.0800980962813, 129.4204210191965, 129.94772267341614, 128.352362498641]",4408.640625,4408.640625,90.271484375,90.271484375,0.0,150.0,150.0,
5,sne_benchmark_2819568_5,OK,1,40,384,15360,2424.355228498578,625.606276486069,1780.4447162374854,1795.2154535762966,622.4028374142945,622.4028374142945,622.4028374142945,166.2859820909798,178.04447162374854,269.89687119051814,2183.0130398764463,"[1413.5223208936466, 2257.5024895082424, 2249.7367616399065, 2265.701640014879, 2263.4369348269956, 2247.9126116098632, 2280.3626130238913, 2286.2714903769556, 2274.169473134251, 2291.514063735832]","[271.6617872416973, 170.09948019310832, 170.68663612008095, 169.48392198607326, 169.65350087359548, 170.8251459673047, 168.39427107200027, 167.95905543863773, 168.85285135358572, 167.5747952312231]",5108.76953125,5108.76953125,76.47119140625,76.47119140625,0.0,128.0,128.0,
5,sne_benchmark_2819568_5,ERROR,1,64,256,16384,,,,,,,,,,,,,,,,,,,,,
5,sne_benchmark_2817872_5,OK,2,1,64,128,101.6601047217846,68.31643555313349,22.789131056517363,30.167525857687,64.8890931867063,65.00412246212363,65.11915173754096,1.7222761698067188,2.2789131056517364,7.064610090106726,1315.2868342301465,"[321.9057247019755, 1400.1623294387584, 1428.4795553268596, 1412.4526314001328, 1432.6709464148232, 1437.6757064810627, 1416.1367125382228, 1443.2668301437266, 1442.2601368304606, 1417.8577690254408]","[9.940798670053482, 2.2854492887854576, 2.2401440665125847, 2.265562701970339, 2.2335903495550156, 2.2258148938417435, 2.2596688382327557, 2.217192228883505, 2.2187398225069046, 2.256925955414772]",1998.3515625,2001.109375,12.4990234375,12.4990234375,0.0,22.0,22.0,
6,sne_benchmark_2819569_6,ERROR,20,12,1024,245760,,,,,,,,,,,,,,,,,,,,,
6,sne_benchmark_2820709_6,ERROR,4,48,2048,393216,,,,,,,,,,,,,,,,,,,,,
6,sne_benchmark_2817874_6,OK,2,2,32,128,185.8659675195813,86.06098791211843,84.8554659076035,93.22065049782395,82.72043674439192,82.7268559616059,82.7332751788199,7.548537664115429,8.48554659076035,15.564530443400145,367.1316703653421,"[166.38686491688998, 389.91423067617285, 391.20447311209415, 392.88147409801473, 396.224542698713, 386.89859376626714, 380.02743569459017, 387.01062553332156, 386.538733011558, 394.2297301457995]","[19.232287365943193, 8.206933084875345, 8.179865568876266, 8.144950095564127, 8.076228640973568, 8.270901087671518, 8.420444682240486, 8.268506828695536, 8.27860115095973, 8.117094565182924]",1804.849609375,1806.70703125,3.3046875,3.3046875,0.0,26.0,26.0,
6,sne_benchmark_2819569_6,OK,32,8,64,16384,2921.497685529292,323.57600289583206,2577.775785960257,2593.597559817136,287.54868994653225,307.01731487503275,317.6563234999776,254.14879731833932,257.7775785960257,272.8010215088725,1579.9027843887163,"[1490.2659100073474, 1589.7615868009077, 1583.7403758933324, 1584.386778571052, 1587.9239838311591, 1583.714076130944, 1591.0270789555555, 1593.3397691112839, 1591.8235965732665, 1603.044688012315]","[274.85027822852135, 257.64869613200426, 258.6282488182187, 258.5227329209447, 257.94685650616884, 258.6325436979532, 257.4437641054392, 257.0700913518667, 257.3149442449212, 255.5137751698494]",2272.3126220703125,2301.28515625,7.522430419921875,7.5234375,0.0,24.0,24.0,
6,sne_benchmark_2819569_6,OK,32,4,128,16384,1725.0179889798164,314.5151544958353,1390.733365610242,1407.3785968199372,260.0658250004053,294.1341942504514,308.56059620529413,137.92292539775372,139.07333656102418,146.84784802794456,2911.457386901178,"[2751.747245183288, 2925.852193987767, 2924.4708196956767, 2919.5902216115196, 2928.922858833511, 2929.0958827376194, 2937.110405566769, 2931.5854195523975, 2930.0279285789584, 2936.1708932642705]","[148.85088036954403, 139.99340118467808, 140.05952709168196, 140.29366072267294, 139.8466329574585, 139.8383721113205, 139.45679373294115, 139.71961972117424, 139.79388933628798, 139.50141694396734]",1909.718994140625,1931.06640625,12.7548828125,12.7548828125,0.0,44.0,44.0,
6,sne_benchmark_2819569_6,OK,32,2,256,16384,1115.196695663035,307.2021255940199,789.5986368283629,805.383036069572,260.0043252259493,291.52514798683114,301.359095916152,78.21757294982672,78.9598636828363,83.98266340047121,5088.416206281081,"[4763.892997934347, 5115.956912917897, 5114.7130422316095, 5114.922781091639, 5101.568515723258, 5111.601683738972, 5138.69045995752, 5128.110256838345, 5147.562823146713, 5147.142589230515]","[85.98010076582432, 80.06322316080332, 80.08269410580397, 80.0794102922082, 80.28903242945671, 80.13143929094076, 79.70902376621962, 79.87347765266895, 79.57163692265749, 79.57813347876072]",1740.86767578125,1769.0390625,23.76513671875,23.76513671875,0.0,62.0,62.0,
6,sne_benchmark_2819569_6,OK,32,1,384,12288,397.3005864843726,238.0223708152771,144.88508509844542,157.52005118131638,201.80486135184765,224.7932318150997,232.07261346280572,13.966282539069653,14.48850850984454,18.54312546551228,19641.29597486554,"[15267.122375522078, 19814.58901226404, 20081.404356990748, 20110.29611865891, 20000.809178207604, 20212.748207753804, 20213.083912463, 20352.15109760524, 20080.13284725886, 20280.622641931124]","[20.121670112013817, 15.503728076815605, 15.297734886407852, 15.275757163763046, 15.359378576278687, 15.198329135775566, 15.198076717555523, 15.094227559864521, 15.29870356619358, 15.1474639326334]",1915.7401123046875,1934.703125,34.06591796875,34.06591796875,0.0,102.0,102.0,
6,sne_benchmark_2819569_6,ERROR,20,16,512,163840,,,,,,,,,,,,,,,,,,,,,
6,sne_benchmark_2819569_6,ERROR,40,8,256,81920,,,,,,,,,,,,,,,,,,,,,
6,sne_benchmark_2819569_6,ERROR,40,4,384,61440,,,,,,,,,,,,,,,,,,,,,
6,sne_benchmark_2819569_6,OK,40,2,512,40960,1759.1024084314704,696.4469973295927,1028.9225806444883,1059.6397223472595,653.1169823035598,675.3822219753638,689.6075818166137,101.8891969025135,102.89225806444884,107.5983256176114,9666.23959758679,"[9238.417940516594, 9669.261702911472, 9664.97262625301, 9691.447900806754, 9669.003990817937, 9715.843963724707, 9728.211446602942, 9742.69805532187, 9764.514198717092, 9778.024150195517]","[110.84148894250393, 105.90260471403599, 105.94960168004036, 105.66016662120819, 105.9054273813963, 105.3948585242033, 105.26086995750666, 105.10435550659895, 104.8695284947753, 104.72463396191597]",1746.62607421875,1775.265625,47.2490234375,47.2490234375,0.0,124.0,124.0,
6,sne_benchmark_2819569_6,OK,40,1,1024,40960,930.2372788265347,691.9085381254554,197.01278116554025,236.46822983771565,636.9231231957674,670.1204819835723,685.0440020784736,19.133107617497444,19.701278116554025,23.88998271524906,43480.59768011502,"[36225.58523399785, 42873.80418620947, 43363.6570534017, 43712.55735146143, 44051.67326646303, 44293.501888020866, 44639.18856089192, 45004.45690513596, 45190.356370016925, 45451.195985551014]","[28.267314203083515, 23.88404806703329, 23.614244498312473, 23.425762802362442, 23.245428018271923, 23.11851527541876, 22.93948508054018, 22.75330201536417, 22.65970180928707, 22.529660172760487]",1902.340234375,1934.41796875,77.26904296875,77.26904296875,0.0,244.0,244.0,
6,sne_benchmark_2819569_6,ERROR,32,12,2048,786432,,,,,,,,,,,,,,,,,,,,,
6,sne_benchmark_2819569_6,ERROR,32,10,4096,1310720,,,,,,,,,,,,,,,,,,,,,
6,sne_benchmark_2819569_6,OK,32,10,32,10240,3123.021961130202,236.2699565812945,2868.6182358786464,2882.297209724784,212.35035042464733,221.6218857485801,230.3315051794052,280.5363574028015,286.86182358786465,306.5988656282425,888.7074458187773,"[830.3301399972125, 885.3086228039093, 883.3844117691046, 886.6929022204158, 894.9739150113364, 894.1331714964119, 901.2178656585484, 902.5553881529165, 900.4365913502704, 908.041449727647]","[308.31110141426325, 289.1646973788738, 289.7945634871721, 288.713261783123, 286.04185631126165, 286.31081829965115, 284.0600588992238, 283.6391022205353, 284.3065269216895, 281.9254562407732]",2448.953369140625,2475.33203125,4.433258056640625,4.435546875,0.0,26.0,26.0,
6,sne_benchmark_2819569_6,OK,8,1,1024,8192,221.4391706734896,165.8508764281869,43.19587481021881,53.84596335142851,148.1409246250987,159.63029962964356,162.36172419041395,3.801620781421661,4.319587481021881,8.746737904846668,40142.74028293414,"[19876.910078202432, 42063.55404636988, 39282.15232015487, 42746.6966828062, 43083.85648661262, 42932.86997384876, 43066.63838339331, 41419.705721810205, 43433.74407365767, 43521.2750624854]","[10.303412310779095, 4.868823014199734, 5.213563613593578, 4.791013479232788, 4.753520615398884, 4.770237818360329, 4.755421079695225, 4.944506399333477, 4.715227857232094, 4.705744482576847]",1926.7607421875,1945.34765625,77.26904296875,77.26904296875,0.0,244.0,244.0,
6,sne_benchmark_2819569_6,ERROR,4,96,2048,786432,,,,,,,,,,,,,,,,,,,,,
6,sne_benchmark_2819569_6,ERROR,4,64,4096,1048576,,,,,,,,,,,,,,,,,,,,,
6,sne_benchmark_2819569_6,OK,4,64,32,8192,5069.078624762595,895.5520589873195,4155.359507992864,4167.074732035399,892.097209982574,892.187000323087,892.3801367431879,392.7485354244709,415.5359507992864,560.6848600432277,496.6605607888473,"[364.2413574998416, 504.243756267228, 519.9862237083355, 509.37123247720183, 518.6749674822331, 509.0920304488614, 508.97938603454776, 510.06136992016553, 505.9068928554526, 516.0483911946058]","[562.2645418569446, 406.1527732461691, 393.8565882369876, 402.06432350724936, 394.85229255259037, 402.28482818603516, 402.37385956943035, 401.52031123638153, 404.81757195293903, 396.86200653761625]",7217.7373046875,7222.25,12.0682373046875,12.06982421875,0.0,32.0,32.0,
6,sne_benchmark_2819569_6,OK,4,40,64,10240,3644.410234577954,822.3239407762885,2805.430365115404,2817.700097732246,818.8173740431666,818.9505455289036,819.1161476522684,266.56902504712343,280.54303651154044,374.15903820842505,917.3467567628024,"[681.5567137883924, 935.0944288263217, 937.8723876601119, 947.3364155493385, 955.2982606099263, 931.0498042639039, 935.6481590788766, 942.0434103427024, 951.9953875239526, 955.5725999844985]","[375.6107082813978, 273.7691425681114, 272.9582439661026, 270.23135160654783, 267.9791333824396, 274.95843812823296, 273.607121989131, 271.7496849820018, 268.9088658988476, 267.90219812095165]",5109.44921875,5124.0078125,14.5072021484375,14.509765625,0.0,30.0,30.0,
6,sne_benchmark_2819326_6,ERROR,80,2,512,81920,,,,,,,,,,,,,,,,,,,,,[benchmark] N=2 > 1 requires a catalog_dir_override
6,sne_benchmark_2819326_6,ERROR,80,1,128,10240,,,,,,,,,,,,,,,,,,,,,
6,sne_benchmark_2819326_6,ERROR,40,8,32,10240,,,,,,,,,,,,,,,,,,,,,[benchmark] N=8 > 1 requires a catalog_dir_override
6,sne_benchmark_2819326_6,ERROR,40,2,512,40960,,,,,,,,,,,,,,,,,,,,,[benchmark] N=2 > 1 requires a catalog_dir_override
6,sne_benchmark_2819326_6,ERROR,40,1,128,5120,,,,,,,,,,,,,,,,,,,,,
6,sne_benchmark_2819326_6,ERROR,32,12,32,12288,,,,,,,,,,,,,,,,,,,,,[benchmark] N=12 > 1 requires a catalog_dir_override
6,sne_benchmark_2819326_6,ERROR,32,8,512,131072,,,,,,,,,,,,,,,,,,,,,[benchmark] N=8 > 1 requires a catalog_dir_override
6,sne_benchmark_2819569_6,OK,20,4,64,5120,912.9267641827464,128.7042078077793,771.5138799324632,781.600316286087,110.49862951785326,119.4780255690217,124.38973489403725,75.65738961100578,77.15138799324632,85.53129151463509,1639.8415527386362,"[1472.4932237666462, 1649.5120517913813, 1648.002710066126, 1657.355493883145, 1660.2327736261257, 1653.5100686468759, 1665.5118098542907, 1663.3798600634052, 1655.43096979712, 1672.986565891247]","[86.92739493399858, 77.59870554506779, 77.66977518796921, 77.23146933317184, 77.09762271493673, 77.41107987612486, 76.85325270146132, 76.95175532251596, 77.32125490903854, 76.50987916439772]",1909.4703125,1934.69921875,6.6498779296875,6.650390625,0.0,24.0,24.0,
6,sne_benchmark_2819569_6,OK,20,2,128,5120,620.9434244781733,131.53545442968607,478.32829746603966,486.9641284868121,115.95890928804874,122.694754511863,126.96521574258804,47.10698561370373,47.83282974660396,53.20781923085451,2632.357933185376,"[2351.7269505181916, 2661.462743402675, 2669.6421856911566, 2647.01949975505, 2662.131636657581, 2671.777748196954, 2665.5279961540327, 2668.2204819581602, 2670.382673483965, 2655.687416035989]","[54.42808739840984, 48.093853771686554, 47.94650035351515, 48.35627391934395, 48.0817696005106, 47.90817652642727, 48.02050482481718, 47.97204761207104, 47.93320495635271, 48.19844354689121]",1742.0296875,1768.703125,12.0234375,12.0234375,0.0,44.0,44.0,
6,sne_benchmark_2819569_6,OK,20,1,256,5120,219.3699930757284,119.4514081776142,89.08380294591188,98.11952625215054,101.33341659605505,111.6993936803192,114.9624633193016,8.439678013324738,8.908380294591188,12.69367402791977,13240.81366223252,"[9185.643157520526, 13652.960991057262, 13733.317396808283, 13216.354532742313, 13487.243059959452, 13802.247794793539, 13786.951013584512, 13809.252917289388, 13851.975016574683, 13882.190741995242]","[13.934789083898067, 9.375255674123764, 9.320399165153503, 9.68497021496296, 9.4904495626688, 9.27385175973177, 9.284141205251217, 9.269147343933582, 9.240559548139572, 9.220446713268757]",1916.2150390625,1938.71875,25.42626953125,25.42626953125,0.0,62.0,62.0,
6,sne_benchmark_2819569_6,ERROR,10,32,384,122880,,,,,,,,,,,,,,,,,,,,,
6,sne_benchmark_2819569_6,ERROR,10,20,512,102400,,,,,,,,,,,,,,,,,,,,,
6,sne_benchmark_2819569_6,ERROR,10,16,1024,163840,,,,,,,,,,,,,,,,,,,,,
6,sne_benchmark_2819569_6,ERROR,10,12,2048,245760,,,,,,,,,,,,,,,,,,,,,
6,sne_benchmark_2819569_6,ERROR,2,128,384,98304,,,,,,,,,,,,,,,,,,,,,
6,sne_benchmark_2819569_6,ERROR,2,96,512,98304,,,,,,,,,,,,,,,,,,,,,
6,sne_benchmark_2819569_6,ERROR,2,64,1024,131072,,,,,,,,,,,,,,,,,,,,,
6,sne_benchmark_2819569_6,ERROR,2,40,2048,163840,,,,,,,,,,,,,,,,,,,,,
6,sne_benchmark_2819569_6,ERROR,2,32,4096,262144,,,,,,,,,,,,,,,,,,,,,
6,sne_benchmark_2819569_6,OK,10,1,384,3840,162.5446745082736,104.52790495753288,48.30218201875687,56.29993418604136,100.47805754095316,100.6767783664167,100.9910768121481,4.368108876049519,4.830218201875686,8.8722462952137,17802.94155777138,"[9479.176408982488, 18833.389533073103, 18451.683210801886, 18763.304746775524, 18409.774420180205, 18971.665790594063, 18958.000906265555, 18393.40269401977, 19036.80999201231, 18732.207875008917]","[10.12746211886406, 5.097329922020435, 5.202777378261089, 5.116369493305683, 5.21462120115757, 5.060177691280842, 5.0638250559568405, 5.219262667000294, 5.042861700057983, 5.124863050878048]",1927.1390625,1955.15234375,34.06591796875,34.06591796875,0.0,102.0,102.0,
6,sne_benchmark_2819569_6,OK,80,4,32,10240,2879.220756828785,280.4510407149792,2580.389252014458,2594.515016384423,188.79259311407804,242.0713111708872,266.1923442184925,251.37431040406227,258.0389252014458,275.57954178005457,987.2817126194664,"[923.0472465306784, 984.8265818651072, 983.5095045868313, 985.0478216118885, 988.4300155742695, 997.3178846081029, 995.1809744049297, 998.0204536770216, 1004.1825995540769, 1013.2540437817592]","[277.34224977344275, 259.94424268603325, 260.2923498004675, 259.8858597353101, 258.99658647179604, 256.68846809118986, 257.23964443057775, 256.50776901096106, 254.9337143599987, 252.65134797245264]",1909.517724609375,1940.640625,3.585064697265625,3.5869140625,0.0,26.0,26.0,
6,sne_benchmark_2819569_6,OK,80,2,64,10240,1929.662792801857,249.80981488525867,1663.388457424939,1676.5237743332982,119.12113886326551,195.56802023360507,235.54283875972035,164.7287348806858,166.33884574249387,174.88280617445707,1527.4768858585026,"[1449.438202694154, 1527.3326106596191, 1532.9393039385332, 1529.7128263982231, 1534.9058762354448, 1542.495484403349, 1538.7871808839786, 1536.8397915224523, 1541.0793761584766, 1541.2382056907952]","[176.62015498429537, 167.6124756410718, 166.9994365349412, 167.35167253762484, 166.78547132015228, 165.96482945233583, 166.36478596925735, 166.57559324800968, 166.11733565479517, 166.1002167314291]",1739.83427734375,1771.5859375,6.2133544921875,6.2138671875,0.0,24.0,24.0,
6,sne_benchmark_2819569_6,ERROR,80,1,128,10240,,,,,,,,,,,,,,,,,,,,,
6,sne_benchmark_2819569_6,ERROR,8,16,4096,524288,,,,,,,,,,,,,,,,,,,,,
6,sne_benchmark_2819569_6,OK,8,16,32,4096,1756.9653502255678,312.11407855153084,1433.0381331816316,1441.6413638293743,308.3389731794596,308.4202359197661,308.6271594762802,134.7784515991807,143.30381331816315,181.19202944636345,714.9844530985137,"[561.1971456287765, 730.1431222268469, 738.1478528487062, 719.3098663546399, 718.3346017997372, 731.0396523959046, 734.3235917777226, 726.7725181210491, 755.5089702646216, 735.0672095671318]","[182.4670720398426, 140.24647618085146, 138.7255948856473, 142.35867571085691, 142.5519524514675, 140.07448113709688, 139.44805961102247, 140.8969071432948, 135.53776861727238, 139.3069894388318]",2990.1064453125,3003.05859375,5.2816162109375,5.283203125,0.0,26.0,26.0,
6,sne_benchmark_2819569_6,OK,8,12,64,6144,1400.3714525327086,200.97115978598595,1185.9887559488416,1196.3843518868089,196.1687987223268,196.8141787033528,197.2937391847372,114.75724474340676,118.59887559488416,146.26332689076662,1290.452222662298,"[1039.7760629104168, 1315.4395257686026, 1309.567239230174, 1314.9181795732616, 1319.0662597904743, 1316.7520851832448, 1327.9544865554396, 1320.3359880191676, 1320.2742289782382, 1320.4381706139595]","[147.7241162583232, 116.76705541461706, 117.29065556824207, 116.81335187703371, 116.44600781798363, 116.65066015720367, 115.66661474853754, 116.33402512222528, 116.33946692943573, 116.32502257078886]",2645.677734375,2655.578125,8.39697265625,8.39697265625,0.0,26.0,26.0,
6,sne_benchmark_2819569_6,OK,8,10,128,10240,1499.958608329296,229.32149861752987,1254.9351851642132,1267.7558095753193,221.7987687587738,223.52825178578496,225.64505526423451,122.6808588951826,125.49351851642132,147.48626636713743,2025.4103561494744,"[1717.0354900617147, 2058.8924452773617, 2055.544480480863, 2067.164796143213, 2049.6362525317404, 2059.02929084857, 2056.1023258010555, 2059.1742097848237, 2065.656708006904, 2065.8675625584974]","[149.09418091922998, 124.33869510143995, 124.54121155291796, 123.84111826866865, 124.90021079778671, 124.33043140172958, 124.5074220225215, 124.32168137282133, 123.9315318018198, 123.91888262331486]",2458.5771484375,2472.03125,14.947509765625,14.9501953125,0.0,44.0,44.0,
6,sne_benchmark_2819569_6,OK,8,8,256,16384,1233.991250731051,300.19261296093464,914.7753560841084,930.780358992517,296.0112360045314,296.2211983660236,296.51220370829105,88.90770401060581,91.47753560841085,111.06942360848188,4419.877592481003,"[3621.2065399251223, 4511.680031904912, 4512.829667235448, 4495.907071247177, 4495.551750781764, 4518.527628444809, 4510.178703564349, 4475.690586592607, 4536.03864885713, 4521.165296256718]","[113.11147140711546, 90.7865799665451, 90.76345224678516, 91.10508591681719, 91.11228670179844, 90.64899756759405, 90.81680060178041, 91.51660332083702, 90.29905424267054, 90.59611254185438]",2280.1787109375,2300.640625,28.0966796875,28.0966796875,0.0,66.0,66.0,
6,sne_benchmark_2819569_6,OK,8,4,384,12288,630.1768989488482,220.66296355426311,393.946925625205,407.0123545452952,194.68779788166285,207.05867850966752,217.00965733081105,38.06201586127281,39.3946925625205,50.17666111886501,7598.177377391135,"[5940.2726225549, 7688.901543648137, 7761.34106977675, 7782.540988105077, 7787.1910326252755, 7799.818045158328, 7812.921397256024, 7813.224886457048, 7777.954283282884, 7817.60790504693]","[51.71479821205139, 39.953691467642784, 39.5807885825634, 39.472969107329845, 39.44939821213484, 39.38553415238857, 39.319479152560234, 39.31795186549425, 39.49624654650688, 39.295907869935036]",1929.30615234375,1938.734375,37.6630859375,37.6630859375,0.0,106.0,106.0,
6,sne_benchmark_2819569_6,OK,8,2,512,8192,401.2250356525183,171.20659885555506,215.74922677874565,227.7092850729823,153.517505325377,161.30654038395733,167.52317509055138,20.74824571609497,21.574922677874564,28.20657111704349,9071.762171111784,"[6864.27561860694, 9230.466490613006, 9345.776395861663, 9349.430548525454, 9304.034243279493, 9188.847395217348, 9323.018054254528, 9422.474867010857, 9398.938395433483, 9290.35970231506]","[29.83563181012869, 22.187394343316555, 21.913642197847366, 21.905077420175076, 22.011956818401814, 22.287887826561928, 21.967135407030582, 21.735266253352165, 21.789694897830486, 22.044356361031532]",1755.39111328125,1772.7890625,47.2490234375,47.2490234375,0.0,124.0,124.0,
6,sne_benchmark_2819569_6,ERROR,1,128,128,16384,,,,,,,,,,,,,,,,,,,,,
6,sne_benchmark_2819569_6,ERROR,1,96,256,24576,,,,,,,,,,,,,,,,,,,,,
6,sne_benchmark_2819569_6,ERROR,1,64,384,24576,,,,,,,,,,,,,,,,,,,,,
6,sne_benchmark_2819569_6,OK,1,40,512,20480,2560.219237279147,649.0477556176484,1890.4722596630452,1907.702203847468,645.8838867284358,645.8838867284358,645.8838867284358,174.8550333082676,189.04722596630452,282.8892375640571,2735.586578230758,"[1797.4952632719385, 2897.7199916376394, 2882.583528743568, 2815.9342562999536, 2819.376730506482, 2806.434840852101, 2833.009925462796, 2827.6861986704425, 2810.3296394398744, 2865.2954074227837]","[284.84080623835325, 176.69064004719257, 177.61844362691045, 181.82242673262954, 181.60042056813836, 182.43787190318108, 180.72651119157672, 181.06676767766476, 182.1850336752832, 178.690126914531]",5106.7109375,5106.7109375,101.744140625,101.744140625,0.0,156.0,156.0,
6,sne_benchmark_2819569_6,OK,1,32,1024,32768,2114.0097388625145,557.1335900463164,1522.9004521779716,1553.8053826093674,553.9634260758758,553.9634260758758,553.9634260758758,142.40541049093008,152.29004521779717,220.0381775721908,5355.003691201117,"[3665.9668728808333, 5452.5428663191005, 5495.051155457442, 5499.846461784805, 5525.598458096282, 5548.174346073006, 5548.718319304827, 5569.24280046186, 5605.643209687928, 5639.252421945091]","[223.46082995459437, 150.2418266274035, 149.07959486171603, 148.94961262866855, 148.2554344497621, 147.6521732918918, 147.63769808784127, 147.0936048850417, 146.13844823092222, 145.2674820534885]",4407.87890625,4407.87890625,180.15625,180.15625,0.0,296.0,296.0,
6,sne_benchmark_2819569_6,OK,4,32,128,16384,3270.7491331100464,782.4743703305721,2468.127053655684,2484.1058839187026,772.8876856118441,774.7156828623265,779.181764639914,233.4785999059677,246.8127053655684,323.43276680260897,1662.8715311496487,"[1259.6644488127167, 1695.6796255247602, 1720.046923998292, 1696.0756248690263, 1684.5858412745451, 1702.672808277748, 1707.553334925639, 1709.521508710699, 1709.4604446169171, 1743.4547504861443]","[325.1659601777792, 241.55506372451782, 238.1330382823944, 241.49866550415754, 243.14581659436226, 240.56295373290777, 239.87537702172995, 239.59920826554298, 239.60776705294847, 234.93583638221025]",4406.7158203125,4415.55078125,22.99853515625,22.99853515625,0.0,50.0,50.0,
6,sne_benchmark_2819569_6,ERROR,20,10,2048,409600,,,,,,,,,,,,,,,,,,,,,
6,sne_benchmark_2819569_6,ERROR,20,8,4096,655360,,,,,,,,,,,,,,,,,,,,,
6,sne_benchmark_2819569_6,OK,20,8,32,5120,1572.510867871344,153.3856896236539,1406.046597726643,1415.701674640179,138.0433970466256,144.0692005071789,148.95351790636778,135.41692185401917,140.60465977266432,157.18835958093405,905.5665038802596,"[807.3549352116263, 916.246816765457, 901.9174116400218, 909.9014325884244, 923.2760551390372, 908.381076187755, 914.9398873667159, 917.81357335335, 916.0449019071231, 939.7889486430848]","[158.54241352528334, 139.70034892112017, 141.91986799240112, 140.6745779439807, 138.63675905764103, 140.91002482920885, 139.89990136772394, 139.46187299489975, 139.73114170879126, 136.20079293847084]",2275.7935546875,2307.296875,4.150830078125,4.15234375,0.0,26.0,26.0,
6,sne_benchmark_2819569_6,ERROR,1,160,64,10240,,,,,,,,,,,,,,,,,,,,,
6,sne_benchmark_2819569_6,OK,1,20,2048,40960,1587.410547990352,533.9466424286366,1020.9317918494344,1050.8728890158236,530.8000464104116,530.8000464104116,530.8000464104116,94.8852121680975,102.09317918494344,149.97439066320658,9910.297256574306,"[6681.504802676918, 10097.781171217119, 10185.622389941438, 10160.032136594895, 10180.431354791195, 10235.246298100792, 10338.284041354478, 10286.362645537267, 10427.887061031674, 10509.820664497283]","[153.25888856500387, 101.4084166251123, 100.53386634588242, 100.78708278015256, 100.5851288922131, 100.0464444309473, 99.04931958764791, 99.54928046837449, 98.19822501018643, 97.43268060311675]",3363.44921875,3363.44921875,291.23046875,291.23046875,0.0,548.0,548.0,
6,sne_benchmark_2819569_6,OK,4,20,256,20480,2015.6518431603909,488.5320058614016,1504.6195696294308,1524.1011130735278,485.1143319234252,485.2050784844905,485.29315895587206,144.4287776723504,150.46195696294308,196.61766047030687,3387.0858438040304,"[2573.128132066878, 3469.033094468749, 3464.5621061680463, 3463.5800525776644, 3480.538923436914, 3478.946145927526, 3468.6370240794586, 3490.985869626361, 3476.9667196749274, 3504.4803700137777]","[198.97959748655558, 147.59155824035406, 147.78202390670776, 147.82392559945583, 147.103655859828, 147.17100481688976, 147.60841115564108, 146.66344096511602, 147.2547888085246, 146.09869251400232]",3358.552734375,3377.79296875,36.759765625,36.759765625,0.0,72.0,72.0,
6,sne_benchmark_2819569_6,OK,4,16,384,24576,1600.365856230259,392.69521329551935,1183.7023230195043,1204.8700277805328,381.44305780529976,385.4488400183618,389.4698154553771,113.86440558731556,118.37023230195044,154.46308831125498,5140.51313450146,"[3917.492401635847, 5230.192986879421, 5255.148988924186, 5286.1714234202955, 5261.240389417743, 5278.323123763338, 5303.012942677378, 5293.58958947375, 5286.323014118595, 5293.636484704045]","[156.83502021431923, 117.47176472097635, 116.91390696913004, 116.22778581827879, 116.77854546159506, 116.40060405433178, 115.85866499692202, 116.06491013616323, 116.22445286810398, 116.0638819411397]",3004.25,3014.48828125,50.59912109375,50.59912109375,0.0,114.0,114.0,
6,sne_benchmark_2819569_6,OK,4,12,512,24576,1389.840670377016,470.6193873733282,895.5449036583304,916.511380814016,466.8410756736994,467.14111132361,467.4289702922106,85.96757914870977,89.55449036583305,117.6269919872284,6760.702924838037,"[5115.738612316313, 6916.176765798908, 6911.210545798114, 6919.199690916433, 6907.585081628112, 6956.838187217855, 6953.982259106112, 6979.549810414237, 6959.354940013418, 6987.393355170863]","[120.09995947033167, 88.83520777523518, 88.89904249459505, 88.79639661312103, 88.94570139050484, 88.3159825578332, 88.35225301235914, 88.02860022336245, 88.28404432535172, 87.92978565394878]",2656.90625,2666.328125,61.58984375,61.58984375,0.0,134.0,134.0,
6,sne_benchmark_2819569_6,OK,4,10,1024,40960,1478.4908478930593,656.2104037255049,785.8976195454597,819.7836399227381,629.18385540694,641.528247050941,653.0268388465047,75.2495456263423,78.58976195454598,102.4390344247222,12588.128569204888,"[9653.599933258558, 12744.676322195372, 12811.703342377734, 12788.266935679661, 12870.360566911892, 12971.578308682117, 12955.143616390535, 12965.619992605221, 13065.885341739127, 13054.451332208668]","[106.07441856712103, 80.34727396070957, 79.92692092806101, 80.0733989328146, 79.56265053153038, 78.94182000309229, 79.04196435958147, 78.97809750586748, 78.37203321605921, 78.44067697227001]",2462.1259765625,2469.30859375,117.142578125,117.142578125,0.0,260.0,260.0,
6,sne_benchmark_2819569_6,ERROR,4,8,2048,65536,,,,,,,,,,,,,,,,,,,,,
6,sne_benchmark_2819569_6,ERROR,4,4,4096,65536,,,,,,,,,,,,,,,,,,,,,
6,sne_benchmark_2819569_6,OK,4,4,32,512,228.24810656532645,72.23534196615219,147.21690572425723,153.83337835222483,65.0749785527587,67.6743449550122,69.06135104969144,13.34812731295824,14.721690572425723,25.19718450307846,861.710189173905,"[487.35751067230615, 911.1459325900382, 917.0629927313922, 898.9003583683758, 901.379756539346, 899.7892599992562, 896.6120457122051, 904.4434158770268, 899.0514854798952, 901.3591337692075]","[26.26408687606454, 14.048243582248688, 13.957601714879274, 14.23962053284049, 14.200452037155628, 14.225553214550018, 14.275962565094233, 14.15235024690628, 14.237226907163858, 14.200776938349009]",1931.064453125,1951.55859375,3.5853271484375,3.5869140625,0.0,26.0,26.0,
6,sne_benchmark_2819569_6,OK,4,2,64,512,159.03367132321,57.50027525797486,93.6052743308246,99.29641710594296,53.73723809421063,53.99952358473092,54.294900722801685,8.519508223980665,9.360527433082462,15.503016147762535,1330.282372828567,"[776.538349557834, 1414.7202605040598, 1407.2820126315532, 1408.304708963531, 1386.943706998093, 1393.3609352828878, 1395.6274984100592, 1389.4461562810689, 1392.4196108905153, 1338.1804887660678]","[16.483410004526377, 9.047725092619658, 9.09554722160101, 9.088942129164934, 9.22892539575696, 9.186420887708664, 9.171501718461514, 9.212303724139929, 9.192631229758263, 9.565226893872023]",1749.173828125,1758.34375,6.2138671875,6.2138671875,0.0,24.0,24.0,
6,sne_benchmark_2819569_6,OK,4,1,128,512,83.05337395891547,52.09366458654404,23.282633922994137,29.28627587482333,48.69320176914334,48.750207766890526,48.89130860939622,1.9154401421546936,2.3282633922994136,5.892927389591932,4823.011648829347,"[1856.0492915822388, 5171.765276038134, 5213.4018938733925, 5169.622560996835, 5054.595395975841, 5225.009869884615, 5096.109994824798, 5217.318871238437, 5109.638610443602, 5116.604723435573]","[6.896368570625782, 2.4749769791960716, 2.4552106782794, 2.476002812385559, 2.532349079847336, 2.4497561380267143, 2.511719726026058, 2.45336739346385, 2.5050695315003395, 2.5016589500010014]",1928.0712890625,1932.94140625,16.78662109375,16.78662109375,0.0,42.0,42.0,
6,sne_benchmark_2819569_6,ERROR,2,160,256,81920,,,,,,,,,,,,,,,,,,,,,
6,sne_benchmark_2819569_6,OK,2,32,32,2048,1259.7581288330257,359.7717319428921,890.1463493555784,897.2769022919238,356.6347187682986,356.6525624971837,356.67040622606874,77.51689909771085,89.01463493555784,167.91903392970562,600.2255093666407,"[302.7310545214649, 643.6759727800985, 648.9813061780211, 641.0898159075819, 640.9522608769805, 654.2910795225326, 630.7270110094822, 625.5074707933483, 610.8113911850253, 603.4877308918724]","[169.1270163245499, 79.54312754422426, 78.89287335798144, 79.86400458961725, 79.88114423677325, 78.25263342633843, 81.17616513371468, 81.85353875160217, 83.82292920351028, 84.84016721323133]",4398.8515625,4401.57421875,7.54541015625,7.54541015625,0.0,26.0,26.0,
6,sne_benchmark_2819569_6,ERROR,8,40,512,163840,,,,,,,,,,,,,,,,,,,,,
6,sne_benchmark_2819569_6,ERROR,8,32,1024,262144,,,,,,,,,,,,,,,,,,,,,
6,sne_benchmark_2819569_6,ERROR,8,20,2048,327680,,,,,,,,,,,,,,,,,,,,,
6,sne_benchmark_2819326_6,ERROR,32,4,128,16384,,,,,,,,,,,,,,,,,,,,,[benchmark] N=4 > 1 requires a catalog_dir_override
6,sne_benchmark_2819326_6,ERROR,32,2,32,2048,,,,,,,,,,,,,,,,,,,,,[benchmark] N=2 > 1 requires a catalog_dir_override
6,sne_benchmark_2819326_6,ERROR,20,16,512,163840,,,,,,,,,,,,,,,,,,,,,[benchmark] N=16 > 1 requires a catalog_dir_override
6,sne_benchmark_2819569_6,OK,1,16,32,512,528.4212890900671,197.5261922813952,322.16269379109144,328.52607744932175,194.4088029898703,194.4088029898703,194.4088029898703,26.902897160500288,32.21626937910914,71.8395486548543,423.3594557399678,"[175.5211562644212, 436.06102941348854, 453.37049623930733, 465.37659851934814, 453.7339945867691, 448.72623419732224, 459.658949001794, 446.28627243652153, 449.70671809499504, 445.1531086457109]","[72.92568185180426, 29.35368936136365, 28.23297966271639, 27.504606034606695, 28.21036147326231, 28.525187574326992, 27.846732947975397, 28.68114210665226, 28.46299484744668, 28.754151664674282]",2991.0,2991.0,5.27685546875,5.27685546875,0.0,26.0,26.0,
6,sne_benchmark_2819569_6,OK,1,12,64,768,442.7572725228965,138.6457084454596,295.96379220858216,301.80904273316264,135.49129354953766,135.49129354953766,135.49129354953766,26.270850125700235,29.596379220858218,57.11205318942666,671.3027089406182,"[330.35966788967374, 704.5624976548067, 707.9496623864204, 705.9899561635746, 709.761715975648, 704.7164522660354, 708.0956771227421, 713.4615657979559, 716.3336333140165, 711.7962608353088]","[58.11847469955683, 27.250953696668148, 27.120572295039892, 27.19585432112217, 27.051332253962755, 27.24500036612153, 27.114979825913906, 26.91105018183589, 26.803153038024902, 26.97401076182723]",2626.37109375,2626.37109375,8.39697265625,8.39697265625,0.0,26.0,26.0,
6,sne_benchmark_2819569_6,OK,1,10,128,1280,435.4106983616948,130.22557977586985,296.4183106981218,302.8319791443646,127.05519430339336,127.05519430339336,127.05519430339336,26.777126021683216,29.641831069812177,52.80279387533665,1100.6267574973551,"[594.2438107986048, 1153.713324921835, 1144.891682315307, 1154.8326623041012, 1157.0113068745702, 1164.546043287798, 1161.6474426045065, 1146.2156650417946, 1162.912322240839, 1166.2533145841946]","[53.84995084255934, 27.73652631789446, 27.95024236291647, 27.709642309695482, 27.657465238124132, 27.4785185046494, 27.547084275633097, 27.917957305908203, 27.51712178811431, 27.438292864710093]",2456.05859375,2456.05859375,14.9501953125,14.9501953125,0.0,44.0,44.0,
6,sne_benchmark_2819569_6,OK,1,8,256,2048,379.6143744438887,142.37822019308803,228.34874720871449,234.86778189986944,139.2192095182836,139.2192095182836,139.2192095182836,20.628429275006056,22.834874720871447,41.26210570707917,2275.274537793125,"[1209.4522506803676, 2390.3277140283617, 2399.2228504692002, 2411.7066311856765, 2393.1286532131867, 2394.5771823559594, 2392.0546767044634, 2369.2457220814667, 2411.5137701910644, 2381.515927021503]","[42.333213213831186, 21.419657103717327, 21.340243566781282, 21.22977950051427, 21.394587345421314, 21.381645318120718, 21.40419301390648, 21.6102532222867, 21.231477353721857, 21.498911436647177]",2310.9609375,2310.9609375,28.0966796875,28.0966796875,0.0,66.0,66.0,
6,sne_benchmark_2819569_6,OK,1,4,384,1536,235.58218409493568,124.4947974346578,102.09753630310296,108.89984452351928,121.34121927246451,121.34121927246451,121.34121927246451,8.926142621785402,10.209753630310296,21.39461022242904,3772.453042449418,"[1705.2942084031192, 3967.236735600578, 3985.477757440671, 3951.8197303084394, 4026.389708443292, 4000.1995529566, 4013.4157105613717, 4039.5350876677685, 3993.2056484689692, 4041.9562846433714]","[22.518108494579792, 9.67928121238947, 9.634980380535126, 9.717042431235313, 9.537079811096191, 9.599521096795797, 9.56790992245078, 9.506044425070286, 9.616334188729525, 9.500350151211023]",1936.5234375,1936.5234375,37.6630859375,37.6630859375,0.0,106.0,106.0,
6,sne_benchmark_2819569_6,OK,1,2,512,1024,152.65157144889235,84.91505241394043,59.21843129396439,65.55495458096266,81.75430687144399,81.75430687144399,81.75430687144399,5.230827931314707,5.921843129396438,11.917578551918268,4142.624978470598,"[1973.4967113564944, 4360.749582288949, 4368.0393277356025, 4389.727955557524, 4386.1238223008295, 4401.338112021381, 4364.100761808107, 4393.9860265077905, 4390.080502819834, 4398.606982309463]","[12.97189899161458, 5.870550353080034, 5.86075309291482, 5.83179647102952, 5.836588531732559, 5.816412951797247, 5.866042375564575, 5.826145064085722, 5.831328146159649, 5.820024408400059]",1810.35546875,1810.35546875,47.2490234375,47.2490234375,0.0,124.0,124.0,
6,sne_benchmark_2819569_6,OK,1,1,1024,1024,87.78394555300474,62.975780088454485,15.892958853393791,22.35915227234364,59.98173534870148,59.98173534870148,59.98173534870148,1.1520345732569697,1.5892958853393793,5.467485923320055,13873.166951920824,"[3666.3329963101846, 14847.85684441307, 14937.928356237107, 15090.919316685877, 14840.17537126387, 14976.916811603367, 15094.18970990809, 15082.86905350424, 15082.596673942107, 15111.884385340303]","[6.982453592121601, 1.7241545543074608, 1.7137583866715431, 1.6963843926787376, 1.7250469997525215, 1.7092970684170723, 1.6960168443620205, 1.697289813309908, 1.6973204649984837, 1.6940309591591358]",2008.5078125,2008.5078125,77.26904296875,77.26904296875,0.0,244.0,244.0,
6,sne_benchmark_2819569_6,OK,2,20,64,2560,929.2824292182922,290.0719127394259,629.9755331985652,636.692509856075,286.8923797905445,286.89757465571165,286.9027695208788,56.96612058579922,62.99755331985652,113.56063186749816,1048.8742920186432,"[558.3836915047689, 1090.2561340653942, 1110.5130329185606, 1099.3006941698684, 1106.1859261177588, 1102.2629631844281, 1108.875334527992, 1103.3839601750342, 1111.3091458388635, 1098.2720376837633]","[114.61652797833085, 58.701802264899015, 57.631021071225405, 58.21882978826761, 57.85645838454366, 58.062369994819164, 57.71613634750247, 58.00338079035282, 57.589735709130764, 58.27335833385587]",3340.365234375,3343.7578125,10.1435546875,10.1435546875,0.0,28.0,28.0,
6,sne_benchmark_2819569_6,OK,2,16,128,4096,763.8351571150124,198.7652728818357,553.7006325386465,562.481552388519,195.672230578959,195.6847381778061,195.6972457766533,50.48502508550882,55.37006325386464,96.28046744316816,1889.2146808096688,"[1049.3641648211312, 1990.2748298862014, 1974.2377010251873, 1971.5156075093294, 1973.8884408594693, 1989.9082834378016, 1976.272285638398, 1968.8609112641743, 1999.835736077402, 1997.988847577594]","[97.5829015634954, 51.450180880725384, 51.86812102049589, 51.939735911786556, 51.87729857489467, 51.45965814217925, 51.81472246721387, 52.00976839661598, 51.20420550182462, 51.25153732672334]",2991.298828125,2996.12109375,17.14501953125,17.14501953125,0.0,46.0,46.0,
6,sne_benchmark_2819569_6,OK,2,12,256,6144,585.4941511973739,160.3226080313325,413.7462577298284,422.88635601103306,155.29541646689177,156.2595011871308,157.22358590736985,37.94393829628825,41.37462577298284,69.48834447935224,3750.8169805660423,"[2170.1086946658374, 3897.2448192438524, 3906.8773651490346, 3903.471286683991, 3935.5481243456893, 3939.396134167933, 3946.111851212902, 3918.6150642843672, 3929.737537562011, 3961.058928344812]","[70.779864795506, 39.412458576262, 39.31528574973345, 39.349591355770826, 39.02887098491192, 38.99074750766158, 38.924390841275454, 39.197521951049566, 39.086579836905, 38.777509443461895]",2642.345703125,2645.32421875,30.984375,30.984375,0.0,68.0,68.0,
6,sne_benchmark_2819569_6,OK,2,10,384,7680,509.0700523778796,144.62898223102093,352.5567485801876,362.1012454479933,141.4757626466453,141.48637891002,141.49699517339468,32.35040243715048,35.25567485801876,59.524896912276745,5478.045240779401,"[3157.5090116677998, 5773.967632126221, 5719.452629962266, 5737.891216259562, 5675.383045854894, 5766.845426059478, 5717.703879732347, 5712.143383343756, 5750.114620493602, 5769.441562294085]","[60.807427402585745, 33.25269766524434, 33.56964598223567, 33.46177066862583, 33.83031567186117, 33.293765623122454, 33.5799132026732, 33.61260163038969, 33.39063873887062, 33.278784077614546]",2466.16015625,2469.828125,44.13134765625,44.13134765625,0.0,108.0,108.0,
6,sne_benchmark_2819569_6,OK,2,8,512,8192,412.71623234450817,129.86727207899094,270.5304483808577,280.36624517291784,121.728265106678,124.21445879340172,126.70065248012544,24.765896420925856,27.05304483808577,46.635624788701534,7565.709224924753,"[4270.389655184539, 7953.590788806926, 7922.635271312893, 7933.119516673783, 7919.132668471037, 7920.378111864273, 7978.400819132001, 7841.229131290718, 7949.715808611412, 7968.500477899946]","[47.958152893930674, 25.74937602877617, 25.849984630942345, 25.815821830183268, 25.86141798272729, 25.857351392507553, 25.669304493814707, 26.118354223668575, 25.76192720979452, 25.701196927577257]",2281.46484375,2287.1875,55.853515625,55.853515625,0.0,130.0,130.0,
6,sne_benchmark_2819569_6,OK,2,4,1024,8192,241.3951518312097,98.34954407438636,130.35069115832448,140.904497012496,95.19976963475348,95.21026450581849,95.2207593768835,11.769910644739866,13.035069115832448,24.00189397856593,15174.44296708194,"[8055.077432839008, 15704.513367421003, 15968.267779303002, 15948.177912644696, 15955.043813324766, 16032.938868229407, 15822.221982717678, 16045.85688077696, 16089.819906424083, 16122.511727138797]","[25.42495732754469, 13.040837064385414, 12.825436223298311, 12.841592382639647, 12.836066287010908, 12.773703042417765, 12.943820420652628, 12.763419337570667, 12.72854520380497, 12.702735371887684]",1934.7890625,1947.890625,99.95703125,99.95703125,0.0,250.0,250.0,
6,sne_benchmark_2819569_6,OK,2,2,2048,8192,160.79063191264868,78.54850854352117,69.96145337074995,80.0988046452403,75.42497838288546,75.43402519077063,75.4430719986558,6.231417365372181,6.996145337074995,13.301116973161696,26772.1949290348,"[13942.755009428058, 28127.91278055606, 27628.4304012577, 28358.508159503523, 28366.840956421845, 28395.572881197055, 28501.014278185263, 27122.7787257236, 28549.862109519207, 28728.273988555724]","[14.688632186502218, 7.2810237146914005, 7.412654176354408, 7.221818540245295, 7.219697121530771, 7.212391905486584, 7.185709182173014, 7.550848755985498, 7.173414681106806, 7.1288654543459415]",1760.080078125,1760.859375,188.1875,188.1875,0.0,490.0,490.0,
6,sne_benchmark_2819569_6,OK,2,1,4096,8192,98.22976000607014,66.96372110769153,19.366561222821478,29.602591697126627,59.31123339384794,61.557712057605386,63.80419072136283,1.5297288484871387,1.9366561222821477,5.50694740191102,76197.62027357405,"[29687.104862798682, 75620.4586672965, 80848.38631467285, 81355.29426361193, 82111.32470520592, 82412.26102906304, 77797.902106481, 83413.07304436891, 83936.65857365013, 84793.73916859161]","[6.898618135601282, 2.7082618065178394, 2.533136520534754, 2.5173530727624893, 2.494174838066101, 2.485067117959261, 2.632461730390787, 2.4552506282925606, 2.4399351067841053, 2.4152726605534554]",1935.10546875,1939.38671875,284.64990234375,284.64990234375,0.0,954.0,954.0,
6,sne_benchmark_2819569_6,OK,2,1,32,64,69.4032505005598,46.36650779098272,15.271976996213198,21.389530047774315,43.21953699365258,43.23215485922992,43.24477272480726,1.0500458888709543,1.5271976996213197,5.57315368950367,898.0417294135628,"[245.4207774698011, 1000.6957989892658, 974.1408511251592, 962.4131911816789, 953.7969544602746, 971.6541499691889, 961.6346618705801, 984.6157683424781, 944.535664095349, 981.5094766318525]","[6.51941541582346, 1.5988874956965446, 1.6424729526042938, 1.6624876037240028, 1.6775058805942535, 1.646676443517208, 1.663833536207676, 1.6249993667006493, 1.6939540356397629, 1.6301421821117401]",1925.78125,1928.66796875,10.35107421875,10.35498046875,0.0,26.0,26.0,
6,sne_benchmark_2819326_6,ERROR,20,12,128,30720,,,,,,,,,,,,,,,,,,,,,[benchmark] N=12 > 1 requires a catalog_dir_override
6,sne_benchmark_2819326_6,ERROR,20,10,32,6400,,,,,,,,,,,,,,,,,,,,,[benchmark] N=10 > 1 requires a catalog_dir_override
6,sne_benchmark_2819326_6,ERROR,20,4,512,40960,,,,,,,,,,,,,,,,,,,,,[benchmark] N=4 > 1 requires a catalog_dir_override
6,sne_benchmark_2819326_6,ERROR,20,2,128,5120,,,,,,,,,,,,,,,,,,,,,[benchmark] N=2 > 1 requires a catalog_dir_override
6,sne_benchmark_2819326_6,ERROR,20,1,32,640,,,,,,,,,,,,,,,,,,,,,
6,sne_benchmark_2819326_6,ERROR,10,20,512,102400,,,,,,,,,,,,,,,,,,,,,[benchmark] N=20 > 1 requires a catalog_dir_override
6,sne_benchmark_2819326_6,ERROR,10,16,128,20480,,,,,,,,,,,,,,,,,,,,,[benchmark] N=16 > 1 requires a catalog_dir_override
6,sne_benchmark_2819326_6,ERROR,10,12,32,3840,,,,,,,,,,,,,,,,,,,,,[benchmark] N=12 > 1 requires a catalog_dir_override
6,sne_benchmark_2819326_6,ERROR,10,8,512,40960,,,,,,,,,,,,,,,,,,,,,[benchmark] N=8 > 1 requires a catalog_dir_override
6,sne_benchmark_2819326_6,ERROR,10,4,128,5120,,,,,,,,,,,,,,,,,,,,,[benchmark] N=4 > 1 requires a catalog_dir_override
6,sne_benchmark_2819326_6,ERROR,10,2,32,640,,,,,,,,,,,,,,,,,,,,,[benchmark] N=2 > 1 requires a catalog_dir_override
6,sne_benchmark_2819326_6,ERROR,8,40,512,163840,,,,,,,,,,,,,,,,,,,,,[benchmark] N=40 > 1 requires a catalog_dir_override
6,sne_benchmark_2819326_6,ERROR,8,32,128,32768,,,,,,,,,,,,,,,,,,,,,[benchmark] N=32 > 1 requires a catalog_dir_override
6,sne_benchmark_2819326_6,ERROR,8,20,32,5120,,,,,,,,,,,,,,,,,,,,,[benchmark] N=20 > 1 requires a catalog_dir_override
6,sne_benchmark_2819326_6,ERROR,8,12,512,49152,,,,,,,,,,,,,,,,,,,,,[benchmark] N=12 > 1 requires a catalog_dir_override
6,sne_benchmark_2819326_6,ERROR,8,10,128,10240,,,,,,,,,,,,,,,,,,,,,[benchmark] N=10 > 1 requires a catalog_dir_override
6,sne_benchmark_2819326_6,ERROR,8,8,32,2048,,,,,,,,,,,,,,,,,,,,,[benchmark] N=8 > 1 requires a catalog_dir_override
6,sne_benchmark_2819326_6,ERROR,8,2,512,8192,,,,,,,,,,,,,,,,,,,,,[benchmark] N=2 > 1 requires a catalog_dir_override
6,sne_benchmark_2819326_6,ERROR,8,1,128,1024,,,,,,,,,,,,,,,,,,,,,
6,sne_benchmark_2819326_6,ERROR,4,40,32,5120,,,,,,,,,,,,,,,,,,,,,[benchmark] N=40 > 1 requires a catalog_dir_override
6,sne_benchmark_2819326_6,ERROR,4,20,512,40960,,,,,,,,,,,,,,,,,,,,,[benchmark] N=20 > 1 requires a catalog_dir_override
6,sne_benchmark_2819326_6,ERROR,4,16,128,8192,,,,,,,,,,,,,,,,,,,,,[benchmark] N=16 > 1 requires a catalog_dir_override
6,sne_benchmark_2819326_6,ERROR,4,12,32,1536,,,,,,,,,,,,,,,,,,,,,[benchmark] N=12 > 1 requires a catalog_dir_override
6,sne_benchmark_2819326_6,ERROR,4,8,512,16384,,,,,,,,,,,,,,,,,,,,,[benchmark] N=8 > 1 requires a catalog_dir_override
6,sne_benchmark_2819326_6,ERROR,4,4,128,2048,,,,,,,,,,,,,,,,,,,,,[benchmark] N=4 > 1 requires a catalog_dir_override
6,sne_benchmark_2819326_6,ERROR,4,2,32,256,,,,,,,,,,,,,,,,,,,,,[benchmark] N=2 > 1 requires a catalog_dir_override
6,sne_benchmark_2819326_6,ERROR,2,40,512,40960,,,,,,,,,,,,,,,,,,,,,[benchmark] N=40 > 1 requires a catalog_dir_override
6,sne_benchmark_2819326_6,ERROR,2,32,128,8192,,,,,,,,,,,,,,,,,,,,,[benchmark] N=32 > 1 requires a catalog_dir_override
6,sne_benchmark_2819326_6,ERROR,2,20,32,1280,,,,,,,,,,,,,,,,,,,,,[benchmark] N=20 > 1 requires a catalog_dir_override
6,sne_benchmark_2819326_6,ERROR,2,12,512,12288,,,,,,,,,,,,,,,,,,,,,[benchmark] N=12 > 1 requires a catalog_dir_override
6,sne_benchmark_2819326_6,ERROR,2,10,128,2560,,,,,,,,,,,,,,,,,,,,,[benchmark] N=10 > 1 requires a catalog_dir_override
6,sne_benchmark_2819326_6,ERROR,2,8,32,512,,,,,,,,,,,,,,,,,,,,,[benchmark] N=8 > 1 requires a catalog_dir_override
6,sne_benchmark_2819326_6,ERROR,2,2,512,2048,,,,,,,,,,,,,,,,,,,,,[benchmark] N=2 > 1 requires a catalog_dir_override
6,sne_benchmark_2819326_6,ERROR,2,1,128,256,,,,,,,,,,,,,,,,,,,,,
6,sne_benchmark_2819326_6,ERROR,1,40,32,1280,,,,,,,,,,,,,,,,,,,,,[benchmark] N=40 > 1 requires a catalog_dir_override
6,sne_benchmark_2819326_6,ERROR,1,20,512,10240,,,,,,,,,,,,,,,,,,,,,[benchmark] N=20 > 1 requires a catalog_dir_override
6,sne_benchmark_2819326_6,ERROR,1,16,128,2048,,,,,,,,,,,,,,,,,,,,,[benchmark] N=16 > 1 requires a catalog_dir_override
6,sne_benchmark_2819326_6,ERROR,1,12,32,384,,,,,,,,,,,,,,,,,,,,,[benchmark] N=12 > 1 requires a catalog_dir_override
6,sne_benchmark_2819326_6,ERROR,1,8,512,4096,,,,,,,,,,,,,,,,,,,,,[benchmark] N=8 > 1 requires a catalog_dir_override
6,sne_benchmark_2819326_6,ERROR,1,4,128,512,,,,,,,,,,,,,,,,,,,,,[benchmark] N=4 > 1 requires a catalog_dir_override
6,sne_benchmark_2819326_6,ERROR,1,2,32,64,,,,,,,,,,,,,,,,,,,,,[benchmark] N=2 > 1 requires a catalog_dir_override
6,sne_benchmark_2818035_6,ERROR,1,300,32,9600,,,,,,,,,,,,,,,,,,,,,
6,sne_benchmark_2818035_6,OK,1,1,640,640,57.98674055933952,37.028889272362,13.302555188536644,19.274083767086267,33.90565958991647,33.90565958991647,33.90565958991647,0.967094536870718,1.3302555188536644,4.562551598995924,9894.949904208814,"[2770.2112158432283, 10630.001016725882, 10701.733816919837, 10685.55190673868, 10650.765792915825, 10708.46867131109, 10718.603901368439, 10734.075756150292, 10630.5914793767, 10719.495484738167]","[5.775732878595591, 1.5051738917827606, 1.4950848408043385, 1.4973489567637444, 1.5022393986582756, 1.4941445402801037, 1.4927317164838314, 1.4905801266431808, 1.5050902888178825, 1.4926075600087643]",1916.7734375,1916.7734375,51.35009765625,51.35009765625,0.0,164.0,164.0,
6,sne_benchmark_2818035_6,OK,1,1,32,32,39.98229848220944,22.385466888546944,10.513262774795294,15.91700940206647,19.048869609832764,19.048869609832764,19.048869609832764,0.8209728598594666,1.0513262774795291,2.9415959864854813,561.6702213172243,"[204.1471716199295, 581.5268454942354, 599.6535168616007, 596.2591722434746, 604.4537697570631, 610.8361635932565, 604.5069538575949, 597.4933938777142, 606.614419767025, 611.2108061003498]","[3.9187415316700935, 1.3756888546049595, 1.3341037407517433, 1.3416984379291534, 1.3235089927911758, 1.3096801526844501, 1.3233925513923168, 1.338926937431097, 1.3187948949635029, 1.308877382427454]",1852.9765625,1852.9765625,10.35498046875,10.35498046875,0.0,26.0,26.0,
6,sne_benchmark_2818035_6,OK,1,1,32,32,77.29956348985434,52.429964262992144,12.54972117766738,20.028365470469,49.14354573190212,49.14354573190212,49.14354573190212,0.8234145157039165,1.254972117766738,4.814397804439068,544.4996061277159,"[101.5663973793133, 604.0137578140146, 589.0996860435497, 599.976617636586, 589.1818981749846, 584.8540424958973, 590.6197824722115, 591.5158012605699, 594.3467197073928, 599.8213582926389]","[7.876620817929506, 1.3244731426239014, 1.3580044582486153, 1.3333852961659431, 1.3578149676322937, 1.3678626492619514, 1.3545093201100826, 1.3524575307965279, 1.3460156731307507, 1.3337304331362247]",2013.44140625,2013.44140625,10.35498046875,10.35498046875,0.0,26.0,26.0,
6,sne_benchmark_2819569_6,OK,1,16,4096,65536,1546.5505376309156,610.3107979483902,885.606372050941,933.7137027531862,607.1342938989401,607.1342938989401,607.1342938989401,84.08127471804619,88.5606372050941,124.95818804204464,17774.26178661471,"[12592.929632672704, 18240.15259979951, 18303.967789160968, 18348.040587574396, 18362.75776066315, 18339.452277208766, 18339.390146247093, 18344.881547603396, 18378.756011146845, 18492.289514070253]","[130.10475304722786, 89.8238099180162, 89.51064702868462, 89.29563852772117, 89.22407088056207, 89.33745540678501, 89.33775806799531, 89.31101548671722, 89.1464035436511, 88.59908875823021]",3010.83984375,3010.83984375,536.33984375,536.33984375,0.0,1050.0,1050.0,
6,sne_benchmark_2820709_6,ERROR,2,48,2048,196608,,,,,,,,,,,,,,,,,,,,,
6,sne_benchmark_2819569_6,ERROR,10,10,4096,409600,,,,,,,,,,,,,,,,,,,,,
6,sne_benchmark_2819569_6,OK,10,10,32,3200,1116.774132117629,166.7726182192564,939.3420199751854,947.1069292128086,161.89501079916954,162.55948564261195,163.09827598929405,90.13065525889397,93.93420199751854,119.60064858943224,850.4700722200796,"[662.6039414916594, 872.3531250209958, 862.2951499400026, 868.5354066588196, 874.7724040970676, 870.630878829516, 881.0962978645762, 874.7609721883231, 864.3689926463097, 873.2835534635263]","[120.73577440530062, 91.70598202198744, 92.77565808594227, 92.10908316075802, 91.45235906541348, 91.88739102333784, 90.79597791284323, 91.45355422049761, 92.55306550860405, 91.60827509313822]",2457.88046875,2473.61328125,4.432373046875,4.435546875,0.0,26.0,26.0,
6,sne_benchmark_2819569_6,OK,10,8,64,5120,1025.2882814183831,178.55730897188187,834.5092717632651,843.6393811777234,171.17218754440546,172.99061741903424,174.67440923303366,80.57379116863012,83.45092717632652,103.20772536098956,1525.340665668566,"[1224.0188945104778, 1556.8990125536056, 1545.3840201672006, 1551.3137327870425, 1561.4015188220856, 1573.6660395860195, 1550.6035025201497, 1558.58063071966, 1561.9648996062665, 1569.5744054131517]","[104.57354912906885, 82.21470947563648, 82.82730915397406, 82.51071159541607, 81.97763256728649, 81.33873184025288, 82.54850436747074, 82.12600456923246, 81.9480642825365, 81.55076915025711]",2286.8484375,2302.4140625,7.522412109375,7.5234375,0.0,24.0,24.0,
6,sne_benchmark_2819569_6,OK,10,4,128,5120,599.8435002416372,138.5485205054283,449.2952823266387,458.7666863501072,134.47033904492855,134.6692969441414,134.89363538473845,43.45615889877081,44.92952823266387,55.98506334424019,2805.7917775538435,"[2239.225514201203, 2861.772999529449, 2868.9475920778837, 2864.319811818291, 2849.6043576115408, 2868.9916095061894, 2870.0893250568965, 2871.388557166331, 2888.397349745324, 2875.1806588253253]","[57.16262126713991, 44.7275168299675, 44.61566337198019, 44.687747322022915, 44.918516375124454, 44.61497885733843, 44.59791508316994, 44.577735632658005, 44.31523246318102, 44.51894165575504]",1923.398046875,1949.9921875,12.7548828125,12.7548828125,0.0,44.0,44.0,
6,sne_benchmark_2819569_6,OK,10,2,256,5120,391.9086893200874,126.191989839077,254.01379794627428,263.40137238800526,111.1068644747138,118.6951602436602,122.41582561284304,24.599437952041622,25.401379794627427,31.790607638657093,4889.2601566827,"[3867.334444284861, 5000.547488150029, 5007.63376995624, 4966.5728280705425, 4985.69108503086, 5011.383818106826, 5022.319759169081, 5026.059490130023, 5029.62495339602, 4975.433930532516]","[33.09773226082325, 25.59719716757536, 25.560974679887295, 25.772299014031887, 25.67347190529108, 25.541847251355648, 25.486230693757534, 25.46726720035076, 25.44921364635229, 25.726399302482605]",1752.323828125,1757.56640625,23.76513671875,23.76513671875,0.0,62.0,62.0,
6,sne_benchmark_2819569_6,ERROR,80,4,4096,1310720,,,,,,,,,,,,,,,,,,,,,
6,sne_benchmark_2820709_6,ERROR,1,48,2048,98304,,,,,,,,,,,,,,,,,,,,,
7,sne_benchmark_2819561_7,OK,2,4,2048,16384,274.0792388319969,121.08509454131126,135.44838865473866,150.85445926338434,117.93367759138346,117.95484032668172,117.97600306198,12.3135474473238,13.544838865473867,23.74908098205924,28113.90996155461,"[15923.842776780899, 29294.319973674195, 29320.307884777012, 29041.459632043923, 29419.409511870923, 29241.95785431425, 29617.03541987771, 29425.533018022415, 29848.051814629714, 30007.18172955512]","[25.72243432328105, 13.982232745736837, 13.969839662313461, 14.103974290192127, 13.922781143337488, 14.007270034402609, 13.829878453165293, 13.919883787631989, 13.722838681191206, 13.650065630674362]",1937.03515625,1946.78515625,199.63671875,199.63671875,0.0,496.0,496.0,
7,sne_benchmark_2819561_7,OK,2,2,4096,16384,212.26842465996745,111.01945415884256,82.3069346062839,99.13794715330005,97.1779064834118,102.50808470509946,107.83826292678714,7.3857212625443935,8.230693460628391,14.019520346075296,42552.302491545925,"[25350.92212978685, 43932.802220606536, 43317.34711663321, 44162.778990505525, 43610.98314530592, 43501.952611120694, 43831.35770488487, 46104.846360331525, 45428.043021419755, 46281.991614864346]","[16.157203193753958, 9.323329705744982, 9.455796055495739, 9.27477865666151, 9.392129469662905, 9.415669307112694, 9.344907879829407, 8.884098578244448, 9.016457077115774, 8.850094512104988]",1760.2578125,1767.328125,376.10546875,376.10546875,0.0,956.0,956.0,
7,sne_benchmark_2819561_7,OK,2,2,32,128,106.8803467527032,54.8179870583117,44.34569664672017,49.893410202115774,51.66396062076092,51.665936363860965,51.66791210696101,3.482073236256838,4.434569664672017,10.73522237315774,707.3001879483768,"[273.4978943319562, 726.9475215414809, 742.6668514120004, 745.6398636946409, 723.3111190615687, 778.9374267346643, 746.9621216589132, 739.2081525624684, 802.9996413686553, 792.8312871174201]","[11.700272895395756, 4.401968374848366, 4.308796055614948, 4.291616041213274, 4.424099002033472, 4.10816054046154, 4.2840191051363945, 4.328956585377455, 3.985057819634676, 4.036167658865452]",1756.857421875,1759.9375,3.301513671875,3.3046875,0.0,26.0,26.0,
7,sne_benchmark_2819561_7,OK,2,1,64,128,66.00685506314039,45.51149017736316,13.446934029459952,18.856228824704885,42.31963384896517,42.33301640115678,42.3463989533484,0.93228305503726,1.3446934029459954,4.948250874876976,2057.1277083693253,"[543.2678089603367, 2206.417121010754, 2212.0301286153895, 2229.5325470664716, 2221.5412986236734, 2216.771650141304, 2228.7762676061757, 2235.8766443354857, 2230.1331172699533, 2246.9305000637096]","[5.890280902385712, 1.4503150694072247, 1.4466349072754383, 1.4352784417569637, 1.4404413737356663, 1.4435406550765038, 1.4357654675841331, 1.4312059693038464, 1.4348919242620468, 1.4241650998592377]",1928.171875,1935.0234375,12.4990234375,12.4990234375,0.0,22.0,22.0,
7,sne_benchmark_2820670_7,ERROR,1,48,4096,196608,,,,,,,,,,,,,,,,,,,,,
7,sne_benchmark_2820670_7,ERROR,2,48,4096,393216,,,,,,,,,,,,,,,,,,,,,
7,sne_benchmark_2819319_7,ERROR,20,10,64,12800,,,,,,,,,,,,,,,,,,,,,
7,sne_benchmark_2819319_7,ERROR,20,12,256,61440,,,,,,,,,,,,,,,,,,,,,
7,sne_benchmark_2819319_7,ERROR,20,16,1024,327680,,,,,,,,,,,,,,,,,,,,,
7,sne_benchmark_2819319_7,ERROR,32,2,64,4096,,,,,,,,,,,,,,,,,,,,,
7,sne_benchmark_2819319_7,ERROR,32,4,256,32768,,,,,,,,,,,,,,,,,,,,,
7,sne_benchmark_2819319_7,ERROR,32,8,1024,262144,,,,,,,,,,,,,,,,,,,,,
7,sne_benchmark_2819319_7,ERROR,32,12,64,24576,,,,,,,,,,,,,,,,,,,,,
7,sne_benchmark_2819319_7,ERROR,40,1,256,10240,,,,,,,,,,,,,,,,,,,,,
7,sne_benchmark_2819319_7,ERROR,40,2,1024,81920,,,,,,,,,,,,,,,,,,,,,
7,sne_benchmark_2817934_7,ERROR,1,300,32,9600,,,,,,,,,,,,,,,,,,,,,
7,sne_benchmark_2819561_7,ERROR,4,8,4096,131072,,,,,,,,,,,,,,,,,,,,,
7,sne_benchmark_2819561_7,ERROR,4,10,2048,81920,,,,,,,,,,,,,,,,,,,,,
7,sne_benchmark_2819561_7,OK,4,12,1024,49152,1789.262898970395,790.259029224515,956.4717044793068,996.3611660525204,785.5181896723807,786.285937493667,787.0504911802709,91.9860064163804,95.64717044793068,121.04426562413572,12408.823140226565,"[9808.275967733032, 12520.052178135313, 12486.206705352723, 12601.30935596843, 12663.384062895155, 12729.40892785869, 12702.518766784362, 12850.51150121829, 12855.719713590905, 12870.844222728727]","[125.28195618093014, 98.14655582234263, 98.41259471327066, 97.51367618143559, 97.03567339479923, 96.53236901760101, 96.73671990260482, 95.62265283241868, 95.5839134156704, 95.4715929068625]",2651.53125,2662.27734375,122.87109375,122.87109375,0.0,264.0,264.0,
7,sne_benchmark_2819561_7,OK,1,16,64,1024,663.8859965242445,221.97710618004203,433.39434511587024,439.5150044299662,218.7939876429737,218.7939876429737,218.7939876429737,38.57097505405545,43.33943451158702,82.62139943242073,613.4102317283655,"[305.8943230104537, 640.7133810509774, 646.1663030903695, 646.294162833043, 651.1938472955318, 654.6838163894572, 650.1677340838717, 646.2595950178896, 649.8367456197897, 642.892408892271]","[83.6890326961875, 39.95546332746744, 39.618283834308386, 39.61044594272971, 39.31241074576974, 39.102845311164856, 39.37445471063256, 39.61256466805935, 39.394509732723236, 39.82003776356578]",2999.640625,2999.640625,9.259765625,9.259765625,0.0,26.0,26.0,
7,sne_benchmark_2819561_7,OK,1,20,32,640,677.7966717705131,224.99710587784648,444.6363088525832,450.3576208390296,221.82071386650205,221.82071386650205,221.82071386650205,38.5169239602983,44.46363088525832,89.6867929212749,378.0805850797207,"[176.42475726249094, 409.77548135869193, 394.04159455880705, 407.1165713268812, 394.43113589781325, 393.34222322894095, 403.0353616771573, 394.70543113484126, 404.42340292814254, 403.509891423441]","[90.69021971896291, 39.04577196016908, 40.60485040396452, 39.300782937556505, 40.56474893540144, 40.67704674229026, 39.69874984025955, 40.536559008061886, 39.562497828155756, 39.65206390246749]",3351.83203125,3351.83203125,5.8427734375,5.8427734375,0.0,26.0,26.0,
7,sne_benchmark_2819561_7,OK,1,20,4096,81920,2047.256277751177,835.7602169550955,1151.4064603857696,1208.691027779132,832.5681386552751,832.5681386552751,832.5681386552751,109.13376151397824,115.14064603857696,161.68309776484966,17158.273994474024,"[12206.972818207843, 17583.480953645303, 17676.561571807157, 17645.642859370255, 17725.23245029455, 17677.346967198006, 17604.679655731816, 17768.58393377541, 17761.806417314652, 17932.432317395254]","[167.7729630842805, 116.47295580431819, 115.85963659733534, 116.06264596432447, 115.54150309413671, 115.85448901355267, 116.33270471543074, 115.25960693508387, 115.30358747765422, 114.20648151636124]",3375.6796875,3375.6796875,582.12109375,582.12109375,0.0,1076.0,1076.0,
7,sne_benchmark_2819561_7,OK,1,32,2048,65536,2748.118137307465,840.4324140734971,1859.4003036692736,1904.5138469934464,837.2571946159005,837.2571946159005,837.2571946159005,172.03075962513685,185.94003036692737,262.73220229148865,8722.724117720683,"[6122.730790426593, 8782.16534228085, 8778.816417546372, 8875.952908107618, 8949.684593756801, 8995.2885615278, 9068.423534314079, 9154.12754166962, 9197.177066426784, 9302.874421150322]","[267.5930162668228, 186.55991274863482, 186.63108123838902, 184.58863143622875, 183.06790399551392, 182.13979338109493, 180.6708733662963, 178.979372151196, 178.14161760360003, 176.11760901287198]",4419.24609375,4419.24609375,359.92578125,359.92578125,0.0,590.0,590.0,
7,sne_benchmark_2819561_7,OK,1,40,1024,40960,3056.9771919175982,823.188261769712,2198.5876843743026,2230.2372187040746,819.9919021613896,819.9919021613896,819.9919021613896,204.87045076861975,219.85876843743023,313.6301817074418,4659.325256769607,"[3229.4481767632305, 4720.905954906396, 4736.2645353965, 4764.198679304379, 4778.434248275294, 4840.415240257568, 4831.107706120738, 4889.578502225528, 4871.9442111413955, 4930.955313305044]","[317.0820350572467, 216.90751940011978, 216.20413985475898, 214.9364602379501, 214.2961369343102, 211.55209815129638, 211.95967100933194, 209.42500453442335, 210.18303076177835, 207.66766984015703]",5113.625,5113.625,203.0703125,203.0703125,0.0,308.0,308.0,
7,sne_benchmark_2819319_7,OK,2,1,256,512,79.47376208379865,50.72530469670892,20.991922095417976,26.98543246090412,47.27862788364291,47.283746806904674,47.28886573016644,1.6777410507202148,2.0991922095417976,5.603372868150473,5306.804359700119,"[1913.9199070568461, 5723.603211963991, 5754.816579149856, 5691.834568450961, 5643.658932901228, 5565.532994274465, 5667.670091860205, 5758.922399934341, 5708.516863658739, 5639.568047750553]","[6.687845166772604, 2.236353486776352, 2.2242238000035286, 2.248835563659668, 2.268032167106867, 2.2998695746064186, 2.2584236189723015, 2.222638040781021, 2.242263674736023, 2.269677374511957]",2011.205078125,2019.171875,25.42626953125,25.42626953125,0.0,62.0,62.0,
7,sne_benchmark_2819319_7,OK,2,2,1024,4096,145.61400957405567,64.71512403711677,70.64085783436894,78.60514236614108,61.25387444719672,61.2964440882206,61.33901372924447,6.307786617428064,7.064085783436894,12.821469146758318,13579.622565682505,"[7320.03016417581, 14519.13304404839, 14481.378526509032, 14407.320002434797, 14397.98432132109, 14126.077090373012, 14356.074992887976, 14558.476509591645, 13503.059623356223, 14126.691382127048]","[13.989013392478228, 7.0527627021074295, 7.07115001603961, 7.1074981316924095, 7.1121066473424435, 7.249004755169153, 7.132868841290474, 7.033703006803989, 7.583466477692127, 7.248689536005259]",1740.314453125,1747.609375,94.228515625,94.228515625,0.0,246.0,246.0,
7,sne_benchmark_2819319_7,OK,2,8,64,1024,272.431307990104,105.2883186712861,158.74177763611078,164.82242391258478,101.91595843434334,101.92883697338402,101.94171551242472,13.493121914565563,15.874177763611078,35.00298925116658,1681.496183613786,"[710.6924684897714, 1805.4449706587986, 1786.6042957387226, 1764.7968565712656, 1811.6769675584253, 1785.382518323005, 1821.4281981851636, 1773.076135504271, 1761.1809380546483, 1794.6784870537897]","[36.02120626717806, 14.179329980164766, 14.32885841652751, 14.505918856710196, 14.130554430186749, 14.33866397663951, 14.054904840886593, 14.438184287399054, 14.535701271146536, 14.264393419027328]",2290.349609375,2303.22265625,7.5234375,7.5234375,0.0,24.0,24.0,
7,sne_benchmark_2819319_7,OK,2,10,256,5120,423.7873452529311,136.2051946297288,276.42144894227386,285.12084663659334,132.77926969900727,132.8073953036219,132.8355209082365,24.79522168636322,27.642144894227386,50.25728051364422,4686.773660258288,"[2486.9643407493504, 4939.508997974566, 4949.547498615379, 4860.805191160368, 4908.532572298249, 4898.3972889283605, 4924.679983136563, 4999.164834560165, 4935.199826982642, 4964.936068177234]","[51.46836965158582, 25.91350679844618, 25.86094992235303, 26.333085767924786, 26.07703995332122, 26.130996007472277, 25.99153659492731, 25.60427676141262, 25.936133183538914, 25.780795209109783]",2467.03125,2480.41015625,29.54052734375,29.54052734375,0.0,68.0,68.0,
7,sne_benchmark_2819319_7,OK,2,12,1024,24576,657.0606192015111,213.3122535608709,418.33186596632,441.2124484218657,208.66427038237453,209.31199937686324,209.959728371352,38.442805133759975,41.833186596632,68.549928907305,14311.04743116545,"[8644.98803117616, 15134.630706095511, 14955.64666045696, 14972.503245360045, 14813.328418594341, 14941.663884419511, 14899.09020238099, 14848.271687205024, 14972.36917742933, 14927.982298536643]","[71.07008104398847, 40.59563869982958, 41.081473369151354, 41.03522236272693, 41.47616137564182, 41.119918420910835, 41.23741729557514, 41.378553204238415, 41.035589806735516, 41.157605074346066]",2641.25,2656.07421875,122.87109375,122.87109375,0.0,264.0,264.0,
7,sne_benchmark_2819319_7,OK,2,20,64,2560,718.7530203722417,214.0726210102439,494.85887499526143,501.9976104088128,209.33604543283585,210.0202164966613,210.7043875604868,42.46202452853322,49.48588749952614,98.83360807597636,1353.8797742486097,"[640.4555943819163, 1396.0882311382354, 1417.2039070281305, 1442.0104091175813, 1420.7554475200036, 1463.7962586661567, 1484.4963181302019, 1423.2442578657826, 1441.3705237483612, 1409.3767948897269]","[99.92886401712894, 45.842374838888645, 45.159344878047705, 44.382481288164854, 45.04645758122206, 43.72193166986108, 43.1122659035027, 44.967685375362635, 44.402184549719095, 45.410141725093126]",3405.95703125,3415.546875,10.138427734375,10.1435546875,0.0,28.0,28.0,
7,sne_benchmark_2819319_7,OK,2,32,256,16384,1628.0536580942571,371.066534023732,1236.0811924003065,1253.819539282471,367.7301488146186,367.7345453687012,367.7389419227839,114.43037047609688,123.60811924003065,192.74709325656292,3343.624241690063,"[2101.7087021990706, 3463.812735074572, 3489.543307788578, 3496.856224623268, 3514.6291584632604, 3479.183218343733, 3523.358716388962, 3486.6000243290314, 3471.5650922709806, 3408.9852374191755]","[194.88904412463307, 118.25119639188051, 117.37925678864121, 117.13378351554275, 116.54145616292953, 117.72878123819828, 116.25271026045084, 117.47834484651685, 117.98712946847081, 120.15305772051215]",4470.453125,4472.38671875,45.4228515625,45.4228515625,0.0,76.0,76.0,
7,sne_benchmark_2819319_7,TIMEOUT,2,40,1024,81920,,,,,,,,,,,,,,,,,,,,,Subprocess timed out after configured timeout_s
7,sne_benchmark_2819319_7,OK,4,2,64,512,162.14534022286534,54.252481456846,99.8773104287684,105.62727554142477,47.42621559277177,49.68741252366453,50.64235531911254,9.20927669480443,9.98773104287684,15.824772536754608,1244.1465363128088,"[760.8128991941473, 1297.9332904487771, 1305.861720066054, 1314.75146229514, 1292.5078376112867, 1310.4360680194984, 1298.7351071170665, 1300.3561042088536, 1253.8509896220003, 1306.219884545265]","[16.824110124260187, 9.861831955611706, 9.801956672221422, 9.735680367797613, 9.903228148818016, 9.767740916460752, 9.855743430554867, 9.843457464128733, 10.208549585193396, 9.7992689833045]",1751.7392578125,1759.265625,6.2138671875,6.2138671875,0.0,24.0,24.0,
7,sne_benchmark_2819319_7,OK,4,4,256,4096,354.93269953504205,115.3274056725204,228.74538461118937,237.13432700186968,109.031041610986,110.39238212257624,111.78728279098868,21.33051075041294,22.874538461118934,33.42501533403993,4393.040551503951,"[2955.351868048355, 4524.921739456222, 4540.541423947795, 4490.242812482022, 4433.7568228106, 4575.89718053339, 4603.432250800916, 4583.050421681305, 4589.125907733132, 4634.085087545774]","[34.64900444075465, 22.630225647240877, 22.552376564592123, 22.805002819746733, 23.095538184046745, 22.378125198185444, 22.24427219107747, 22.343197342008352, 22.31361746415496, 22.097134184092283]",1934.083984375,1944.7265625,25.208984375,25.208984375,0.0,64.0,64.0,
7,sne_benchmark_2819319_7,OK,4,8,1024,32768,979.8684188313782,434.07643023878336,510.6557244621217,543.0981960818172,378.47595281898975,404.5524655329064,430.6435218639672,48.67324638366699,51.06557244621217,71.74666078016162,15268.903296175977,"[10919.61277574045, 15769.403812832954, 15736.707621092424, 15738.752044922514, 15771.732970176317, 15760.451604598962, 15676.89502930276, 15786.674243684769, 15757.831269868919, 15770.971589539673]","[75.02097526937723, 51.94869823381305, 52.05663215741515, 52.04987013339996, 51.941026490181684, 51.97820599004626, 52.255245599895716, 51.891866985708475, 51.98684933036566, 51.943534065037966]",2275.0712890625,2280.5234375,111.4140625,111.4140625,0.0,256.0,256.0,
7,sne_benchmark_2819319_7,OK,4,12,64,3072,645.5532176494598,156.21461951732635,478.7946287058294,486.6295335441828,140.73671772331,149.16065584495664,152.6863406971097,43.73186876624823,47.87946287058294,75.38876828551292,1617.75245600233,"[1003.2287417277163, 1688.5808784704866, 1694.3172304463885, 1686.8275206442747, 1635.8181951639908, 1659.2678785035973, 1713.1568734629147, 1686.7416933448383, 1681.0335497820297, 1728.5519984770638]","[76.5528306812048, 45.481978967785835, 45.327993258833885, 45.52925480529666, 46.94898261129856, 46.285473849624395, 44.82951981201768, 45.53157149255276, 45.68617920204997, 44.430251486599445]",2660.287109375,2669.06640625,8.39697265625,8.39697265625,0.0,26.0,26.0,
7,sne_benchmark_2819319_7,OK,4,16,256,16384,1249.982113737613,269.8392256908119,959.7778886705636,977.062678847462,237.72473281994465,253.49621165916324,266.30197098851204,90.5212180018425,95.97778886705638,134.08474363014102,4246.650631186906,"[3008.0436337665583, 4384.261085286868, 4331.799206258774, 4415.9218478003495, 4418.970093042029, 4352.230783075854, 4374.806109787243, 4377.394322062979, 4365.642079094397, 4437.437151694014]","[136.16823752224445, 93.42509308457375, 94.55655271559954, 92.75526472553611, 92.69128131121397, 94.11265634000301, 93.62700648233294, 93.57164784893394, 93.82354132086039, 92.30553267523646]",3039.79296875,3053.49609375,33.8720703125,33.8720703125,0.0,70.0,70.0,
7,sne_benchmark_2819319_7,ERROR,4,20,1024,81920,,,,,,,,,,,,,,,,,,,,,
7,sne_benchmark_2819319_7,TIMEOUT,4,40,64,10240,,,,,,,,,,,,,,,,,,,,,Subprocess timed out after configured timeout_s
7,sne_benchmark_2819319_7,OK,8,1,256,2048,144.1175229176879,60.50242707505822,74.92402436211705,81.69911031424999,50.7294179610908,53.177288508508354,56.570203114300966,7.093693923205137,7.492402436211705,10.749148212373257,6370.852029709501,"[4326.543833899035, 6587.544317755469, 6602.516955122664, 6583.219865465158, 6617.73517263525, 6603.700248342774, 6575.31161969753, 6595.262812379295, 6628.082020518018, 6588.603451279814]","[11.833926100283861, 7.772243726998568, 7.754618480801582, 7.77734923735261, 7.736785873770714, 7.753228958696127, 7.786703195422888, 7.763147801160812, 7.724708270281553, 7.770994320511818]",1923.23095703125,1930.22265625,25.42626953125,25.42626953125,0.0,62.0,62.0,
7,sne_benchmark_2819319_7,OK,8,8,64,4096,709.0580367036164,136.3389586508274,561.3848977200687,569.7706232257187,129.48464046046138,130.95826608873904,132.38870990276337,53.16857694834471,56.13848977200687,77.18967375159264,1818.851015800985,"[1306.0981675140627, 1887.2136788383289, 1877.9566636721868, 1852.7393975315556, 1898.2123668584197, 1845.5087825586365, 1884.8811624374569, 1891.7299522999813, 1873.1926144059228, 1870.9773718933]","[78.40145752206445, 54.259886492043734, 54.52734984830022, 55.269510723650455, 53.94549197331071, 55.48605401813984, 54.327032409608364, 54.13034766167402, 54.666028048843145, 54.730752781033516]",2294.18798828125,2308.8828125,7.5234375,7.5234375,0.0,24.0,24.0,
7,sne_benchmark_2819319_7,OK,8,10,256,20480,1382.0798955000937,336.44813879206777,1022.0938527435064,1042.5413373149931,314.25676848739386,324.8416779367253,332.54533517733216,99.0943351984024,102.20938527435064,124.97101149335504,4933.729049308027,"[4022.2798687427944, 5061.715753289636, 5040.98155022784, 5056.640892671096, 5008.363729277428, 5040.867561857888, 5047.193174305388, 5060.327910267544, 5031.4238229453895, 4967.496229495272]","[127.29099334403872, 101.15147214010358, 101.56752110645175, 101.25298807397485, 102.22899686917663, 101.56981783732772, 101.44252108410001, 101.17921389266849, 101.76045946776867, 103.07003293931484]",2460.369140625,2475.53515625,29.54052734375,29.54052734375,0.0,68.0,68.0,
7,sne_benchmark_2819319_7,ERROR,8,12,1024,98304,,,,,,,,,,,,,,,,,,,,,
7,sne_benchmark_2819319_7,TIMEOUT,8,20,64,10240,,,,,,,,,,,,,,,,,,,,,Subprocess timed out after configured timeout_s
7,sne_benchmark_2819319_7,ERROR,8,32,256,65536,,,,,,,,,,,,,,,,,,,,,
7,sne_benchmark_2819319_7,ERROR,8,40,1024,327680,,,,,,,,,,,,,,,,,,,,,
7,sne_benchmark_2819319_7,OK,10,2,64,1280,312.6168310828507,70.4586367085576,232.4857870079577,239.0688643381,62.92440031096339,65.00524930208921,66.31343755871058,22.305394362658262,23.24857870079577,29.850282594561577,1349.0069187861454,"[1034.7070517961452, 1387.6812728259526, 1384.5210778398143, 1381.7110415752613, 1389.0910496317115, 1387.5033564147518, 1385.347899711995, 1388.115932668201, 1355.3066552447515, 1396.0838501528692]","[30.926627922803164, 23.06005033478141, 23.112685326486826, 23.15969043970108, 23.036646883934736, 23.06300727277994, 23.098890904337168, 23.052829556167126, 23.610892690718174, 22.921259347349405]",1767.9078125,1781.3515625,6.212841796875,6.2138671875,0.0,24.0,24.0,
7,sne_benchmark_2819319_7,OK,10,4,256,10240,742.195757754147,197.2896077297628,529.011869199574,542.1607052534819,175.82053899392486,186.18697638548912,193.05649911612272,51.571170683950186,52.9011869199574,62.08965841680765,4736.038351666564,"[4019.846516168295, 4783.678221240141, 4849.010285198452, 4827.502258917343, 4804.619967680011, 4812.322979706848, 4821.323040722223, 4811.338871197836, 4799.591153632108, 4831.150222202386]","[63.68402349948883, 53.51530520245433, 52.794278614223, 53.02949357032776, 53.28204971924424, 53.19676195457578, 53.097458485513926, 53.207642789930105, 53.337876457720995, 52.9894514195621]",1927.42265625,1945.34375,25.208984375,25.208984375,0.0,64.0,64.0,
7,sne_benchmark_2819319_7,ERROR,10,8,1024,81920,,,,,,,,,,,,,,,,,,,,,
7,sne_benchmark_2819319_7,OK,10,12,64,7680,1285.2115481123328,184.6242536082864,1086.1424492821095,1097.1291729733348,158.73511258885264,166.74931226484478,180.5368147790432,104.7237508520484,108.61424492821098,132.79346314817667,1758.2423257593505,"[1430.7241879873632, 1815.6054704525668, 1780.9707084998274, 1786.4861309287464, 1789.4481459124986, 1789.6942472015203, 1810.1890462056865, 1790.4209371234276, 1789.4714845030496, 1799.4128987788172]","[134.19777313619852, 105.74984660744667, 107.806377209723, 107.47354635223746, 107.29564890637994, 107.2808946557343, 106.06626993045211, 107.23735185340047, 107.29424953833222, 106.70146920159459]",2640.30078125,2673.88671875,8.395947265625,8.39697265625,0.0,26.0,26.0,
7,sne_benchmark_2819319_7,TIMEOUT,10,16,256,40960,,,,,,,,,,,,,,,,,,,,,Subprocess timed out after configured timeout_s
7,sne_benchmark_2819319_7,ERROR,10,20,1024,204800,,,,,,,,,,,,,,,,,,,,,
7,sne_benchmark_2819319_7,ERROR,20,1,64,1280,,,,,,,,,,,,,,,,,,,,,
7,sne_benchmark_2819319_7,ERROR,20,2,256,10240,,,,,,,,,,,,,,,,,,,,,
7,sne_benchmark_2819319_7,ERROR,20,4,1024,81920,,,,,,,,,,,,,,,,,,,,,
7,sne_benchmark_2819319_7,OK,1,2,64,128,117.52717296034098,59.273861698806286,48.870366252958775,54.969285152852535,56.18629636988044,56.18629636988044,56.18629636988044,4.170305225998163,4.8870366252958775,10.6480081230402,632.5598800525838,"[262.53221181685075, 673.5570027731902, 684.6847639558841, 681.2389794480832, 670.332819845119, 672.8508858826135, 681.0568838540968, 659.2621947195145, 672.4806328800221, 667.6024253504638]","[12.188980460166931, 4.750897083431482, 4.6736836694180965, 4.697323694825172, 4.773748062551022, 4.755882866680622, 4.698579628020525, 4.853910971432924, 4.758501350879669, 4.793271981179714]",1801.80078125,1801.80078125,6.2138671875,6.2138671875,0.0,24.0,24.0,
7,sne_benchmark_2819319_7,OK,1,4,256,1024,183.6135414466262,71.65129901468754,103.48190993443131,109.68144150450826,68.57140271365643,68.57140271365643,68.57140271365643,9.125873513519764,10.348190993443133,20.18390902504325,2466.235882791641,"[1204.4394620037622, 2641.8640091476514, 2608.7987289113, 2581.3173136743017, 2581.4844147882486, 2587.167804554989, 2623.938727491186, 2620.505152500526, 2596.5987601194875, 2616.2444547249574]","[21.25470047071576, 9.690127845853567, 9.81294559687376, 9.917416919022799, 9.916774958372116, 9.894990172237158, 9.756325379014015, 9.769108820706606, 9.859051153063774, 9.785018350929022]",1914.125,1914.125,25.208984375,25.208984375,0.0,64.0,64.0,
7,sne_benchmark_2819319_7,OK,1,8,1024,8192,401.4777081310749,148.96324142068624,239.3103472031653,250.15660287812352,145.86529440060258,145.86529440060258,145.86529440060258,21.715887028723955,23.93103472031653,42.08583645895124,8498.203186222254,"[4711.903974476072, 9010.435385623974, 8877.692434490638, 8916.405194675006, 8942.366997721823, 8925.981744901837, 8903.074592998362, 8913.466939665743, 8844.37978534818, 8936.324812320898]","[43.46438321098685, 22.729201335459948, 23.069057811051607, 22.968897838145494, 22.90221370384097, 22.944254856556654, 23.003289241343737, 22.976469356566668, 23.15594818070531, 22.91769875213504]",2271.41015625,2271.41015625,111.4140625,111.4140625,0.0,256.0,256.0,
7,sne_benchmark_2819319_7,OK,1,12,64,768,368.12223743647337,131.38451035693288,228.1835426799953,234.3124768137932,128.29540422931314,128.29540422931314,128.29540422931314,19.409647960215807,22.81835426799953,48.28618433326483,879.9762767246833,"[389.3379289696116, 938.4925133877332, 961.2576434296243, 912.8308740761485, 914.9522219495602, 929.3353940340787, 922.7350840694725, 925.349371187997, 946.1890849075047, 959.2826512351023]","[49.314486391842365, 20.458341144025326, 19.97383337467909, 21.03346911817789, 20.984702304005623, 20.659925494343042, 20.807705625891685, 20.748919919133186, 20.29192717000842, 20.014955941587687]",2635.7578125,2635.7578125,8.39697265625,8.39697265625,0.0,26.0,26.0,
7,sne_benchmark_2819319_7,OK,1,16,256,4096,658.3632462583482,183.3194347508252,464.5461345352233,472.4650153517723,180.19960687309504,180.19960687309504,180.19960687309504,41.795536793768406,46.45461345352233,80.21931274980307,2247.233425651022,"[1257.7987567206424, 2372.060846001734, 2361.891984127642, 2364.233344360701, 2374.2915754110495, 2331.1802572451375, 2312.9305478016336, 2407.5391960508027, 2360.099706506084, 2330.308042284797]","[81.41206965968013, 43.16921303793788, 43.355073258280754, 43.3121376298368, 43.128654062747955, 43.92624709382653, 44.27283823862672, 42.53305622935295, 43.387997429817915, 43.94268832355738]",2990.6953125,2990.6953125,33.8720703125,33.8720703125,0.0,70.0,70.0,
7,sne_benchmark_2819319_7,OK,1,20,1024,20480,1089.5099149607122,317.3000346235931,749.3653442710638,769.5310982204974,314.1858700476587,314.1858700476587,314.1858700476587,69.81606602296233,74.93653442710638,117.4560057260096,6810.704239251697,"[4273.44457529576, 7058.1442381041625, 7098.509194759496, 7087.980207954263, 7123.721058827628, 7115.776998894449, 7085.11161228188, 7093.562584160146, 7117.003847368275, 7053.788074870908]","[119.80967366695404, 72.54031410068274, 72.12782092019916, 72.23496468365192, 71.87255028262734, 71.95278886333108, 72.26421092823148, 72.17811838909984, 71.94038544595242, 72.58511236310005]",3397.671875,3397.671875,145.78515625,145.78515625,0.0,276.0,276.0,
7,sne_benchmark_2819319_7,OK,1,40,64,2560,1548.0866506583989,370.97516994923353,1166.4953246228397,1173.8443375639615,367.85703586414456,367.85703586414456,367.85703586414456,103.1259322911501,116.64953246228396,200.17375364527103,565.2245949744009,"[317.88691249566824, 604.7494736943354, 583.7602037063093, 578.5624124466041, 591.1040542157202, 585.77779358961, 563.8722314203769, 616.6472624798653, 606.482085341952, 603.4035203535675]","[201.3294586353004, 105.82894700020552, 109.63405794650316, 110.61900777369738, 108.27196928113699, 109.25644621625543, 113.50088980048895, 103.78704957291484, 105.52661248669028, 106.06500930339098]",5166.2890625,5166.2890625,14.509765625,14.509765625,0.0,30.0,30.0,
7,sne_benchmark_2819561_7,OK,2,40,32,2560,1630.8358039855957,464.7758858650923,1156.410366922617,1163.0083024129272,461.5811658799648,461.5966581515968,461.6121504232288,101.3967566229403,115.6410366922617,203.9575780555606,572.737677950156,"[312.1772303898576, 598.5190651898098, 591.1212346420715, 627.4042412516234, 611.0610118520106, 579.6656139426965, 584.2356460376106, 602.0801370233689, 625.9791595207244, 595.1334396517874]","[205.01174899935722, 106.93059540167451, 108.26882245019078, 102.00759859755635, 104.73585903644562, 110.4084811322391, 109.54483937099576, 106.2981421649456, 102.23982544243336, 107.5389076396823]",5099.66015625,5109.20703125,8.6767578125,8.6767578125,0.0,28.0,28.0,
7,sne_benchmark_2819561_7,ERROR,2,40,4096,327680,,,,,,,,,,,,,,,,,,,,,
7,sne_benchmark_2819561_7,ERROR,2,64,2048,262144,,,,,,,,,,,,,,,,,,,,,
7,sne_benchmark_2819561_7,ERROR,2,96,1024,196608,,,,,,,,,,,,,,,,,,,,,
7,sne_benchmark_2819561_7,ERROR,2,128,512,131072,,,,,,,,,,,,,,,,,,,,,
7,sne_benchmark_2819561_7,ERROR,2,160,384,122880,,,,,,,,,,,,,,,,,,,,,
7,sne_benchmark_2819561_7,OK,4,1,256,1024,90.3634194470942,59.43564032763243,23.37159338593483,29.25835981592536,56.05781628191471,56.16542684286833,56.27682227268815,1.939551007002592,2.337159338593483,5.832166388630867,9631.181240588588,"[3746.1357758382724, 10218.822422533352, 10243.758230015716, 10292.316295286928, 10323.555730316217, 10285.016490694761, 10286.219197686187, 10282.228975826774, 10298.874958039109, 10334.88432964856]","[6.83370852842927, 2.505181021988392, 2.499082800000906, 2.4872923903167248, 2.479765757918358, 2.4890577495098114, 2.4887667186558247, 2.4897325336933136, 2.485708400607109, 2.477047558873892]",1940.072265625,1948.8828125,25.42626953125,25.42626953125,0.0,62.0,62.0,
7,sne_benchmark_2819561_7,OK,4,2,128,1024,175.9374890141189,64.37878255918622,103.58555382862689,109.45763204991816,60.36605804041028,60.7769032549113,61.1546988748014,9.622931592166424,10.358555382862686,16.29296174645424,2398.738546184144,"[1480.4118761331322, 2504.624336792285, 2501.0908302465236, 2509.4390852874726, 2501.96413274725, 2512.4416508038453, 2513.033039315993, 2518.9697575851396, 2517.2136872025094, 2428.197065727292]","[17.292484890669584, 10.221093688160181, 10.23553390800953, 10.201482933014631, 10.231961227953434, 10.18929135799408, 10.1868935264647, 10.162885013967752, 10.169974893331528, 10.542801637202501]",1757.4970703125,1777.0703125,12.0234375,12.0234375,0.0,44.0,44.0,
7,sne_benchmark_2819561_7,OK,4,4,64,1024,247.5239022411406,72.75852262228727,165.77663876861334,172.58724858239293,66.11519908159971,68.18981030676514,69.57231978327036,15.280382998287678,16.577663876861333,26.706021312624216,1524.5792001896816,"[920.8889832612527, 1586.4630659755567, 1584.4666443192455, 1594.3369152160483, 1592.4809422001367, 1596.8087695472102, 1585.7746757696707, 1608.7020691156451, 1592.2386682322804, 1583.6312682597697]","[27.799224950373173, 16.13652441650629, 16.15685637295246, 16.056832000613213, 16.075545597821474, 16.031976081430912, 16.14352933689952, 15.9134500361979, 16.077991642057896, 16.165379222482443]",1924.580078125,1935.17578125,6.650390625,6.650390625,0.0,24.0,24.0,
7,sne_benchmark_2819561_7,OK,4,8,32,1024,435.1850199513137,128.0402090586722,298.84555811434984,304.6628415212035,124.71305621787906,124.75733984261753,124.80842903628944,27.286799017339945,29.884555811434986,48.19185282662511,863.8596397191204,"[520.5664146937587, 889.9821493747729, 898.9860336109657, 918.1386032955473, 893.1316734670438, 902.1537485230533, 897.261503392235, 902.7875948067716, 920.2994033114505, 895.2892727156055]","[49.17720251902938, 28.76462187245488, 28.47652693465352, 27.882500428706408, 28.66318680718541, 28.37653785943985, 28.53125861659646, 28.356614720076323, 27.817034225910902, 28.594110060483217]",2298.9306640625,2303.4296875,4.1507568359375,4.15234375,0.0,26.0,26.0,
7,sne_benchmark_2819561_7,OK,80,2,128,20480,2311.427848368883,398.19278997927904,1890.2145224884152,1909.7442661747336,183.53820725157857,341.94575429996473,384.4602548517287,187.64332158863544,189.0214522488415,197.57867292314768,2681.686201218893,"[2559.9276226956745, 2679.1396624215986, 2687.068757025327, 2690.2959762536566, 2699.3803771709713, 2692.762980684217, 2700.9199863157123, 2702.758442398598, 2699.0879298441064, 2705.5202773790747]","[200.0056546367705, 191.1061252914369, 190.54220278561115, 190.31363259628415, 189.67315771058202, 190.13927466794848, 189.5650380589068, 189.43609312921762, 189.6937088780105, 189.24271397292614]",1761.545263671875,1804.00390625,12.0231689453125,12.0234375,0.0,44.0,44.0,
7,sne_benchmark_2819561_7,OK,80,4,64,20480,3480.416148956865,410.5396959893405,3044.278607808053,3065.430957533419,242.48992324993011,351.6835245885886,396.88806864619255,300.3793469071388,304.42786078080536,318.5395944751799,1670.678889241775,"[1595.6868044739024, 1669.603648635425, 1667.9719258069103, 1672.4580766893896, 1675.8550646854096, 1676.054079433701, 1682.6869997398194, 1686.0461539370615, 1686.663634620256, 1693.762504395877]","[320.8649708479643, 306.6596077568829, 306.9596029035747, 306.13622376322746, 305.51568019762635, 305.4794032499194, 304.27524553239346, 303.6690299399197, 303.5578579455614, 302.2855912037194]",1932.30361328125,1974.67578125,6.650262451171875,6.650390625,0.0,24.0,24.0,
7,sne_benchmark_2819561_7,OK,4,40,128,20480,4016.3084525614977,715.2091171704233,3276.906661041081,3296.1854462362826,711.7494987286627,711.8475099503994,711.9099155552685,315.0950605608523,327.6906661041081,412.4920369163156,1562.8536717437182,"[1233.654038320089, 1580.1962011848677, 1591.8372379884556, 1606.2527860124876, 1606.819146701965, 1598.7211521445654, 1605.8844787777336, 1615.2846910788257, 1592.9331819450297, 1596.9538032831622]","[415.02721516415477, 324.01039795950055, 321.64092394709587, 318.754310939461, 318.6419585868716, 320.25597416609526, 318.8274167701602, 316.9719881750643, 321.41963379457593, 320.61040147021413]",5137.7890625,5151.73046875,25.92529296875,25.92529296875,0.0,52.0,52.0,
7,sne_benchmark_2819561_7,ERROR,4,64,64,16384,,,,,,,,,,,,,,,,,,,,,
7,sne_benchmark_2819561_7,ERROR,4,96,32,12288,,,,,,,,,,,,,,,,,,,,,
7,sne_benchmark_2819561_7,ERROR,4,96,4096,1572864,,,,,,,,,,,,,,,,,,,,,
7,sne_benchmark_2819561_7,OK,8,1,2048,16384,346.1057029552758,279.63978573307395,46.83908749744296,64.76267263293266,275.58481435477734,275.8145741620101,276.0649971999228,4.239396125078201,4.683908749744296,8.354368790984154,65094.707235863,"[39210.41960302025, 64984.5783814734, 66971.78656093558, 65038.83600115893, 70373.91320351785, 70326.9854315068, 66734.53470422854, 69703.66199153311, 67478.16647805313, 70124.19000320234]","[10.446202926337719, 6.303033892065287, 6.116008263081312, 6.297775685787201, 5.820338550955057, 5.824222344905138, 6.137751642614603, 5.87630532309413, 6.070111583918333, 5.841065686196089]",1926.8232421875,1941.19140625,146.39599609375,146.39599609375,0.0,488.0,488.0,
7,sne_benchmark_2819561_7,OK,8,2,1024,16384,542.8223417177796,292.6964916102588,231.2709664255381,247.80857824906707,286.56433437764645,288.47472500335425,289.0358925238252,22.274833608418703,23.12709664255381,29.592642042785883,16647.01394083762,"[12937.44938542382, 16808.710801208203, 17044.715062736082, 16949.38745935342, 17196.47136412242, 17031.002233960742, 17282.919047900647, 17244.95965369403, 17186.217506897745, 16788.306893079087]","[31.660027243196964, 24.368317406624556, 24.030909199267626, 24.16606505587697, 23.818840000778437, 24.05025813356042, 23.699700199067593, 23.751867689192295, 23.833051096647978, 24.397933788597584]",1759.16650390625,1778.7890625,94.228515625,94.228515625,0.0,246.0,246.0,
7,sne_benchmark_2819561_7,OK,8,4,512,16384,694.9679648764431,282.21084904670715,393.57017205283046,410.3521360680461,271.2908991649747,275.0345652610995,278.6088178791106,38.08646082878113,39.35701720528304,49.13719801977277,10036.13724033692,"[8041.047267157413, 10176.403003773732, 10252.07006141839, 10213.048302685294, 10262.127573923222, 10227.590557237845, 10292.01287047314, 10255.558383634618, 10355.497285192598, 10286.017097872953]","[50.938638512045145, 40.24997829273343, 39.95290683209896, 40.10555789619684, 39.91375054046512, 40.04853320121765, 39.797851514071226, 39.939317263662815, 39.553870636969805, 39.82104988768697]",1934.4990234375,1950.51171875,50.1171875,50.1171875,0.0,126.0,126.0,
7,sne_benchmark_2819561_7,OK,8,8,384,24576,1422.7333100028336,400.5459334291518,996.7348141111434,1019.2265359908342,393.1957972086966,394.4882706957869,396.97019846364856,97.5994782783091,99.67348141111434,115.29489395022392,6042.637575283205,"[5214.853980983104, 6122.4010549020995, 6144.80197570086, 6143.817649760351, 6148.782645512937, 6106.430364460491, 6130.032709658035, 6148.21280776381, 6111.5675143649605, 6155.475049725397]","[117.81729694455862, 100.35278553143144, 99.98694871366024, 100.00296802818775, 99.92221800982952, 100.61524709686637, 100.22785017639399, 99.93147914856672, 100.53067376837134, 99.81357978656888]",2281.228515625,2312.98828125,41.97509765625,41.97509765625,0.0,108.0,108.0,
7,sne_benchmark_2819561_7,OK,8,10,256,20480,1621.625151026994,330.29520282149315,1267.1067045144737,1288.5280097350478,316.4152789115906,319.72615943849087,326.6672596819699,123.9065253995359,126.71067045144736,146.0372383594513,3982.952112607893,"[3441.870572166922, 4044.345833596571, 4011.687949309117, 4028.835917805711, 4042.553853970385, 4042.6655837178864, 4038.9627484482617, 4057.3769969503674, 4047.9310662574862, 4073.2906038562223]","[148.7563199326396, 126.59649324417114, 127.62707530334592, 127.08385509997606, 126.65261082351208, 126.6491104438901, 126.7652196586132, 126.18990061432123, 126.48436735197902, 125.69689958170056]",2457.9697265625,2474.421875,29.54052734375,29.54052734375,0.0,68.0,68.0,
7,sne_benchmark_2819561_7,OK,8,12,128,12288,1753.5182877741754,224.18120473995805,1512.8271424286067,1526.3910955227911,189.57335833832624,205.01851159520447,220.61645121499896,147.92185954377055,151.28271424286066,173.21710580587387,2016.877913594152,"[1756.1257273869069, 2043.4799187085396, 2036.4323938046045, 2047.8914432850024, 2045.90197635314, 2046.8832322370697, 2051.9424865227807, 2044.6767332813888, 2034.9777782626143, 2060.4674460994697]","[174.93052758648992, 150.33179293200374, 150.8520493656397, 150.0079513527453, 150.1538214199245, 150.0818391405046, 149.71179846301675, 150.24379893392324, 150.95987940579653, 149.09238220751286]",2639.26220703125,2655.078125,15.681640625,15.681640625,0.0,46.0,46.0,
7,sne_benchmark_2819561_7,OK,8,16,64,8192,2185.886958323419,371.4921213574708,1799.6199837960305,1811.0556985214355,367.5661964826286,367.7410732279532,367.830087017268,174.02107387781143,179.96199837960302,215.9994405247271,1135.21925543585,"[941.5138786853776, 1151.3643603920452, 1146.5709551031769, 1157.954173871512, 1147.8320179030816, 1154.4885043427369, 1158.2477506863772, 1159.3191893322319, 1170.499230892986, 1164.4024931489757]","[217.52201920375228, 177.87592446431518, 178.61956042796373, 176.86364851146936, 178.4233204908669, 177.39457710459828, 176.81881953030825, 176.65540421009064, 174.96807737648487, 175.88419915363193]",3010.38330078125,3033.3828125,9.27001953125,9.27001953125,0.0,26.0,26.0,
7,sne_benchmark_2819561_7,OK,8,20,32,5120,2137.8479295372963,330.5400447770953,1795.361631207168,1803.7298564240336,326.45826706290245,326.7096858699806,326.9508997127414,172.4450547993183,179.53616312071682,225.1529525630176,713.8980121067141,"[565.4810105103588, 737.3014040135505, 722.7961095552113, 725.6390929050178, 722.0153424657248, 727.6570310512889, 739.0278024230872, 734.4414134526165, 735.7474279671047, 728.8734867231801]","[226.35596531257033, 173.60607114434242, 177.09005113318563, 176.39622954651713, 177.28155133500695, 175.90704760327935, 173.2005204409361, 174.28211107850075, 173.9727454483509, 175.613466989249]",3359.16943359375,3392.3203125,5.8475341796875,5.84912109375,0.0,26.0,26.0,
7,sne_benchmark_2819561_7,ERROR,8,20,4096,655360,,,,,,,,,,,,,,,,,,,,,
7,sne_benchmark_2819561_7,OK,2,16,256,8192,840.1060460284352,223.345688264817,602.1572546325624,614.269848447293,220.1053397282958,220.11623883992436,220.12713795155287,55.62365237995982,60.21572546325624,97.27264571934938,3425.721566683874,"[2072.9438047588465, 3575.216791143816, 3544.7874191726805, 3586.3032202558916, 3607.49492042953, 3574.299657548421, 3567.6230508705744, 3556.29145901681, 3582.865637449063, 3589.389706193103]","[98.79669652879238, 57.28323958069086, 57.77497372403741, 57.10615846514702, 56.770696707069874, 57.29793795198202, 57.40516783297062, 57.58808083087206, 57.160949006676674, 57.05705336108804]",3003.974609375,3007.7890625,33.8720703125,33.8720703125,0.0,70.0,70.0,
7,sne_benchmark_2819561_7,OK,2,20,128,5120,973.3229575231672,257.72470895573497,704.9812670722604,713.0633331239223,254.6352537535131,254.64024857245383,254.64524339139464,65.00104507431388,70.49812670722604,116.08019878342748,1849.416484702528,"[1091.707616733927, 1917.2977063061367, 1939.6476172089294, 1921.1037283790674, 1932.3131367150386, 1946.703173272089, 1927.6458258020818, 1944.1923581690844, 1934.6687639201073, 1938.8849205188164]","[117.24751026555896, 66.76062855497003, 65.99136815592647, 66.62836478278041, 66.24185157567263, 65.752191580832, 66.40223960578442, 65.83710683882236, 66.16119636967778, 66.01732709631324]",3359.18359375,3360.578125,18.6083984375,18.6083984375,0.0,48.0,48.0,
7,sne_benchmark_2819561_7,OK,2,32,64,4096,1400.9687309898436,332.7466448508203,1057.4476794786751,1065.4326697438955,329.5629443153739,329.5633066315204,329.5636689476669,96.81720297038557,105.74476794786752,173.81936196237805,990.1186480873636,"[585.1812495791896, 1049.469771252044, 1037.3584180364828, 1032.5816494363494, 1023.25697607526, 1035.0670233505718, 1015.3137403940051, 1044.9078637870905, 1037.6329850065679, 1040.4168039560739]","[174.98851864039898, 97.57308195531368, 98.71226590499282, 99.16891323402524, 100.07261361926794, 98.93079162016511, 100.85552467778325, 97.99907106533647, 98.68614575639367, 98.42209354043007]",4421.81640625,4431.3125,12.76318359375,12.76318359375,0.0,28.0,28.0,
7,sne_benchmark_2819561_7,OK,10,2,384,7680,440.5611773841083,163.4065763913095,262.45992786064744,274.78442964702845,145.3433814123273,155.28820056840777,159.55838906019926,25.39018340408802,26.245992786064743,33.0341114513576,7030.816473355366,"[5550.406836966784, 7141.63295384247, 7184.458779924791, 7187.911828775544, 7214.716215818811, 7230.160065818626, 7229.780252833978, 7181.225297070903, 7240.881228856506, 7146.991273645243]","[34.59205885976553, 26.884607657790184, 26.72435125336051, 26.711512964218855, 26.61227333918214, 26.555428683757782, 26.556823760271072, 26.73638439923525, 26.516109563410282, 26.864451438188553]",1772.093359375,1792.1953125,35.50732421875,35.50732421875,0.0,104.0,104.0,
7,sne_benchmark_2819561_7,OK,10,4,256,10240,717.8231163844466,202.48171196505427,499.8841152749956,512.7787557542324,188.99580996483564,193.1106288075447,198.6008114889264,48.47200968116522,49.98841152749956,61.59878738224506,5018.293703675043,"[4041.0977912717817, 5082.24790138329, 5115.778287061652, 5125.079652777354, 5110.362542549959, 5142.270344153736, 5128.880119183454, 5150.145106937925, 5132.685052334433, 5154.390239096843]","[63.3491227440536, 50.3714114241302, 50.041261687874794, 49.95044318214059, 50.09429328516126, 49.783458057790995, 49.913430232554674, 49.70733730494976, 49.87642868980765, 49.66639856994152]",1942.346875,1957.16015625,25.208984375,25.208984375,0.0,64.0,64.0,
7,sne_benchmark_2819561_7,OK,10,8,128,10240,1263.1403045244515,209.3122490532696,1038.7322325780988,1050.7366426810622,199.1734974682331,203.73543821014465,205.6359906233847,101.34452110156415,103.87322325780988,122.35690000280738,2444.067610194364,"[2064.4417007720544, 2479.5078319133904, 2478.674304030947, 2494.618908529394, 2489.863430943311, 2489.532826286626, 2477.8837963060137, 2495.2917749883254, 2474.22398101096, 2496.637547162619]","[124.00447050854564, 103.24629618227482, 103.28101581707597, 102.62088494747877, 102.81688417866826, 102.83053804188967, 103.31396507844329, 102.59321277216077, 103.46678472310305, 102.53791155666113]",2304.821875,2326.73046875,14.21826171875,14.21826171875,0.0,44.0,44.0,
7,sne_benchmark_2819561_7,OK,10,10,64,6400,1304.2587471082809,174.77522607147694,1116.416719198227,1126.5654525645075,156.3940034545958,162.1900519542396,171.09478729218245,108.64119919762015,111.6416719198227,131.87298128381371,1424.8076839038936,"[1201.8914436772975, 1452.3658190591204, 1447.5645666047944, 1459.87852506425, 1442.706849595033, 1444.5918467223116, 1448.9820638497345, 1438.0199727464621, 1454.9881918311232, 1457.0875598888101]","[133.12350365892053, 110.16508230939507, 110.53047559410334, 109.59815988317132, 110.90264113247395, 110.75792817398906, 110.42234682664275, 111.26410135626793, 109.96652818098664, 109.8080886863172]",2465.34453125,2500.6875,7.959423828125,7.96044921875,0.0,26.0,26.0,
7,sne_benchmark_2819561_7,OK,10,12,32,3840,1303.2205620855093,164.26046416163445,1128.3222654014826,1135.9933502711356,156.96593476459384,158.68274276070298,160.49470517784357,109.1452031545341,112.83222654014826,137.91485258936882,849.1174072373174,"[689.7978519956933, 859.569343096351, 870.1455073573269, 858.6094156582126, 857.6511480159983, 874.0935800732829, 871.3186081619602, 867.9325110019679, 873.9596618037147, 868.096445208666]","[139.1712075099349, 111.6838342025876, 110.32637551799417, 111.8086970038712, 111.93362268805504, 109.8280575312674, 110.1778374761343, 110.6076783426106, 109.84488666430116, 110.58679082244635]",2643.121484375,2668.421875,4.715380859375,4.7177734375,0.0,26.0,26.0,
7,sne_benchmark_2819561_7,ERROR,10,12,4096,491520,,,,,,,,,,,,,,,,,,,,,
7,sne_benchmark_2819561_7,ERROR,10,16,2048,327680,,,,,,,,,,,,,,,,,,,,,
7,sne_benchmark_2819561_7,ERROR,10,20,1024,204800,,,,,,,,,,,,,,,,,,,,,
7,sne_benchmark_2819561_7,ERROR,10,32,512,163840,,,,,,,,,,,,,,,,,,,,,
7,sne_benchmark_2819561_7,OK,20,1,384,7680,261.2727337181568,157.51105194166303,90.38536769151688,102.00838747248054,150.34346370771527,152.08839926347136,153.17104831710458,8.576724842190742,9.038536769151689,12.754572536796331,19088.476651479665,"[13410.159399410828, 19048.548687231552, 19467.593543202755, 19634.705182902533, 19640.80262791489, 20076.450612255423, 19343.52024535661, 20175.658177434834, 20193.592640084218, 19893.73539900302]","[14.317503191530704, 10.079508058726788, 9.862544108182192, 9.778603661805391, 9.775567915290594, 9.563443444669247, 9.925804484635592, 9.516418166458607, 9.507966384291649, 9.651279468089342]",1924.6357421875,1960.390625,34.06591796875,34.06591796875,0.0,102.0,102.0,
7,sne_benchmark_2819561_7,OK,20,2,256,10240,712.9620102345943,203.33474675938487,493.339672587812,507.2281394004822,156.00426603481174,190.29741356000304,198.80368673428893,48.64760449156165,49.33396725878119,54.54712235927582,5053.437892501605,"[4551.532822034573, 5084.468994360196, 5111.29243463225, 5107.704511640502, 5097.951230782953, 5115.294276075266, 5112.849736882867, 5123.01288258627, 5130.745391261194, 5099.526644759982]","[56.24478829652071, 50.349407240748405, 50.085179682821035, 50.1203621737659, 50.21625127643347, 50.045996610075235, 50.0699244402349, 49.97059462219477, 49.89528430625796, 50.20073780044913]",1761.31875,1795.29296875,23.76513671875,23.76513671875,0.0,62.0,62.0,
7,sne_benchmark_2819561_7,OK,20,4,128,10240,1095.1371276080608,205.09022122994065,872.8584737479687,887.3364565707743,175.35422759875655,194.22289847191425,200.46605341881516,86.05836946889758,87.28584737479687,95.83614230155943,2888.0649287667497,"[2624.0896799197167, 2908.6243277197564, 2915.835829181329, 2913.7680461067544, 2915.032309571643, 2910.877398977216, 2921.9825221358656, 2922.7269405591774, 2923.5737175519266, 2924.138515944113]","[97.55764140188694, 88.01411635056138, 87.79643813893199, 87.85874371230602, 87.82063895463943, 87.94599184766412, 87.61174923554063, 87.58943452686071, 87.56406532973051, 87.54715229943395]",1924.5576171875,1969.37890625,12.7548828125,12.7548828125,0.0,44.0,44.0,
7,sne_benchmark_2819561_7,OK,20,8,64,10240,1861.33228610456,211.25529013201597,1634.5735369883478,1646.5675138793886,194.051485542208,200.92463286388664,206.9488269723952,161.09094129875302,163.45735369883477,178.00886417925358,1556.082436263266,"[1426.2929180165193, 1563.9412091422187, 1577.4517352968371, 1569.4194281763243, 1566.6989276248976, 1567.6611378267098, 1572.2136716609355, 1571.944532246563, 1567.9506205804093, 1577.2501820612438]","[179.48627295717597, 163.6890175305307, 162.28705720230937, 163.11764427274466, 163.40089055150747, 163.30059719085693, 162.8277406655252, 162.85561910644174, 163.2704478316009, 162.30779549852014]",2294.0046875,2343.3359375,7.5229248046875,7.5234375,0.0,24.0,24.0,
7,sne_benchmark_2819561_7,OK,4,16,512,32768,1855.2241892069576,606.6867461204529,1220.2821861319244,1245.7547623328865,603.1581050343812,603.2771467799321,603.4733007885516,117.07843546569347,122.02821861319244,156.2611359655857,6621.6500297249095,"[5148.47881440038, 6725.991437722378, 6748.8038898253035, 6754.935239104706, 6776.816774994096, 6783.461356938144, 6773.421515770348, 6827.789651346252, 6818.122088459459, 6858.6795286880315]","[159.11495988070965, 121.79617051035166, 121.38447247445583, 121.2742936834693, 120.88271340355277, 120.76430555060506, 120.94330732151866, 119.98026328161359, 120.15038589388132, 119.43990043178201]",3024.5205078125,3040.953125,67.326171875,67.326171875,0.0,136.0,136.0,
7,sne_benchmark_2819561_7,OK,4,20,384,30720,2054.4500377848744,479.9496050775051,1540.6536400839686,1571.4946805164218,427.9173846207559,452.352561134845,476.6661792062223,148.23607758432627,154.06536400839687,195.98256443440917,4918.607440921298,"[3859.4817291197232, 5013.409964272688, 5028.602591214243, 5009.088504450579, 5016.25752959216, 5030.889739295899, 5051.381357338975, 5020.154484907318, 5062.76803926973, 5094.0404697516615]","[198.99044843390584, 153.18914780020714, 152.726326264441, 153.3213077224791, 153.1021873317659, 152.65689367055893, 152.03762014210224, 152.9833399169147, 151.69567202031612, 150.76440883427858]",3373.068359375,3380.6171875,54.9111328125,54.9111328125,0.0,116.0,116.0,
7,sne_benchmark_2819561_7,OK,4,32,256,32768,3528.2158659510314,876.1703037843108,2621.274946026504,2647.8357791490853,872.7450322918594,872.8336838232353,872.8967027515173,249.42962973937392,262.1274946026504,332.31559063866735,3115.9458168306264,"[2444.0799832668313, 3192.9732927873915, 2947.737526799326, 3206.4914805666435, 3220.0963944598393, 3221.457647501913, 3222.6089073513763, 3226.0067408436407, 3226.490758274554, 3251.5154364547484]","[335.177246902138, 256.5633736588061, 277.90805407613516, 255.48173290491104, 254.4023220576346, 254.29482229426503, 254.20397682487965, 253.93623318523169, 253.89813930168748, 251.94405993446708]",4427.5400390625,4430.90625,45.4228515625,45.4228515625,0.0,76.0,76.0,
7,sne_benchmark_2819561_7,ERROR,20,16,1024,327680,,,,,,,,,,,,,,,,,,,,,
7,sne_benchmark_2819561_7,OK,32,1,512,16384,455.2083143182099,288.75196881219745,147.22337648645043,164.6736855879426,177.63701640814543,269.950181526714,282.9097041301429,14.237368401139976,14.722337648645045,18.64212217181921,25034.60169462881,"[19743.328362451568, 25601.10398523256, 25405.527311373833, 25817.23875085248, 25572.04681904187, 25411.634719804355, 25094.4394082703, 26137.714494047785, 26129.60506746826, 25433.3780277451]","[20.746248681098223, 15.999310038983822, 16.12247582897544, 15.865368250757456, 16.017489835619926, 16.118600968271494, 16.322341110557318, 15.670842226594687, 15.67570573464036, 16.104820977896452]",1918.0936279296875,1940.8125,42.70556640625,42.70556640625,0.0,122.0,122.0,
7,sne_benchmark_2819561_7,OK,32,2,384,24576,1257.4479256607592,423.87052631378174,810.2111970186234,830.9823572300375,360.01320158690214,410.2143210294889,418.0700077973306,80.30475921183825,81.02111970186233,85.85124888271093,7396.922397201723,"[6964.602457695853, 7440.493271322369, 7415.717386596919, 7390.053261480269, 7446.365261230964, 7450.577093272833, 7447.48697591426, 7481.0035581020275, 7464.393243697258, 7468.531462704472]","[88.21752623096108, 82.57517043501139, 82.85105377808213, 83.13877833634615, 82.51005402579904, 82.46341086179018, 82.49762664735317, 82.12801868468523, 82.3107759654522, 82.26516860350966]",1754.27294921875,1794.51953125,35.50732421875,35.50732421875,0.0,104.0,104.0,
7,sne_benchmark_2819561_7,OK,32,4,256,32768,2124.664567556232,547.0211895667017,1543.7844901159406,1574.576435789466,500.65827809646726,529.5029389975825,541.1678386069834,153.05062226951122,154.37844901159406,161.44033129513264,5204.053149539019,"[4970.038267253623, 5198.647980872724, 5211.853563373632, 5206.2277820006175, 5217.545344985734, 5233.292268098599, 5242.086424010915, 5241.883568537002, 5253.221080894508, 5265.73521536283]","[164.8277047276497, 157.57943277060986, 157.1801644153893, 157.35001123696566, 157.00869773700833, 156.53626016527414, 156.27365398779511, 156.27970161661506, 155.942418448627, 155.5718178935349]",1924.925537109375,1950.7734375,25.208984375,25.208984375,0.0,64.0,64.0,
7,sne_benchmark_2819561_7,OK,32,8,128,32768,3833.849466882646,558.21519716084,3239.2591164261103,3271.0268930904567,501.1626797616482,534.0036744029494,552.3740859739482,322.1966203264892,323.925911642611,333.751617949456,2504.706557702044,"[2428.682329868414, 2507.7281995431736, 2505.9931995009197, 2509.1926159124064, 2508.77614329006, 2517.3828672621553, 2516.098356575586, 2517.595019273389, 2514.395952290779, 2521.2208935035574]","[337.30224407091737, 326.6701710931957, 326.89633801206946, 326.47951966896653, 326.5337173230946, 325.4173255302012, 325.58345656841993, 325.38990335166454, 325.8038970567286, 324.9219463914633]",2281.8621826171875,2306.06640625,14.21826171875,14.21826171875,0.0,44.0,44.0,
7,sne_benchmark_2819561_7,OK,32,10,64,20480,3896.941930674017,380.99955043941736,3492.4106685705483,3511.166962049901,351.3809237666428,367.5526064537698,375.1103324107826,344.00972661376,349.2410668570548,364.6841059587896,1458.5632943169007,"[1395.4354527980486, 1456.7211705138188, 1461.1452124996647, 1466.6786366411689, 1461.0518951630352, 1462.6048639373287, 1463.2830931269345, 1461.9068302421726, 1476.2334950420097, 1480.5722932048263]","[366.91055754199624, 351.4742631353438, 350.41007260605693, 349.08806006237864, 350.43245328590274, 350.0603701137006, 349.89811773598194, 350.2275175191462, 346.82860246673226, 345.8122256845236]",2465.040283203125,2494.796875,7.959808349609375,7.96044921875,0.0,26.0,26.0,
7,sne_benchmark_2819561_7,OK,32,12,32,12288,3754.806723188609,267.0920994915068,3467.3980809785426,3482.758538015187,221.34677678346637,244.2850469782716,261.12288558483124,338.65961392223835,346.7398080978543,368.4873190149665,882.5500794772937,"[829.5786363425148, 875.7045380116772, 882.5532803282355, 874.114184555752, 879.7051841836407, 887.8597901393971, 893.3099132805802, 897.0234085470739, 902.1673178134811, 903.4845415705844]","[370.30847534164786, 350.80325231328607, 348.08096785470843, 351.4414997808635, 349.20790001377463, 346.0005773566663, 343.88961258903146, 342.46597922965884, 340.5133326537907, 340.01688558608294]",2634.0626220703125,2663.5234375,4.715850830078125,4.7177734375,0.0,26.0,26.0,
7,sne_benchmark_2819561_7,ERROR,32,12,4096,1572864,,,,,,,,,,,,,,,,,,,,,
7,sne_benchmark_2819561_7,ERROR,40,1,2048,81920,,,,,,,,,,,,,,,,,,,,,
7,sne_benchmark_2819561_7,ERROR,40,2,1024,81920,,,,,,,,,,,,,,,,,,,,,
7,sne_benchmark_2819561_7,ERROR,40,4,512,81920,,,,,,,,,,,,,,,,,,,,,
7,sne_benchmark_2819561_7,ERROR,40,8,384,122880,,,,,,,,,,,,,,,,,,,,,
7,sne_benchmark_2819561_7,ERROR,80,1,256,20480,,,,,,,,,,,,,,,,,,,,,
7,sne_benchmark_2819561_7,ERROR,8,32,2048,524288,,,,,,,,,,,,,,,,,,,,,
7,sne_benchmark_2819561_7,ERROR,8,40,1024,327680,,,,,,,,,,,,,,,,,,,,,
7,sne_benchmark_2819561_7,OK,10,1,512,5120,185.31282703578472,124.78380096703768,49.31895965337753,58.84250442683697,120.61974703148007,120.93275326117872,121.1793827675283,4.386441510170698,4.931895965337754,9.70633265376091,22866.40196313169,"[11593.625355684404, 23996.837611759714, 24080.910344285545, 23217.515334500124, 24056.619901291688, 24124.422445537206, 24134.28592572221, 24188.325240919436, 24298.38502580905, 24973.092445807542]","[11.040549963712692, 5.33403617888689, 5.315413668751717, 5.513079162687063, 5.320780746638775, 5.305826503783464, 5.303658057004213, 5.291809115558863, 5.267839811742306, 5.125516604632139]",1939.96484375,1967.1953125,42.70556640625,42.70556640625,0.0,122.0,122.0,
7,sne_benchmark_2819561_7,OK,1,1,2048,2048,98.942132409662,74.54641497507691,14.954713344573976,21.826728116720915,71.40873439982533,71.40873439982533,71.40873439982533,1.04655759036541,1.4954713344573975,5.493745546787977,28857.54780672012,"[7250.737340264055, 30806.843418496024, 30980.41443409237, 31248.105176320776, 31262.221431076978, 31376.928973435977, 31388.758693241038, 31355.42434218424, 31405.15052183503, 31500.893736254682]","[7.06135081127286, 1.6619683913886547, 1.65265703946352, 1.6384993493556976, 1.6377594955265522, 1.6317721866071224, 1.6311572082340717, 1.6328913122415543, 1.6303058303892612, 1.625350710004568]",2017.12890625,2017.12890625,146.39599609375,146.39599609375,0.0,488.0,488.0,
7,sne_benchmark_2819561_7,OK,1,2,1024,2048,152.55918708071113,79.49871021136642,63.28622476011515,70.74123159796,76.36628696322441,76.36628696322441,76.36628696322441,5.505332995206118,6.328622476011515,13.53580993041396,7752.040972203591,"[3483.884955190593, 8201.852504300916, 8186.807131712089, 8232.133634771397, 8224.808056030079, 8239.836845527681, 8226.078763533475, 8215.532356640568, 8244.61285248867, 8264.862621840444]","[14.696237292140722, 6.242492165416479, 6.253964357078075, 6.219529744237661, 6.225069284439087, 6.213715266436338, 6.224107678979635, 6.232097662985325, 6.210115734487772, 6.194900307804346]",1785.55859375,1785.55859375,94.228515625,94.228515625,0.0,246.0,246.0,
7,sne_benchmark_2819561_7,OK,1,4,512,2048,222.82980283349752,112.87158270180224,101.45306579768658,107.85890632867812,109.67857947945596,109.67857947945596,109.67857947945596,8.931027721613646,10.145306579768658,20.687808945775032,5053.451425478008,"[2352.8522222377146, 5338.04756454019, 5339.17291139244, 5352.704562630338, 5372.680632806915, 5348.175031769915, 5349.591266882386, 5343.245250249563, 5380.350045358136, 5357.694766912482]","[21.76082267984748, 9.591521877795458, 9.58950025588274, 9.565257973968983, 9.529693555086851, 9.573359079658985, 9.570824656635523, 9.58219164609909, 9.516109466552734, 9.55634880810976]",1945.2578125,1945.2578125,50.1171875,50.1171875,0.0,126.0,126.0,
7,sne_benchmark_2819561_7,OK,1,8,384,3072,446.3198647238314,167.33320298045874,269.3864834867418,276.5108901448548,164.16342547163367,164.16342547163367,164.16342547163367,24.489450316876173,26.938648348674175,47.20552677288652,2885.3573855971304,"[1589.8634373463822, 3027.7605883971028, 3030.00718087628, 3010.013604667187, 3054.201495375757, 3027.6233605892567, 3026.7993016735586, 2985.20555034117, 3053.206980453476, 3048.8923562511322]","[48.30603572353721, 25.365281619131565, 25.346474584192038, 25.514834843575954, 25.14568869024515, 25.366431307047606, 25.37333742529154, 25.726871635764837, 25.15387934446335, 25.18947572633624]",2294.75390625,2294.75390625,41.97509765625,41.97509765625,0.0,108.0,108.0,
7,sne_benchmark_2819561_7,OK,1,10,256,2560,470.3094771541655,139.64784494787455,321.7018096335232,328.3575146533549,136.52112329751253,136.52112329751253,136.52112329751253,29.20631823688745,32.17018096335232,57.5147351026535,2031.0143729402985,"[1092.6278925473007, 2144.531141964657, 2134.2884125572255, 2128.769431301467, 2142.8258437127, 2110.422309462288, 2130.9453639825683, 2141.350338291968, 2137.508538506483, 2146.8744570763242]","[58.57437874004245, 29.843353051692247, 29.986575208604336, 30.06431746855378, 29.867102913558483, 30.32568397000432, 30.033618450164795, 29.88768295198679, 29.94140086323023, 29.810779009014368]",2459.4453125,2459.4453125,29.54052734375,29.54052734375,0.0,68.0,68.0,
7,sne_benchmark_2819561_7,OK,1,12,128,1536,554.8712393864989,148.08689024299383,397.2292704433203,404.449341673404,144.96727637946606,144.96727637946606,144.96727637946606,36.3271833024919,39.722927044332025,67.15319396555424,981.6033343213884,"[562.3300612726865, 1029.2807566179752, 1024.0478482032977, 1031.2697969498377, 1021.2752797964322, 1027.3704609466993, 1033.6498645248491, 1037.8307886720877, 1024.7803321496697, 1024.1981540803479]","[68.28729716688395, 37.30760509520769, 37.49824782833457, 37.235648822039366, 37.60004844889045, 37.37697496637702, 37.14991054311395, 37.000251311808825, 37.47144514322281, 37.4927447848022]",2638.70703125,2638.70703125,15.681640625,15.681640625,0.0,46.0,46.0,
7,sne_benchmark_2819319_7,ERROR,40,8,64,20480,,,,,,,,,,,,,,,,,,,,,
7,sne_benchmark_2819319_7,ERROR,80,1,256,20480,,,,,,,,,,,,,,,,,,,,,
7,sne_benchmark_2819319_7,ERROR,80,2,1024,163840,,,,,,,,,,,,,,,,,,,,,
7,sne_benchmark_2819319_7,OK,8,2,1024,16384,576.0992375351489,280.31998398527503,275.89014498889446,293.06597796827555,234.96381368488076,265.20438013225794,276.4292914047837,26.79409684613347,27.589014498889448,33.41490652039647,14037.694202536672,"[11536.843143222906, 14363.232642293666, 13921.896761898479, 14405.424952452604, 14396.3201049669, 14327.61976042882, 14429.259943301942, 14334.546471393494, 14319.104833772117, 14342.693411635793]","[35.503646440804005, 28.51725723594427, 29.42127836495638, 28.4337325245142, 28.451715230941772, 28.58814002946019, 28.386764228343964, 28.57432572543621, 28.60514010861516, 28.558094929903746]",1751.2353515625,1786.078125,94.228515625,94.228515625,0.0,246.0,246.0,
7,sne_benchmark_2819561_7,OK,20,10,32,6400,1999.2051802799103,173.06416811421514,1811.1671022549272,1822.6001045070589,159.97023336589336,165.2813791498542,168.5343933403492,176.28306014463303,181.1167102254927,200.49684738740325,878.9916131329014,"[792.2056026715178, 880.1710088573174, 880.8095673128223, 877.242064174886, 884.9802897088122, 888.3116023419498, 890.451311374273, 894.6825092590755, 898.7588149712675, 902.3033606570928]","[201.9677713215351, 181.78285627439618, 181.65106958150864, 182.38979471474886, 180.79498703032732, 180.1169764958322, 179.68416459858418, 178.83438912034035, 178.02328871190548, 177.32395442202687]",2461.98828125,2494.02734375,4.4327392578125,4.435546875,0.0,26.0,26.0,
7,sne_benchmark_2819561_7,ERROR,20,10,4096,819200,,,,,,,,,,,,,,,,,,,,,
7,sne_benchmark_2819561_7,ERROR,20,12,2048,491520,,,,,,,,,,,,,,,,,,,,,
7,sne_benchmark_2819561_7,ERROR,1,160,128,20480,,,,,,,,,,,,,,,,,,,,,
7,sne_benchmark_2819561_7,OK,2,8,1024,16384,450.8123839199543,156.9628783762455,271.13043704628944,291.4026487879455,153.78110148012638,153.7989917639643,153.8168820478022,24.887315645813946,27.113043704628943,45.212625969201326,14468.808682180215,"[8618.945528334321, 14901.131041971365, 14972.28230198543, 15113.392694463038, 15020.821504262083, 15161.89897812452, 15140.689703786024, 15308.815111245074, 15359.428240125506, 15090.681717504816]","[47.52321483567357, 27.487846314907074, 27.357218608260155, 27.101790331304073, 27.26881481707096, 27.01508568227291, 27.052928764373064, 26.75582643225789, 26.66765934228897, 27.14257762953639]",2292.419921875,2295.765625,111.4140625,111.4140625,0.0,256.0,256.0,
7,sne_benchmark_2819561_7,OK,2,10,512,10240,543.6586543209851,178.48436583206058,351.3701361902058,362.831793256104,175.0536114834249,175.18998392112553,175.32635635882616,32.29697062075138,35.13701361902058,57.28998560830951,7256.133832347645,"[4356.138217724665, 7539.38640622701, 7550.174338670907, 7605.743197573446, 7476.8188891224545, 7519.060237517091, 7583.790417483126, 7634.601509893128, 7648.149511755774, 7647.475597508843]","[58.767648592591286, 33.95501784980297, 33.906501825898886, 33.65877513214946, 34.23916023597121, 34.04680796712637, 33.75620710849762, 33.53154708445072, 33.47214899584651, 33.47509864345193]",2467.896484375,2475.73828125,58.7216796875,58.7216796875,0.0,132.0,132.0,
7,sne_benchmark_2819561_7,OK,2,12,384,9216,636.1626496389508,187.09480522572997,436.28533082827926,446.79236856102943,183.97226393967867,183.97386406734583,183.97546419501305,40.2303464859724,43.62853308282793,70.70330568403006,5301.182403862852,"[3193.9460673044264, 5513.693585777082, 5450.441892292275, 5522.28131920654, 5528.35499222768, 5583.707488594598, 5522.113375895154, 5548.817356514176, 5595.539819729328, 5552.928141087261]","[72.13647167012095, 41.786870528012514, 42.27180191129446, 41.72188751026988, 41.676050167530775, 41.26290649548173, 41.72315639257431, 41.52236146852374, 41.17565193399787, 41.49162282422185]",2649.353515625,2657.84375,46.287109375,46.287109375,0.0,110.0,110.0,
7,sne_benchmark_2817934_7,OK,1,1,32,32,77.07670752704144,51.73618371412158,14.259165704250336,21.552302923053503,48.58433989435434,48.58433989435434,48.58433989435434,0.9990741312503816,1.4259165704250336,5.093973055481911,490.249267648023,"[99.5478819237297, 527.9768658272279, 528.0762197404366, 536.7772269286411, 537.3890410177877, 541.4172290177248, 526.0344523615335, 535.1139869622415, 538.648260037993, 531.5115126629146]","[8.036333717405796, 1.5152179040014744, 1.5149328261613846, 1.4903761930763721, 1.4886794090270996, 1.4776035137474537, 1.5208129361271858, 1.4950085766613483, 1.4851992651820183, 1.5051414333283901]",1994.02734375,1994.02734375,10.35498046875,10.35498046875,0.0,26.0,26.0,
7,sne_benchmark_2817934_7,OK,1,1,32,32,40.65726578235626,23.08500555157661,10.446939688175917,15.913780678063633,19.967692114412785,19.967692114412785,19.967692114412785,0.8090503141283989,1.0446939688175916,2.995517488569021,566.8899283116352,"[197.76602242063993, 609.5500135549628, 605.7695026867852, 613.6521190877772, 604.2842410269037, 617.4453577830254, 607.2614739359128, 612.1654538780887, 603.0243065996044, 597.9807921426525]","[4.045184254646301, 1.3124435767531395, 1.3206343278288841, 1.3036702312529087, 1.3238802962005138, 1.295661211013794, 1.3173896819353104, 1.3068362399935722, 1.3266463577747345, 1.3378356136381626]",1855.8359375,1855.8359375,10.35498046875,10.35498046875,0.0,26.0,26.0,
7,sne_benchmark_2817934_7,OK,1,1,640,640,58.38391624391079,37.23938215151429,13.572799287736416,19.43351498246193,34.09234904497862,34.09234904497862,34.09234904497862,0.994046051055193,1.3572799287736417,4.545437686145306,9644.542630888029,"[2878.742882192027, 10216.261506392973, 10361.737165242443, 10408.166685380911, 10389.814879085849, 10426.866608507047, 10427.543250064142, 10447.387582018455, 10488.399204905398, 10400.506545091028]","[5.557981610298157, 1.5661306232213974, 1.544142622500658, 1.5372543968260288, 1.539969690144062, 1.5344974286854267, 1.5343978554010391, 1.5314833372831345, 1.5254949480295181, 1.5383866094052792]",1948.703125,1948.703125,51.35009765625,51.35009765625,0.0,164.0,164.0,
7,sne_benchmark_2819561_7,ERROR,1,64,512,32768,,,,,,,,,,,,,,,,,,,,,
7,sne_benchmark_2817861_7,OK,2,2,64,256,200.6254529953003,90.49680135771632,97.83626498654483,105.86948234587908,87.14149636030197,87.16501077637076,87.18852519243956,8.995398681610823,9.783626498654485,16.632651317864656,633.2699845277124,"[328.16185753709095, 666.4774587151962, 665.5429240323231, 662.9735173227435, 666.6204376229879, 672.5773508199363, 671.5793903434367, 669.7189898455973, 667.7478162933194, 661.3001027444927]","[19.50257122516632, 9.602725367993116, 9.616209216415882, 9.653477601706982, 9.600665744394064, 9.515634138137102, 9.529774278402328, 9.556246869266033, 9.584456652402878, 9.677905648946762]",1811.951171875,1818.3359375,6.2138671875,6.2138671875,0.0,24.0,24.0,
7,sne_benchmark_2820670_7,ERROR,4,48,4096,786432,,,,,,,,,,,,,,,,,,,,,
7,sne_benchmark_2819561_7,ERROR,1,96,384,36864,,,,,,,,,,,,,,,,,,,,,
7,sne_benchmark_2819561_7,ERROR,1,128,256,32768,,,,,,,,,,,,,,,,,,,,,
