timestamp,chromosome,ff_0,ff_1,ff_2,generation,exp_name,train_it,max_p,minimal_p,vel_v,vel_E,vel_P,eff_v,eff_E,eff_P,prog_v,prog_E,prog_P,rew_10pct,rew_20pct,rew_30pct,rew_40pct,rew_50pct,rew_60pct,rew_70pct,rew_80pct,rew_90pct,rew_100pct,final_reward,steps90_pct
1764791171.3445227,"[0.7363917272757039, 0.9521266792825837, 0.7401750891362848, 0.5969469418454862, 0.4520427007583294, 0.7706519400641664, 0.4207966548269718, 0.9911108436948343, 0.7847586038725513, 0.2439833259016695, 0.4767159311311341, 0.08862734895094049, 0.09480786605931613, 0.8715003316040689, 0.2993355209389734]",0.0,100.0,257.6310721978909,0,"nsga-2382244-[0.670918, 4.83244, 0.672053, 0.479084, 0.435613, 0.585326, 2.97279, 0.397333, 3.4619, -5.12033, 0.25, 1.67725, 1.68962, 2, -3.50332]",0,257.6310721978909,300.0,0.0,100.0,0.0,0.0,100.0,0.0,12.91941058461259,1.3082587515435569,257.6310721978909,0.0,0.0,0.0,0.0,0.0,0.0,0.0,0.0,0.0,0.0,58.639793395996094,0.0
1764791171.3500998,"[0.9828014045349769, 0.9341735214893052, 0.9107112098843126, 0.946939576608633, 0.10303997608441429, 0.4802168533223242, 0.3958662522455567, 0.6861546822983579, 0.9394024359611011, 0.6192848864706958, 0.9076497546582194, 0.2602593601672194, 0.7071048377199253, 0.187510164354609, 0.2210147492422816]",0.0,100.0,6.273136194740854,0,"nsga-2382244-[0.74484, 4.76961, 0.723213, 0.584082, 0.330912, 0.440108, 2.88553, 0.305846, 3.84851, 2.3857, 0.25, 2.02052, 2.91421, 2, -3.89493]",0,6.273136194740854,300.0,0.0,100.0,0.0,0.0,100.0,0.0,6.237184361713688,0.599237982456277,6.273136194740854,0.0,0.0,0.0,0.0,0.0,0.0,0.0,0.0,0.0,0.0,1.0254260301589966,0.0
1764791171.3512707,"[0.8201918193719837, 0.08026987795925467, 0.7713083373205925, 0.7900400827648261, 0.1224667493916417, 0.3991434165193687, 0.6397500760243956, 0.8630315398144649, 0.6294225925925399, 0.08569530232117795, 0.8061900417798576, 0.45548050055630873, 0.028714696441287546, 0.5320815784451538, 0.20128550887382446]",0.0,100.0,4.592642146785085,0,"nsga-2382244-[0.696058, 1.78094, 0.681393, 0.537012, 0.33674, 0.399572, 3.73913, 0.358909, 3.07356, -8.28609, 0.25, 2.41096, 1.55743, 2, -3.99357]",0,4.592642146785085,300.0,0.0,100.0,0.0,0.0,100.0,0.0,5.875705144463516,0.06560783947749836,4.592642146785085,0.0,0.0,0.0,0.0,0.0,0.0,0.0,0.0,0.0,0.0,-0.12659120559692383,0.0
1764791171.3524122,"[0.3063651071598853, 0.022875570427650205, 0.9899027240113316, 0.2080452127927691, 0.548308523052977, 0.49236842770767186, 0.22805007457593784, 0.9504964994748603, 0.41571908103060773, 0.553179001989478, 0.95577014756032, 0.7925983263352411, 0.824314238948428, 0.906770152359974, 0.10999595179300148]",15.501827430725097,0.9817183980127661,415.06028233970085,0,"nsga-2382244-[0.54191, 1.58006, 0.746971, 0.362414, 0.464493, 0.446184, 2.29818, 0.385149, 2.5393, 1.06358, 0.25, 3.0852, 3.14863, 2, -4.45002]",0,415.06028233970085,300.0,15.501827430725097,0.98174488137408,301.5610902181486,15.500121395762374,0.9817183980127661,301.21694051230827,12.480007813616497,1.0604253422923204,415.06028233970085,0.0,0.0,0.0,0.0,0.0,0.0,0.0,0.0,0.0,0.0,300.891845703125,0.0
1764791171.3535752,"[0.7876657702480402, 0.9957584487441704, 0.20725635599063386, 0.06891009501478351, 0.8469059723824818, 0.057049787749468006, 0.23004066489170016, 0.9182420650984775, 0.9588508483883557, 0.2545552303565053, 0.7574497019841362, 0.2621382612326323, 0.6178577954692644, 0.08249054052380678, 0.21579325446189024]",0.0,100.0,128.57925165688118,0,"nsga-2382244-[0.6863, 4.98515, 0.512177, 0.320673, 0.554072, 0.228525, 2.30514, 0.375473, 3.89713, -4.9089, 0.25, 2.02428, 2.73572, 2, -3.92103]",0,128.57925165688118,300.0,0.0,100.0,0.0,0.0,100.0,0.0,16.23405675655458,1.0208839625847048,128.57925165688118,0.0,0.0,0.0,0.0,0.0,0.0,0.0,0.0,0.0,0.0,37.560237884521484,0.0
1764791171.3546844,"[0.40442326757462677, 0.696469826550225, 0.18691960050899303, 0.5437691930530549, 0.9742117663671884, 0.01795496840334998, 0.3030016922480955, 0.7303747172014536, 0.8372224907201536, 0.4260457305623584, 0.2967667523758828, 0.4287518606220705, 0.898420165814578, 0.7425131474516039, 0.3579077368505533]",0.0,100.0,250.07931297116164,0,"nsga-2382244-[0.571327, 3.93764, 0.506076, 0.463131, 0.592264, 0.208977, 2.56051, 0.319112, 3.59306, -1.47909, 0.25, 2.3575, 3.29684, 2, -3.21046]",0,250.07931297116164,300.0,0.0,100.0,0.0,0.0,100.0,0.0,16.786564738576004,0.8391515632955039,250.07931297116164,0.0,0.0,0.0,0.0,0.0,0.0,0.0,0.0,0.0,0.0,55.53373718261719,0.0
1764791171.3561215,"[0.7734750256240751, 0.3964022963570091, 0.12059227264480676, 0.938407446635185, 0.6646834020636534, 0.009253364899940886, 0.9095010624298312, 0.6080501298136801, 0.7517779471681738, 0.14627679718235154, 0.30369147524518225, 0.017618128653420162, 0.31765875349891515, 0.48248018180478114, 0.43456341929508435]",0.0,100.0,23.284117107856563,0,"nsga-2382244-[0.682043, 2.88741, 0.486178, 0.581522, 0.499405, 0.204627, 4.68325, 0.282415, 3.37944, -7.07446, 0.25, 1.53524, 2.13532, 2, -2.82718]",0,23.284117107856563,300.0,0.0,100.0,0.0,0.0,100.0,0.0,10.465393843301912,0.6622491874345919,23.284117107856563,0.0,0.0,0.0,0.0,0.0,0.0,0.0,0.0,0.0,0.0,10.211691856384277,0.0
1764791171.3572445,"[0.733487019614066, 0.8038049450249024, 0.5086769788723882, 0.5786793808014121, 0.551067886075036, 0.5467089857768986, 0.013581001970164874, 0.0201359307159642, 0.19242988918340764, 0.26835242227780953, 0.48925735511622337, 0.7828984921392065, 0.6208394595209196, 0.25819978979959624, 0.6003924312733937]",0.0,100.0,220.25260540101587,0,"nsga-2382244-[0.670046, 4.31332, 0.602603, 0.473604, 0.46532, 0.473354, 1.54753, 0.106041, 1.98107, -4.63295, 0.25, 3.0658, 2.74168, 2, -1.99804]",0,220.25260540101587,300.0,0.0,100.0,0.0,0.0,100.0,0.0,12.9739030791492,0.959509209597983,220.25260540101587,0.0,0.0,0.0,0.0,0.0,0.0,0.0,0.0,0.0,0.0,127.87957763671875,0.0
1764791171.358359,"[0.8619168971099027, 0.30176186315882714, 0.46625427698660304, 0.488389591421013, 0.23988975594958672, 0.8493091468198349, 0.3907212173073491, 0.8296736141826236, 0.656334883747098, 0.9520015149279941, 0.38275186623694857, 0.8518822169826734, 0.7297489125236275, 0.09049871437528523, 0.9432184616898124]",11.93587786511677,0.8359600596311616,404.0034795249381,0,"nsga-2382244-[0.708575, 2.55617, 0.589876, 0.446517, 0.371967, 0.624655, 2.86752, 0.348902, 3.14084, 9.04003, 0.25, 3.20376, 2.9595, 2, -0.283908]",0,404.0034795249381,300.0,11.93587786511677,0.9381504995066945,300.4661727160942,10.516032781833555,0.8359600596311616,386.8852111444241,9.35372600090213,0.872950462306418,404.0034795249381,0.0,0.0,0.0,0.0,0.0,0.0,0.0,0.0,0.0,0.0,298.3715515136719,0.0
1764791171.3594477,"[0.6337566409165838, 0.31180631908540146, 0.8845742349178979, 0.9078700485487398, 0.07092469554127134, 0.8961626724508851, 0.3862177763844623, 0.9908332621103786, 0.6514285412593711, 0.10427381256093082, 0.7910458304836941, 0.5544870961223394, 0.7336415327189455, 0.03782966492055562, 0.7934673869434272]",0.0,100.0,127.11949180975193,0,"nsga-2382244-[0.640127, 2.59132, 0.715372, 0.572361, 0.321277, 0.648081, 2.85176, 0.39725, 3.12857, -7.91452, 0.25, 2.60897, 2.96728, 2, -1.03266]",0,127.11949180975193,300.0,0.0,100.0,0.0,0.0,100.0,0.0,8.307927129326798,1.7245217067439382,127.11949180975193,0.0,0.0,0.0,0.0,0.0,0.0,0.0,0.0,0.0,0.0,14.786425590515137,0.0
1764791171.3605509,"[0.9646821650875068, 0.40053783145323785, 0.8820206992073805, 0.1130289263112988, 0.28367872028875785, 0.23819407318800578, 0.30865355479400003, 0.4191344477985982, 0.2493055354156003, 0.4516999101274397, 0.8982309696505972, 0.8874001270022187, 0.7866246087696901, 0.9549742967891228, 0.7355301524877342]",16.789914531242555,0.7880441101585947,374.7784401870355,0,"nsga-2382244-[0.739405, 2.90188, 0.714606, 0.333909, 0.385104, 0.319097, 2.58029, 0.22574, 2.12326, -0.966002, 0.25, 3.2748, 3.07325, 2, -1.32235]",0,374.7784401870355,300.0,16.789914531242555,0.9438288569450378,309.64982344464556,11.298854576669088,0.7880441101585947,371.446723119224,11.065725647530904,0.7916594900735995,374.7784401870355,0.0,0.0,0.0,0.0,0.0,0.0,0.0,0.0,0.0,0.0,336.24169921875,0.0
1764791171.3616512,"[0.6476171800805257, 0.7086691006863282, 0.10605752794209145, 0.8896516737304128, 0.8907808335640905, 0.6651317144730365, 0.37256685180800264, 0.7055648650721348, 0.9141288030764446, 0.38116268679367893, 0.378880358343625, 0.48648866185206663, 0.5790014959186055, 0.964132955519296, 0.3902737981567065]",16.559549996911027,0.9303597406643193,364.047364211664,0,"nsga-2382244-[0.644285, 3.98034, 0.481817, 0.566896, 0.567234, 0.532566, 2.80398, 0.311669, 3.78532, -2.37675, 0.25, 2.47298, 2.658, 2, -3.04863]",0,364.047364211664,300.0,16.559549996911027,1.0040295158944479,300.6899338512886,13.961102550785716,0.9303597406643193,363.97390151605373,14.015774447743485,0.9319025877045422,364.047364211664,0.0,0.0,0.0,0.0,0.0,0.0,0.0,0.0,0.0,0.0,256.4874572753906,0.0
1764791171.3630106,"[0.04907502014237142, 0.8877188717388257, 0.32190464029250454, 0.5472139562001577, 0.28633040545837796, 0.056389432047123544, 0.3011903613913869, 0.03223068225316339, 0.6727208798496093, 0.5794717115191133, 0.25459580352114786, 0.04502710781359198, 0.3316393437302012, 0.15851042444709806, 0.3500310870478732]",0.0,100.0,128.37557554477598,0,"nsga-2382244-[0.464723, 4.60702, 0.546571, 0.464164, 0.385899, 0.228195, 2.55417, 0.109669, 3.1818, 1.58943, 0.25, 1.59005, 2.16328, 2, -3.24984]",0,128.37557554477598,300.0,0.0,100.0,0.0,0.0,100.0,0.0,16.1487818880779,1.0084807529682067,128.37557554477598,0.0,0.0,0.0,0.0,0.0,0.0,0.0,0.0,0.0,0.0,43.68756103515625,0.0
1764791171.3641415,"[0.4568832799589986, 0.25534299053086706, 0.9565349658428262, 0.4575780014629667, 0.323298172638683, 0.20555473620030662, 0.4728147761652862, 0.3432115351325652, 0.6511388003302883, 0.4405698468150575, 0.3203735747388672, 0.2308260766583855, 0.3482529481502129, 0.2163305621091095, 0.2421580845692236]",15.981201911554104,0.8022165847987663,397.8910697006598,0,"nsga-2382244-[0.587065, 2.3937, 0.73696, 0.437273, 0.396989, 0.302777, 3.15485, 0.202963, 3.12785, -1.1886, 0.25, 1.96165, 2.19651, 2, -3.78921]",0,397.8910697006598,300.0,15.981201911554104,0.8783358126151852,300.2095207214355,12.848858977527152,0.8022165847987663,385.37045381127336,10.413391992522449,0.8811847820514586,397.8910697006598,0.0,0.0,0.0,0.0,0.0,0.0,0.0,0.0,0.0,0.0,269.0806579589844,0.0
1764791171.3652346,"[0.5073840176922655, 0.7298000199361412, 0.7409214243962328, 0.5073163493032435, 0.12599358022249918, 0.15618032050343766, 0.5698930063096992, 0.49737278103484805, 0.7874794126439058, 0.3457954465958133, 0.7835284886629078, 0.3975845649624601, 0.029529607570394245, 0.550801513018773, 0.7476663291261783]",0.0,100.0,161.65572438588956,0,"nsga-2382244-[0.602215, 4.0543, 0.672276, 0.452195, 0.337798, 0.27809, 3.49463, 0.249212, 3.4687, -3.08409, 0.25, 2.29517, 1.55906, 2, -1.26167]",0,161.65572438588956,300.0,0.0,100.0,0.0,0.0,100.0,0.0,13.95641490657155,1.120978180082833,161.65572438588956,0.0,0.0,0.0,0.0,0.0,0.0,0.0,0.0,0.0,0.0,10.125720024108887,0.0
1764791171.3663228,"[0.7929567157348396, 0.0004369076019064, 0.6777690506718335, 0.1561975373103286, 0.019705158253352284, 0.3551269904118991, 0.5398153850052556, 0.1614587150961181, 0.6946394348970661, 0.8216953705356146, 0.6439677645187513, 0.9685696271938102, 0.3283566425155302, 0.4752326226423712, 0.23999175499308645]",0.0,100.0,126.32990935721048,0,"nsga-2382244-[0.687887, 1.50153, 0.653331, 0.346859, 0.305912, 0.377563, 3.38935, 0.148438, 3.2366, 6.43391, 0.25, 3.43714, 2.15671, 2, -3.80004]",0,126.32990935721048,300.0,0.0,100.0,0.0,0.0,100.0,0.0,8.272800643269608,1.0125195378210488,126.32990935721048,0.0,0.0,0.0,0.0,0.0,0.0,0.0,0.0,0.0,0.0,49.14649963378906,0.0
1764791171.3674414,"[0.6433826075053787, 0.794426304964843, 0.4654990572268837, 0.729820953449184, 0.9276074002247333, 0.5474652897701129, 0.8757796937395971, 0.8114597304992414, 0.6793307029430008, 0.3733683231857624, 0.4176737131912295, 0.8402996356274958, 0.04210269623753493, 0.29753044116024996, 0.3654997301918145]",13.487467579725312,1.0492303577865043,323.0123481936571,0,"nsga-2382244-[0.643015, 4.28049, 0.58965, 0.518946, 0.578282, 0.473733, 4.56523, 0.343438, 3.19833, -2.53263, 0.25, 3.1806, 1.58421, 2, -3.1725]",0,323.0123481936571,300.0,13.487467579725312,1.052982559436705,301.0376766856124,13.014778662890922,1.0492303577865043,308.59882321241423,11.996373823212414,1.0537823432829323,323.0123481936571,0.0,0.0,0.0,0.0,0.0,0.0,0.0,0.0,0.0,0.0,216.0635223388672,0.0
1764791171.3685381,"[0.11370378350880728, 0.991117553997028, 0.8479039517375905, 0.5189630316543951, 0.44114753160602016, 0.7995258142411418, 0.15841811822943308, 0.995156260133818, 0.2487653689759204, 0.09145318103838052, 0.8007531472648333, 0.8932102799656884, 0.039669838670115976, 0.9512265581679912, 0.8170280240504403]",0.0,100.0,31.008184879582103,0,"nsga-2382244-[0.484111, 4.96891, 0.704371, 0.455689, 0.432344, 0.599763, 2.05446, 0.398547, 2.12191, -8.17094, 0.25, 3.28642, 1.57934, 2, -0.91486]",0,31.008184879582103,300.0,0.0,100.0,0.0,0.0,100.0,0.0,12.282147407531738,1.2281654491657163,31.008184879582103,0.0,0.0,0.0,0.0,0.0,0.0,0.0,0.0,0.0,0.0,3.717677116394043,0.0
1764791171.3696325,"[0.4189268537543308, 0.4753367223328, 0.2574750304226987, 0.03170201620802249, 0.010181592699292863, 0.07171059792310541, 0.11728109863671565, 0.5896086721772774, 0.2854145998179719, 0.6087998981792943, 0.778640305245734, 0.4738687308832198, 0.059142865846645076, 0.44699342378120965, 0.3998152445998038]",13.977583201338605,0.8555170361588641,394.2722403921732,0,"nsga-2382244-[0.575678, 3.16368, 0.527243, 0.309511, 0.303054, 0.235855, 1.91048, 0.276883, 2.21354, 2.176, 0.25, 2.44774, 1.61829, 2, -3.00092]",0,394.2722403921732,300.0,13.977583201338605,0.8894325971603394,301.17180432575503,12.795616926798006,0.8555170361588641,375.8139358148342,11.142539670990734,0.9283405091704392,394.2722403921732,0.0,0.0,0.0,0.0,0.0,0.0,0.0,0.0,0.0,0.0,148.06626892089844,0.0
1764791171.3707526,"[0.5899970138012746, 0.11671495837736334, 0.7247534922609286, 0.8565861068031595, 0.25095944546719473, 0.8333961495805629, 0.3714917774659171, 0.7997043021146197, 0.9501823544814066, 0.6563946202348385, 0.9566870083683866, 0.6777850863566373, 0.026262747205413217, 0.47992623662430334, 0.3243038704248492]",12.755445912989174,0.9088962569469359,339.5373139916397,0,"nsga-2382244-[0.626999, 1.9085, 0.667426, 0.556976, 0.375288, 0.616698, 2.80022, 0.339911, 3.87546, 3.12789, 0.25, 2.85557, 1.55253, 2, -3.37848]",0,339.5373139916397,300.0,12.755445912989174,0.9379814031647473,300.16321920999667,11.34144794650194,0.9088962569469359,326.77471436291205,10.194693128074087,0.9503556036367649,339.5373139916397,0.0,0.0,0.0,0.0,0.0,0.0,0.0,0.0,0.0,0.0,133.18936157226562,0.0
1764791171.3718705,"[0.3891889095182526, 0.18344317188143278, 0.7062076836753932, 0.3390622822269804, 0.40387820381576767, 0.8854172845045024, 0.04054581103677968, 0.16652587043344802, 0.505298487569416, 0.7660566262012607, 0.777256875711956, 0.6314971155641387, 0.6234098720868677, 0.2120356426586364, 0.6135646006723674]",15.21786540892066,0.9240666107433598,362.6162115887898,0,"nsga-2382244-[0.566757, 2.14205, 0.661862, 0.401719, 0.421163, 0.642709, 1.64191, 0.149958, 2.76325, 5.32113, 0.25, 2.76299, 2.74682, 2, -1.93218]",0,362.6162115887898,300.0,15.21786540892066,0.9923743591075991,300.4162917346489,12.50038156276796,0.9240666107433598,361.55576570092177,13.433017693496332,0.9343691933445815,362.6162115887898,0.0,0.0,0.0,0.0,0.0,0.0,0.0,0.0,0.0,0.0,243.47808837890625,0.0
1764791171.372982,"[0.5774315281594062, 0.6089592694073792, 0.2628431396874161, 0.3373496180570129, 0.10606626391818041, 0.002100203535103984, 0.27942529242315106, 0.5311215254276578, 0.6640901289220343, 0.48127191304542793, 0.3029413746928874, 0.20294329206834705, 0.4429128180463183, 0.4705848053802866, 0.6894808621862621]",16.63208178543463,0.7188825328175614,385.6994779261147,0,"nsga-2382244-[0.623229, 3.63136, 0.528853, 0.401205, 0.33182, 0.20105, 2.47799, 0.259336, 3.16023, -0.374562, 0.25, 1.90589, 2.38583, 2, -1.5526]",0,385.6994779261147,300.0,16.63208178543463,0.8130982224534198,300.6017680098371,12.830368148989793,0.7188825328175614,371.8186558793231,12.47473057072337,0.7196905325098736,385.6994779261147,0.0,0.0,0.0,0.0,0.0,0.0,0.0,0.0,0.0,0.0,226.77578735351562,0.0
1764791171.374078,"[0.38626067614720583, 0.5908593379610338, 0.9261549207892119, 0.9933269780888492, 0.7672751395920252, 0.2343481788983286, 0.8533092730648393, 0.1986635892161216, 0.4777527317409098, 0.9829707124988756, 0.0653605950095133, 0.9433543201484057, 0.6216836567805254, 0.32224538345964504, 0.1972319765309526]",0.0,100.0,197.13651692460223,0,"nsga-2382244-[0.565878, 3.56801, 0.727846, 0.597998, 0.530183, 0.317174, 4.48658, 0.159599, 2.69438, 9.65941, 0.25, 3.38671, 2.74337, 2, -4.01384]",0,197.13651692460223,300.0,0.0,100.0,0.0,0.0,100.0,0.0,11.955326987475884,0.773561222669555,197.13651692460223,0.0,0.0,0.0,0.0,0.0,0.0,0.0,0.0,0.0,0.0,95.55934143066406,0.0
1764791171.375358,"[0.19943043545009964, 0.4758977428481196, 0.6194584710955792, 0.27166884897413823, 0.3416246895330791, 0.40804474980613736, 0.9820743083955279, 0.45919328829082884, 0.7290581349708171, 0.5585989386872695, 0.4774288600253499, 0.20937754261916042, 0.3416638510626012, 0.9428742763171544, 0.3960857729196905]",17.787844253167872,0.7869629522649253,431.2476586690763,0,"nsga-2382244-[0.509829, 3.16564, 0.635838, 0.381501, 0.402487, 0.404022, 4.93726, 0.237758, 3.32265, 1.17198, 0.25, 1.91876, 2.18333, 2, -3.01957]",0,431.2476586690763,300.0,17.787844253167872,0.873883241560401,300.18648439732993,14.014097246309605,0.7869629522649253,407.3798433629478,12.052996854084293,0.8598367228740599,431.2476586690763,0.0,0.0,0.0,0.0,0.0,0.0,0.0,0.0,0.0,0.0,278.1195983886719,0.0
1764791171.376468,"[0.7764732354580386, 0.06486893557936457, 0.42914581460363255, 0.3794214389228169, 0.9987050761564423, 0.7761023850299087, 0.808608853779323, 0.47177011096687327, 0.5356601069695776, 0.4871038770538969, 0.19350080561055882, 0.48383809515496967, 0.5011668749451275, 0.5021767260815984, 0.9802897133700176]",14.129293683680093,1.011966178766111,338.6832682167611,0,"nsga-2382244-[0.682942, 1.72704, 0.578744, 0.413826, 0.599612, 0.588051, 4.33013, 0.241531, 2.83915, -0.257922, 0.25, 2.46768, 2.50233, 2, -0.0985514]",0,338.6832682167611,300.0,14.129293683680093,1.0801122142047417,300.0371390365973,11.205314785096704,1.011966178766111,318.09875413848135,12.19823848910448,1.0397740285571029,338.6832682167611,0.0,0.0,0.0,0.0,0.0,0.0,0.0,0.0,0.0,0.0,207.64706420898438,0.0
1764791171.377559,"[0.5361134434935909, 0.5054691150022281, 0.9233435081018881, 0.495694474422666, 0.6171512090271506, 0.780795524784859, 0.6622497297632988, 0.4836484414206802, 0.45778343788107845, 0.3832910502928474, 0.1609781862898254, 0.09365535165190819, 0.010478037717063904, 0.016152760800511312, 0.1223569154281412]",0.0,100.0,246.02269004263528,0,"nsga-2382244-[0.610834, 3.26914, 0.727003, 0.448708, 0.485145, 0.590398, 3.81787, 0.245095, 2.64446, -2.33418, 0.25, 1.68731, 1.52096, 2, -4.38822]",0,246.02269004263528,300.0,0.0,100.0,0.0,0.0,100.0,0.0,11.195946670160062,1.4069043991042347,246.02269004263528,0.0,0.0,0.0,0.0,0.0,0.0,0.0,0.0,0.0,0.0,87.43883514404297,0.0
1764791171.378677,"[0.684033062489692, 0.3224399438251858, 0.15440933633715193, 0.7310820280462247, 0.36979573512418074, 0.3165514290789945, 0.8857827875756499, 0.4735172450865206, 0.42404278088557146, 0.8154549581747396, 0.07780567955525874, 0.7711760748890154, 0.8720651691724037, 0.03350124587953951, 0.39710826778396435]",11.883017439958525,0.7438509281088667,353.93450458805734,0,"nsga-2382244-[0.65521, 2.62854, 0.496323, 0.519325, 0.410939, 0.358276, 4.60024, 0.242055, 2.56011, 6.3091, 0.25, 3.04235, 3.24413, 2, -3.01446]",0,353.93450458805734,300.0,11.883017439958525,0.8224961798365523,301.176584280991,11.48442212546744,0.7438509281088667,348.5793236337057,11.297502601437452,0.7450579957264226,353.93450458805734,0.0,0.0,0.0,0.0,0.0,0.0,0.0,0.0,0.0,0.0,209.96524047851562,0.0
1764791171.3846748,"[0.8842675400946398, 0.06848688128266789, 0.9795576501082592, 0.2752437448299434, 0.7195526326548337, 0.5436280249651801, 0.36621242322859904, 0.8675978513547308, 0.56882587524005, 0.8430089290338878, 0.46296605131129376, 0.0527514360693222, 0.9109720133059541, 0.6509370600865172, 0.005633839304394539]",12.917528073380634,1.1049811747015976,324.96269680116234,0,"nsga-2382244-[0.71528, 1.7397, 0.743867, 0.382573, 0.515866, 0.471814, 2.78174, 0.360279, 2.92206, 6.86018, 0.25, 1.6055, 3.32194, 2, -4.97183]",0,324.96269680116234,300.0,12.917528073380634,1.1049811747015976,300.02734345226753,12.917528073380634,1.1049811747015976,300.02734345226753,9.398784460672518,1.1206892060070504,324.96269680116234,0.0,0.0,0.0,0.0,0.0,0.0,0.0,0.0,0.0,0.0,154.65635681152344,0.0
1764791171.3859415,"[0.30349518742540094, 0.28454214202470807, 0.24388923952231878, 0.6085647829279699, 0.44349486654098613, 0.4883186258329303, 0.5771607456092007, 0.6969904358825495, 0.46106095553614, 0.02392477372463353, 0.9666229964468981, 0.9764092539489817, 0.11501430770088661, 0.6757132325861878, 0.5457371351768676]",0.0,100.0,119.46555921973251,0,"nsga-2382244-[0.541049, 2.4959, 0.523167, 0.482569, 0.433048, 0.444159, 3.52006, 0.309097, 2.65265, -9.5215, 0.25, 3.45282, 1.73003, 2, -2.27131]",0,119.46555921973251,300.0,0.0,100.0,0.0,0.0,100.0,0.0,14.193617685829722,1.1903348771537223,119.46555921973251,0.0,0.0,0.0,0.0,0.0,0.0,0.0,0.0,0.0,0.0,55.49666213989258,0.0
1764791171.3870616,"[0.7519402277614922, 0.2489420202679471, 0.8566733520978, 0.6824380742744984, 0.9609522869215864, 0.30648516184865426, 0.8049007094063916, 0.4777023896375405, 0.020297361519172386, 0.7433752420713802, 0.39007709479351427, 0.015524507881123584, 0.027622718797097212, 0.18189345297991055, 0.022010000443422495]",0.0,100.0,85.55173023503,0,"nsga-2382244-[0.675582, 2.3713, 0.707002, 0.504731, 0.588286, 0.353243, 4.31715, 0.243311, 1.55074, 4.8675, 0.25, 1.53105, 1.55525, 2, -4.88995]",0,85.55173023503,300.0,0.0,100.0,0.0,0.0,100.0,0.0,14.539812008927509,1.068505165053577,85.55173023503,0.0,0.0,0.0,0.0,0.0,0.0,0.0,0.0,0.0,0.0,32.876861572265625,0.0
1764791171.388152,"[0.13132835155120282, 0.9672220494902843, 0.8079199131881527, 0.9434636101520814, 0.9193866932683272, 0.5907382460338474, 0.23035357950215996, 0.601018572715967, 0.6418354807655257, 0.19504553108858003, 0.8528485843998872, 0.6303134285872597, 0.08252668059248414, 0.2315569784368774, 0.3542538076635706]",0.0,100.0,63.72842787765875,0,"nsga-2382244-[0.489399, 4.88528, 0.692376, 0.583039, 0.575816, 0.495369, 2.30624, 0.280306, 3.10459, -6.09909, 0.25, 2.76063, 1.66505, 2, -3.22873]",0,63.72842787765875,300.0,0.0,100.0,0.0,0.0,100.0,0.0,13.532982086553806,1.1690723346500862,63.72842787765875,0.0,0.0,0.0,0.0,0.0,0.0,0.0,0.0,0.0,0.0,6.928540229797363,0.0
1764791171.3892403,"[0.8446848242402246, 0.02362146353968131, 0.669793856266265, 0.7812803760514618, 0.6180557888498783, 0.32378429056698854, 0.15440199383484432, 0.46920328236024866, 0.08749817031208706, 0.4607799434066375, 0.6790849978314364, 0.009150519241503563, 0.6185138697224939, 0.332182981626011, 0.40541079435967464]",11.908174477553949,1.0817080756513084,300.8598406721906,0,"nsga-2382244-[0.703405, 1.58268, 0.650938, 0.534384, 0.485417, 0.361892, 2.04041, 0.240761, 1.71875, -0.784401, 0.25, 1.5183, 2.73703, 2, -2.97295]",0,300.8598406721906,300.0,11.908174477553949,1.084150442262975,300.36620719723584,11.841845261178365,1.0817080756513084,300.6152795000774,11.849137757464153,1.0818816943866452,300.8598406721906,0.0,0.0,0.0,0.0,0.0,0.0,0.0,0.0,0.0,0.0,116.67935943603516,0.0
1764791171.3903553,"[0.24390065033622998, 0.803245962689274, 0.11532646174350603, 0.6882824497786355, 0.5209641080987428, 0.7897879923705975, 0.2096911816282776, 0.9970588847588676, 0.9693673595164802, 0.7491995593168522, 0.6645751264654548, 0.6001538739215382, 0.015414653412811674, 0.7901284473648829, 0.9224207523698769]",13.816305011656226,0.9103234166052283,318.98306668909584,0,"nsga-2382244-[0.52317, 4.31136, 0.484598, 0.506485, 0.456289, 0.594894, 2.23392, 0.399118, 3.92342, 4.98399, 0.25, 2.70031, 1.53083, 2, -0.387896]",0,318.98306668909584,300.0,13.816305011656226,0.9133334043549328,300.0169361393626,13.770206409547388,0.9103234166052283,303.9955150697289,13.186019311300138,0.9259470968711667,318.98306668909584,0.0,0.0,0.0,0.0,0.0,0.0,0.0,0.0,0.0,0.0,139.26893615722656,0.0
1764791171.3914535,"[0.5822565594523521, 0.8009280628150064, 0.6544291060737613, 0.6934009471109791, 0.0738992840659235, 0.836495240271553, 0.3909042644031655, 0.9850871203353713, 0.8756692876709535, 0.4663259086944683, 0.8504568436524368, 0.7223869360626719, 0.5921185186348434, 0.25995355108271745, 0.8302060009697346]",17.740247838090106,0.8712705138253003,398.88906450969415,0,"nsga-2382244-[0.624677, 4.30325, 0.646329, 0.50802, 0.32217, 0.618248, 2.86816, 0.395526, 3.68917, -0.673482, 0.25, 2.94477, 2.68424, 2, -0.84897]",0,398.88906450969415,300.0,17.740247838090106,0.9225857810276311,300.34328088527775,14.678862069292766,0.8712705138253003,371.7400031485209,10.88267336124327,0.9578529261961216,398.88906450969415,0.0,0.0,0.0,0.0,0.0,0.0,0.0,0.0,0.0,0.0,267.2523498535156,0.0
1764791171.392812,"[0.7258390284942026, 0.0021787073785806133, 0.6597815867756877, 0.7418879650740833, 0.08554865512607579, 0.16615129129186945, 0.10862904512312388, 0.4238191333127226, 0.801193107834812, 0.8474018679233594, 0.6478761838573989, 0.7844588970387038, 0.34329201982605506, 0.20457838907228154, 0.0984200586342221]",0.0,100.0,2.4796293770394673,0,"nsga-2382244-[0.667752, 1.50763, 0.647934, 0.522566, 0.325665, 0.283076, 1.8802, 0.227146, 3.50298, 6.94804, 0.25, 3.06892, 2.18658, 2, -4.5079]",0,2.4796293770394673,300.0,0.0,100.0,0.0,0.0,100.0,0.0,8.0038988625131,0.07972093944142504,2.4796293770394673,0.0,0.0,0.0,0.0,0.0,0.0,0.0,0.0,0.0,0.0,0.66350257396698,0.0
1764791171.3939192,"[0.25256989959607345, 0.4906498317994068, 0.058648249425463095, 0.5421480436220312, 0.7087367642117496, 0.4646019499721812, 0.3971207853716626, 0.10268083742387246, 0.6492580943200699, 0.4946115799369045, 0.9465009637689326, 0.9795026145085834, 0.9984148664129396, 0.5952104750954699, 0.2887690482983364]",0.0,100.0,291.7736109291635,0,"nsga-2382244-[0.525771, 3.21727, 0.467594, 0.462644, 0.512621, 0.432301, 2.88992, 0.130804, 3.12315, -0.107768, 0.25, 3.45901, 3.49683, 2, -3.55615]",0,291.7736109291635,300.0,0.0,100.0,0.0,0.0,100.0,0.0,16.237613082513576,0.8339485587143316,291.7736109291635,0.0,0.0,0.0,0.0,0.0,0.0,0.0,0.0,0.0,0.0,175.2603759765625,0.0
1764791171.3950016,"[0.8688384868528785, 0.3797188281528343, 0.019425851292093843, 0.8044443290111242, 0.7308486444678983, 0.15983638243494702, 0.8869068086011497, 0.9153796427229197, 0.6149516258354869, 0.1868775053173053, 0.14681689599228853, 0.5586500077022549, 0.7723696167626501, 0.751845833391936, 0.38013422749969883]",0.0,100.0,44.380730912743545,0,"nsga-2382244-[0.710652, 2.82902, 0.455828, 0.541333, 0.519255, 0.279918, 4.60417, 0.374614, 3.03738, -6.26245, 0.25, 2.6173, 3.04474, 2, -3.09933]",0,44.380730912743545,300.0,0.0,100.0,0.0,0.0,100.0,0.0,14.523126653345619,1.1292571038734622,44.380730912743545,0.0,0.0,0.0,0.0,0.0,0.0,0.0,0.0,0.0,0.0,19.216867446899414,0.0
1764791171.3960798,"[0.8853110112650564, 0.07936467938503855, 0.2078096859510269, 0.5867196378782021, 0.3630816032838463, 0.8598522502566984, 0.8218826006627726, 0.38324210078199494, 0.0955203014548135, 0.15401746224779755, 0.03245815571817634, 0.17577889939313518, 0.12757439905929768, 0.3562732355206011, 0.9276822037595186]",0.0,100.0,112.15570893636564,0,"nsga-2382244-[0.715593, 1.77778, 0.512343, 0.476016, 0.408924, 0.629926, 4.37659, 0.214973, 1.7388, -6.91965, 0.25, 1.85156, 1.75515, 2, -0.361589]",0,112.15570893636564,300.0,0.0,100.0,0.0,0.0,100.0,0.0,10.809432885704972,1.2869763039961093,112.15570893636564,0.0,0.0,0.0,0.0,0.0,0.0,0.0,0.0,0.0,0.0,47.04713821411133,0.0
1764791171.3971734,"[0.9659614701654037, 0.07553494944097427, 0.21680477987167135, 0.8775435275893051, 0.2922854147469579, 0.5551877705438758, 0.45257492189158155, 0.36023903380793476, 0.9062131640646199, 0.45114555389150757, 0.19937809376862026, 0.733902452310592, 0.6298373676656901, 0.14432478286463268, 0.32554710335880277]",0.0,100.0,273.26667781922873,0,"nsga-2382244-[0.739788, 1.76437, 0.515041, 0.563263, 0.387686, 0.477594, 3.08401, 0.208072, 3.76553, -0.977089, 0.25, 2.9678, 2.75967, 2, -3.37226]",0,273.26667781922873,300.0,0.0,100.0,0.0,0.0,100.0,0.0,12.022745569740854,0.9340735063320253,273.26667781922873,0.0,0.0,0.0,0.0,0.0,0.0,0.0,0.0,0.0,0.0,180.83126831054688,0.0
1764791171.3982532,"[0.6843687006415726, 0.05980095138006014, 0.9640762298532811, 0.7571048237918688, 0.741904230670674, 0.3563184955352775, 0.7311370845887679, 0.9162290272649524, 0.49562260853464823, 0.021285596380514527, 0.005578433735148769, 0.5969202303620785, 0.941091429082349, 0.8077690156951007, 0.38661382584187254]",0.0,100.0,64.11599399287526,0,"nsga-2382244-[0.655311, 1.7093, 0.739223, 0.527131, 0.522571, 0.378159, 4.05898, 0.374869, 2.73906, -9.57429, 0.25, 2.69384, 3.38218, 2, -3.06693]",0,64.11599399287526,300.0,0.0,100.0,0.0,0.0,100.0,0.0,13.827061755482744,1.052128084694467,64.11599399287526,0.0,0.0,0.0,0.0,0.0,0.0,0.0,0.0,0.0,0.0,12.000467300415039,0.0
1764791495.107641,"[0.9659614701654037, 0.07553494944097427, 0.21680477987167135, 0.8775435275893051, 0.2922854147469579, 0.5554462347514996, 0.390359729745611, 0.36151398933245615, 0.8758518802806888, 0.45114555389150757, 0.19937809376862026, 0.733902452310592, 0.6298373676656901, 0.14432478286463268, 0.8303954822817767]",12.608348651048614,0.8920855679163119,307.05406557408776,1,"nsga-2382244-[0.739788, 1.76437, 0.515041, 0.563263, 0.387686, 0.477723, 2.86626, 0.208454, 3.68963, -0.977089, 0.25, 2.9678, 2.75967, 2, -0.848023]",0,307.05406557408776,300.0,12.608348651048614,0.9426534210763327,300.420734833508,11.944359281586438,0.8920855679163119,300.60990042337556,12.049358814518627,0.8984313118748548,307.05406557408776,0.0,0.0,0.0,0.0,0.0,0.0,0.0,0.0,0.0,0.0,209.85202026367188,0.0
1764791495.1128721,"[0.5822565594523521, 0.8009280628150064, 0.6544291060737613, 0.6934009471109791, 0.0738992840659235, 0.8362367760638355, 0.45311945654913605, 0.9825565161919732, 0.9060305714548845, 0.4663259086944683, 0.8504568436524368, 0.7223869360626719, 0.5921185186348434, 0.25995355108271745, 0.3253576215429804]",17.51669833020466,0.8983655292813371,348.3528248112376,1,"nsga-2382244-[0.624677, 4.30325, 0.646329, 0.50802, 0.32217, 0.618118, 3.08592, 0.394767, 3.76508, -0.673482, 0.25, 2.94477, 2.68424, 2, -3.37321]",0,348.3528248112376,300.0,17.51669833020466,0.9214210888234581,304.6833090061095,16.130748283572313,0.8983655292813371,337.107090535978,15.476115826862614,0.9026888571134428,348.3528248112376,0.0,0.0,0.0,0.0,0.0,0.0,0.0,0.0,0.0,0.0,190.87457275390625,0.0
1764791495.1146438,"[0.7519402277614922, 0.2489420202679471, 0.664429613448114, 0.6818874672383497, 0.03989296258953573, 0.833231723733104, 0.8049007094063916, 0.4777023896375405, 0.8740395957011673, 0.7433752420713802, 0.8663871289909874, 0.024385944666446724, 0.027622718797097212, 0.18189345297991055, 0.022010000443422495]",0.0,100.0,161.34524229096203,1,"nsga-2382244-[0.675582, 2.3713, 0.649329, 0.504566, 0.311968, 0.616616, 4.31715, 0.243311, 3.6851, 4.8675, 0.25, 1.54877, 1.55525, 2, -4.88995]",0,161.34524229096203,300.0,0.0,100.0,0.0,0.0,100.0,0.0,12.138784201552228,1.067801607527384,161.34524229096203,0.0,0.0,0.0,0.0,0.0,0.0,0.0,0.0,0.0,0.0,42.91218566894531,0.0
1764791495.1157968,"[0.5822565594523521, 0.8009280628150064, 0.8466728447234454, 0.6939515541471277, 0.9876861632498788, 0.30974867695650443, 0.3909042644031655, 0.9850871203353713, 0.038606762700126585, 0.4663259086944683, 0.374146798656968, 0.7151012159669964, 0.5921185186348434, 0.25995355108271745, 0.8302060009697346]",16.839647302394958,0.9195338880143514,353.4679567662681,1,"nsga-2382244-[0.624677, 4.30325, 0.704002, 0.508185, 0.596306, 0.354874, 2.86816, 0.395526, 1.59652, -0.673482, 0.25, 2.9302, 2.68424, 2, -0.84897]",0,353.4679567662681,300.0,16.839647302394958,0.9798428529646338,301.3866228057117,13.951024734683154,0.9195338880143514,346.6121729036657,13.741898476205222,0.9199751609709205,353.4679567662681,0.0,0.0,0.0,0.0,0.0,0.0,0.0,0.0,0.0,0.0,261.4919128417969,0.0
1764791495.1169405,"[0.6181272188709477, 0.13755145015737308, 0.7126388464074349, 0.7271534219610307, 0.2657748831632625, 0.8333961495805629, 0.3714917774659171, 0.47144238352567436, 0.9501823544814066, 0.6563946202348385, 0.07752543738313356, 0.7709173581726936, 0.026262747205413217, 0.523588779900645, 0.3243038704248492]",0.0,100.0,252.212160268644,1,"nsga-2382244-[0.635438, 1.98143, 0.663792, 0.518146, 0.379732, 0.616698, 2.80022, 0.241433, 3.87546, 3.12789, 0.25, 3.04183, 1.55253, 2, -3.37848]",0,252.212160268644,300.0,0.0,100.0,0.0,0.0,100.0,0.0,11.019294422428782,0.9040305759848618,252.212160268644,0.0,0.0,0.0,0.0,0.0,0.0,0.0,0.0,0.0,0.0,150.91571044921875,0.0
1764791495.1183941,"[0.6830095339325368, 0.32096954445321124, 0.1665239887630916, 0.8605147128883535, 0.36979573512418074, 0.3165514290789945, 0.8857827875756499, 0.8017791636753806, 0.42404278088557146, 0.8154549581747396, 0.9566172426039936, 0.678043803072959, 0.8720651691724037, 0.029017119450103712, 0.39710826778396435]",0.0,100.0,3.48142714151522,1,"nsga-2382244-[0.654903, 2.62339, 0.499957, 0.558154, 0.410939, 0.358276, 4.60024, 0.340534, 2.56011, 6.3091, 0.25, 2.85609, 3.24413, 2, -3.01446]",0,3.48142714151522,300.0,0.0,100.0,0.0,0.0,100.0,0.0,8.092500581973937,0.05586954593295004,3.48142714151522,0.0,0.0,0.0,0.0,0.0,0.0,0.0,0.0,0.0,0.0,0.9630163908004761,0.0
1764791495.1195283,"[0.389555729353618, 0.18344317188143278, 0.9562862302595188, 0.33704255065641486, 0.4044242876819851, 0.1751828757803483, 0.04054581103677968, 0.34892229619991544, 0.6502820053273797, 0.7643834400428497, 0.777256875711956, 0.6314971155641387, 0.6234098720868677, 0.21207441473683103, 0.24581103579371744]",16.401199875808345,0.7832319361407583,414.48515766422923,1,"nsga-2382244-[0.566867, 2.14205, 0.736886, 0.401113, 0.421327, 0.287591, 1.64191, 0.204677, 3.12571, 5.28767, 0.25, 2.76299, 2.74682, 2, -3.77094]",0,414.48515766422923,300.0,16.401199875808345,0.9105606544308547,300.11828095971083,12.416110262056677,0.7832319361407583,398.18586567204176,11.990368163876417,0.7870940289846281,414.48515766422923,0.0,0.0,0.0,0.0,0.0,0.0,0.0,0.0,0.0,0.0,324.62945556640625,0.0
1764791495.1206634,"[0.45651646012363317, 0.25534299053086706, 0.7064562237423775, 0.45959773303353224, 0.3227520887724656, 0.9157691444375482, 0.4728147761652862, 0.16081510936609789, 0.5061552825723246, 0.44224303297346573, 0.3203735747388672, 0.2308260766583855, 0.3482529481502129, 0.21629179003091487, 0.6099116494478906]",14.455251637900748,0.914099997136651,333.9554647864365,1,"nsga-2382244-[0.586955, 2.3937, 0.661937, 0.437879, 0.396826, 0.657885, 3.15485, 0.148245, 2.76539, -1.15514, 0.25, 1.96165, 2.19651, 2, -1.95044]",0,333.9554647864365,300.0,14.455251637900748,0.9388322463849695,300.81061609779914,12.825814233175139,0.914099997136651,330.5779412246332,12.948290531809738,0.9150939418048394,333.9554647864365,0.0,0.0,0.0,0.0,0.0,0.0,0.0,0.0,0.0,0.0,230.2764892578125,0.0
1764791495.1217873,"[0.733487019614066, 0.8038049450249024, 0.494191579346614, 0.5786793808014121, 0.7425178641355424, 0.5487998569621907, 0.013581001970164874, 0.9142383471731654, 0.19242988918340764, 0.26835242227780953, 0.48925735511622337, 0.7828984921392065, 0.6208394595209196, 0.2387156511579961, 0.6003924312733937]",16.065040081303295,1.029167251179858,354.4178468657703,1,"nsga-2382244-[0.670046, 4.31332, 0.598257, 0.473604, 0.522755, 0.4744, 1.54753, 0.374272, 1.98107, -4.63295, 0.25, 3.0658, 2.74168, 2, -1.99804]",0,354.4178468657703,300.0,16.065040081303295,1.029167251179858,300.2196610613567,16.065040081303295,1.029167251179858,300.2196610613567,11.757695723742973,1.0854242964488705,354.4178468657703,0.0,0.0,0.0,0.0,0.0,0.0,0.0,0.0,0.0,0.0,253.95706176757812,0.0
1764791495.1228967,"[0.6843687006415726, 0.05980095138006014, 0.9780570385895946, 0.7571048237918688, 0.5504542526101676, 0.35422762434998545, 0.7311370845887679, 0.024057284074224028, 0.49562260853464823, 0.021285596380514527, 0.005578433735148769, 0.5969202303620785, 0.941091429082349, 0.8272531490264694, 0.38661382584187254]",0.0,100.0,20.52537329138779,1,"nsga-2382244-[0.655311, 1.7093, 0.743417, 0.527131, 0.465136, 0.377114, 4.05898, 0.107217, 2.73906, -9.57429, 0.25, 2.69384, 3.38218, 2, -3.06693]",0,20.52537329138779,300.0,0.0,100.0,0.0,0.0,100.0,0.0,11.591679326499381,1.0793911486137204,20.52537329138779,0.0,0.0,0.0,0.0,0.0,0.0,0.0,0.0,0.0,0.0,11.638654708862305,0.0
1764791495.124002,"[0.8448585503558041, 0.06848688128266789, 0.9795576501082592, 0.27645539698516036, 0.6191160635359313, 0.32463912567240877, 0.36621242322859904, 0.45385277348957187, 0.5628534022552615, 0.4584441713520889, 0.46388658435464963, 0.0527514360693222, 0.9024177519539777, 0.6509370600865172, 0.3987284138366933]",0.0,100.0,236.1497996632646,1,"nsga-2382244-[0.703458, 1.7397, 0.743867, 0.382937, 0.485735, 0.36232, 2.78174, 0.236156, 2.90713, -0.831117, 0.25, 1.6055, 3.30484, 2, -3.00636]",0,236.1497996632646,300.0,0.0,100.0,0.0,0.0,100.0,0.0,13.232003784179687,1.084138471905778,236.1497996632646,0.0,0.0,0.0,0.0,0.0,0.0,0.0,0.0,0.0,0.0,105.77165985107422,0.0
1764791495.1251214,"[0.8840938139790604, 0.02362146353968131, 0.669793856266265, 0.7800687238800845, 0.7184923579687806, 0.5427731898597599, 0.15440199383484432, 0.8829483511873382, 0.09347089629153213, 0.8453447010379337, 0.6781644647880806, 0.009150519241503563, 0.6270681301940587, 0.332182981626011, 0.013789438896629563]",12.910440403077661,1.0869049240903157,391.1114827970179,1,"nsga-2382244-[0.715228, 1.58268, 0.650938, 0.534021, 0.515548, 0.471387, 2.04041, 0.364885, 1.73368, 6.90689, 0.25, 1.5183, 2.75414, 2, -4.93105]",0,391.1114827970179,300.0,12.910440403077661,1.0869049240903157,300.09889796187235,12.910440403077661,1.0869049240903157,300.09889796187235,11.826418792910692,1.1458396219625706,391.1114827970179,0.0,0.0,0.0,0.0,0.0,0.0,0.0,0.0,0.0,0.0,148.79095458984375,0.0
1764791495.1262422,"[0.7764732354580386, 0.06486893557936457, 0.04636897734753176, 0.3743723543488177, 0.7131017599050355, 0.7761023850299087, 0.808608853779323, 0.09910734452488287, 0.5356601069695776, 0.487262477050858, 0.19350080561055882, 0.9732459720262397, 0.5011668749451275, 0.5918853511675644, 0.9802897133700176]",0.0,100.0,270.9433542391149,1,"nsga-2382244-[0.682942, 1.72704, 0.463911, 0.412312, 0.513931, 0.588051, 4.33013, 0.129732, 2.83915, -0.25475, 0.25, 3.44649, 2.50233, 2, -0.0985514]",0,270.9433542391149,300.0,0.0,100.0,0.0,0.0,100.0,0.0,12.321289104368628,0.9199989487485187,270.9433542391149,0.0,0.0,0.0,0.0,0.0,0.0,0.0,0.0,0.0,0.0,175.89181518554688,0.0
1764791495.127359,"[0.25256989959607345, 0.4906498317994068, 0.4414336955233866, 0.5471971281960304, 0.9921916042984333, 0.4646019499721812, 0.3971207853716626, 0.4753436126824798, 0.6492580943200699, 0.4944529799399434, 0.9465009637689326, 0.48975546900798883, 0.9984148664129396, 0.5055018500095039, 0.2887690482983364]",16.865828197758372,0.9410485854962977,342.83066514178023,1,"nsga-2382244-[0.525771, 3.21727, 0.58243, 0.464159, 0.597657, 0.432301, 2.88992, 0.242603, 3.12315, -0.11094, 0.25, 2.47951, 3.49683, 2, -3.55615]",0,342.83066514178023,300.0,16.865828197758372,0.9771854813505964,301.0549629955757,15.206928071743105,0.9410485854962977,334.24902183718797,14.646936444538396,0.9429489993467564,342.83066514178023,0.0,0.0,0.0,0.0,0.0,0.0,0.0,0.0,0.0,0.0,183.2779541015625,0.0
1764791495.1284506,"[0.5774315281594062, 0.9896041817175233, 0.2640242830062695, 0.3373496180570129, 0.828540634972151, 0.002100203535103984, 0.27942529242315106, 0.5311215254276578, 0.6640901289220343, 0.48256867101430745, 0.3082873622023498, 0.20294329206834705, 0.4429128180463183, 0.4705848053802866, 0.6894808621862621]",0.0,100.0,177.87542735774343,1,"nsga-2382244-[0.623229, 4.96361, 0.529207, 0.401205, 0.548562, 0.20105, 2.47799, 0.259336, 3.16023, -0.348627, 0.25, 1.90589, 2.38583, 2, -1.5526]",0,177.87542735774343,300.0,0.0,100.0,0.0,0.0,100.0,0.0,18.142453375095275,0.9045625788409536,177.87542735774343,0.0,0.0,0.0,0.0,0.0,0.0,0.0,0.0,0.0,0.0,64.44633483886719,0.0
1764791495.1295462,"[0.7876657702480402, 0.6133253141080861, 0.20607521267178047, 0.06891009501478351, 0.12443378957631634, 0.057049787749468006, 0.23004066489170016, 0.9182420650984775, 0.9588508483883557, 0.2532584723876258, 0.7521037144740904, 0.2621382612326323, 0.6178577954692644, 0.08249054052380678, 0.21579325446189024]",0.0,100.0,229.80529074319978,1,"nsga-2382244-[0.6863, 3.64664, 0.511823, 0.320673, 0.33733, 0.228525, 2.30514, 0.375473, 3.89713, -4.93483, 0.25, 2.02428, 2.73572, 2, -3.92103]",0,229.80529074319978,300.0,0.0,100.0,0.0,0.0,100.0,0.0,12.618707224217857,0.9066495988427139,229.80529074319978,0.0,0.0,0.0,0.0,0.0,0.0,0.0,0.0,0.0,0.0,143.1865692138672,0.0
1764791495.13091,"[0.856088037514743, 0.30279809991162276, 0.1900514397605227, 0.5440823371302531, 0.25215762201235653, 0.8493091468198349, 0.38708657704741933, 0.7270837030652616, 0.656334883747098, 0.44432257735566455, 0.38275186623694857, 0.8518822169826734, 0.727464198205185, 0.08662531624464836, 0.9432184616898124]",15.994979583926318,0.8074788686705798,429.22154220953223,1,"nsga-2382244-[0.706826, 2.55979, 0.507015, 0.463225, 0.375647, 0.624655, 2.8548, 0.318125, 3.14084, -1.11355, 0.25, 3.20376, 2.95493, 2, -0.283908]",0,429.22154220953223,300.0,15.994979583926318,0.9813369602691836,300.99438312809644,11.15134990506056,0.8074788686705798,398.8617876006336,12.075498325068777,0.8148174701667413,429.22154220953223,0.0,0.0,0.0,0.0,0.0,0.0,0.0,0.0,0.0,0.0,399.1549072265625,0.0
1764791495.1320295,"[0.4102521255945242, 0.6954335897974295, 0.46312243773508144, 0.4880764473438147, 0.9612244915231001, 0.01795496840334998, 0.30663633250802524, 0.8329646283188156, 0.8372224907201536, 0.933702801941079, 0.2967667523758828, 0.4287518606220705, 0.9007048801329065, 0.7463915935321466, 0.3579077368505533]",0.0,100.0,95.82417371796399,1,"nsga-2382244-[0.573076, 3.93402, 0.588937, 0.446423, 0.588367, 0.208977, 2.57323, 0.349889, 3.59306, 8.67406, 0.25, 2.3575, 3.30141, 2, -3.21046]",0,95.82417371796399,300.0,0.0,100.0,0.0,0.0,100.0,0.0,12.323970189908655,0.8197392492759519,95.82417371796399,0.0,0.0,0.0,0.0,0.0,0.0,0.0,0.0,0.0,0.0,27.37166976928711,0.0
1764791495.1331167,"[0.8195946587293134, 0.08026987795925467, 0.7713083373205925, 0.7900400827648261, 0.37933637853805696, 0.3991434165193687, 0.6397500760243956, 0.4737414783703059, 0.6294225925925399, 0.08569530232117795, 0.8072289259102322, 0.7661891640422624, 0.028714696441287546, 0.5320815784451538, 0.20128550887382446]",0.0,100.0,64.63979587089725,1,"nsga-2382244-[0.695878, 1.78094, 0.681393, 0.537012, 0.413801, 0.399572, 3.73913, 0.242122, 3.07356, -8.28609, 0.25, 3.03238, 1.55743, 2, -3.99357]",0,64.63979587089725,300.0,0.0,100.0,0.0,0.0,100.0,0.0,10.689110583793827,1.1404539518240022,64.63979587089725,0.0,0.0,0.0,0.0,0.0,0.0,0.0,0.0,0.0,0.0,25.756898880004883,0.0
1764791495.1342227,"[0.6846302231323623, 0.3224399438251858, 0.15440933633715193, 0.7310820280462247, 0.11292610599989097, 0.3165514290789945, 0.8857827875756499, 0.8628073063184784, 0.42404278088557146, 0.8154549581747396, 0.07678402769160086, 0.4604674114030594, 0.8720651691724037, 0.03350124587953951, 0.39710826778396435]",0.0,100.0,2.7236368411924783,1,"nsga-2382244-[0.655389, 2.62854, 0.496323, 0.519325, 0.333878, 0.358276, 4.60024, 0.358842, 2.56011, 6.3091, 0.25, 2.42093, 3.24413, 2, -3.01446]",0,2.7236368411924783,300.0,0.0,100.0,0.0,0.0,100.0,0.0,8.51136619753954,0.05257851786729766,2.7236368411924783,0.0,0.0,0.0,0.0,0.0,0.0,0.0,0.0,0.0,0.0,0.8604328632354736,0.0
1764791495.135318,"[0.7895771482877056, 0.00028424397265062497, 0.9896827205437052, 0.2080452127927691, 0.548308523052977, 0.4935129209414995, 0.22805007457593784, 0.9504964994748603, 0.41571908103060773, 0.820992893919958, 0.9552262018991643, 0.7925983263352411, 0.824314238948428, 0.918891794978725, 0.10340435447519652]",13.284822580291003,1.0422088259603919,408.84877646841653,1,"nsga-2382244-[0.686873, 1.50099, 0.746905, 0.362414, 0.464493, 0.446756, 2.29818, 0.385149, 2.5393, 6.41986, 0.25, 3.0852, 3.14863, 2, -4.48298]",0,408.84877646841653,300.0,13.284822580291003,1.0424132672751822,300.59675784227323,13.284245723631324,1.0422088259603919,300.40657780344895,10.266977473003108,1.084870062223295,408.84877646841653,0.0,0.0,0.0,0.0,0.0,0.0,0.0,0.0,0.0,0.0,291.8189697265625,0.0
1764791495.1364245,"[0.30974467458719446, 0.023198164101551927, 0.6776102272762096, 0.1561975373103286, 0.019705158253352284, 0.35398249717807145, 0.5398153850052556, 0.1614587150961181, 0.6946394348970661, 0.5538814786051257, 0.644510622320775, 0.9685696271938102, 0.3283566425155302, 0.4631104486581403, 0.2465833523108935]",11.656863673140363,0.8370803364893286,301.1815102553949,1,"nsga-2382244-[0.542923, 1.58119, 0.653283, 0.346859, 0.305912, 0.376991, 3.38935, 0.148438, 3.2366, 1.07763, 0.25, 3.43714, 2.15671, 2, -3.76708]",0,301.1815102553949,300.0,11.656863673140363,0.8370803364893286,300.3202410349032,11.656863673140363,0.8370803364893286,300.3202410349032,11.215882282722287,0.8394752906589973,301.1815102553949,0.0,0.0,0.0,0.0,0.0,0.0,0.0,0.0,0.0,0.0,186.0228271484375,0.0
1764791495.137511,"[0.5114445287954439, 0.7444605996174422, 0.7522043814311062, 0.8967415761093136, 0.12914885283028563, 0.5549552145572829, 0.5698930063096992, 0.49737278103484805, 0.7874794126439058, 0.3457954465958133, 0.7842594637195786, 0.3975845649624601, 0.030706262900725867, 0.5598540080266337, 0.7382780820869674]",0.0,100.0,144.4207858062372,1,"nsga-2382244-[0.603433, 4.10561, 0.675661, 0.569022, 0.338745, 0.477478, 3.49463, 0.249212, 3.4687, -3.08409, 0.25, 2.29517, 1.56141, 2, -1.30861]",0,144.4207858062372,300.0,0.0,100.0,0.0,0.0,100.0,0.0,11.963116990066156,1.179552631261872,144.4207858062372,0.0,0.0,0.0,0.0,0.0,0.0,0.0,0.0,0.0,0.0,9.408777236938477,0.0
1764791495.1386185,"[0.9618510513742824, 0.06093390835312901, 0.20552182303667071, 0.4881182807643848, 0.28913014213917193, 0.15641287654281893, 0.45257492189158155, 0.36023903380793476, 0.9062131640646199, 0.45114555389150757, 0.1986471190657086, 0.733902452310592, 0.6289274466677188, 0.13527228923132725, 0.33493535039793065]",0.0,100.0,272.73464738799305,1,"nsga-2382244-[0.738555, 1.71327, 0.511657, 0.446435, 0.386739, 0.278206, 3.08401, 0.208072, 3.76553, -0.977089, 0.25, 2.9678, 2.75785, 2, -3.32532]",0,272.73464738799305,300.0,0.0,100.0,0.0,0.0,100.0,0.0,11.513929334500942,0.8425710727528828,272.73464738799305,0.0,0.0,0.0,0.0,0.0,0.0,0.0,0.0,0.0,0.0,144.4090576171875,0.0
1764791495.1397104,"[0.5361134434935909, 0.5054691150022281, 0.9233435081018881, 0.49245260758434206, 0.6171512090271506, 0.780795524784859, 0.6622497297632988, 0.4189475486342351, 0.45778343788107845, 0.3832910502928474, 0.1609781862898254, 0.8990911770025993, 0.010478037717063904, 0.9430391853255391, 0.1223569154281412]",0.0,100.0,280.06200049795757,1,"nsga-2382244-[0.610834, 3.26914, 0.727003, 0.447736, 0.485145, 0.590398, 3.81787, 0.225684, 2.64446, -2.33418, 0.25, 3.29818, 1.52096, 2, -4.38822]",0,280.06200049795757,300.0,0.0,100.0,0.0,0.0,100.0,0.0,13.280823833186451,1.0836210730599194,280.06200049795757,0.0,0.0,0.0,0.0,0.0,0.0,0.0,0.0,0.0,0.0,168.24331665039062,0.0
1764791495.140802,"[0.9646821650875068, 0.40053783145323785, 0.8820206992073805, 0.11627079485710629, 0.28367872028875785, 0.23819407318800578, 0.30865355479400003, 0.4838353405850433, 0.2493055354156003, 0.4516999101274397, 0.8982309696505972, 0.08198935564481497, 0.7866246087696901, 0.03048589984854788, 0.7355301524877342]",16.344415059903774,0.8648663253318972,387.9771348162395,1,"nsga-2382244-[0.739405, 2.90188, 0.714606, 0.334881, 0.385104, 0.319097, 2.58029, 0.245151, 2.12326, -0.966002, 0.25, 1.66398, 3.07325, 2, -1.32235]",0,387.9771348162395,300.0,16.344415059903774,0.9768052889079583,314.58660687702456,10.656161322244783,0.8648663253318972,330.25667073319596,12.124302026702136,0.87097054458246,387.9771348162395,0.0,0.0,0.0,0.0,0.0,0.0,0.0,0.0,0.0,0.0,248.82070922851562,0.0
1764791495.142255,"[0.4568832799589986, 0.2560241698444927, 0.9565094085096225, 0.4575780014629667, 0.323298172638683, 0.8750320904200382, 0.4728147761652862, 0.3432115351325652, 0.6511388003302883, 0.4405698468150575, 0.3203735747388672, 0.5489642276897019, 0.3594323740678642, 0.2163305621091095, 0.2421580845692236]",15.968434250064012,0.8653273480694469,384.3130926736971,1,"nsga-2382244-[0.587065, 2.39608, 0.736953, 0.437273, 0.396989, 0.637516, 3.15485, 0.202963, 3.12785, -1.1886, 0.25, 2.59793, 2.21886, 2, -3.78921]",0,384.3130926736971,300.0,15.968434250064012,0.91404644134568,302.65978728503717,13.67678220795422,0.8653273480694469,371.8587817680545,11.933656678548674,0.8943710981345758,384.3130926736971,0.0,0.0,0.0,0.0,0.0,0.0,0.0,0.0,0.0,0.0,287.1729431152344,0.0
1764791495.1434197,"[0.6337566409165838, 0.3111251397717758, 0.8845997922510889, 0.9078700485487398, 0.07092469554127134, 0.22668381156087974, 0.3862177763844623, 0.9908332621103786, 0.6514285412593711, 0.10427381256093082, 0.7910458304836941, 0.23634894509102589, 0.7224621068012882, 0.03782966492055562, 0.7934673869434272]",0.0,100.0,4.262162622591345,1,"nsga-2382244-[0.640127, 2.58894, 0.71538, 0.572361, 0.321277, 0.313342, 2.85176, 0.39725, 3.12857, -7.91452, 0.25, 1.9727, 2.94492, 2, -1.03266]",0,4.262162622591345,300.0,0.0,100.0,0.0,0.0,100.0,0.0,7.65508762220057,0.12287467207487036,4.262162622591345,0.0,0.0,0.0,0.0,0.0,0.0,0.0,0.0,0.0,0.0,0.915465235710144,0.0
1764791495.1448047,"[0.4189268537543308, 0.031558045195033885, 0.2574750304226987, 0.2139736147016238, 0.010181592699292863, 0.07171059792310541, 0.22962007391429073, 0.5896086721772774, 0.2854145998179719, 0.5535615535824023, 0.7760692269796968, 0.4738687308832198, 0.059142865846645076, 0.8982094858526843, 0.3998152445998038]",12.68176951059481,1.0049175003679787,362.7422536338248,1,"nsga-2382244-[0.575678, 1.61045, 0.527243, 0.364192, 0.303054, 0.235855, 2.30367, 0.276883, 2.21354, 1.07123, 0.25, 2.44774, 1.61829, 2, -3.00092]",0,362.7422536338248,300.0,12.68176951059481,1.0345244750743958,300.12531059079055,11.671795914812785,1.0049175003679787,350.4380441433046,11.357754786421612,1.0145099491607852,362.7422536338248,0.0,0.0,0.0,0.0,0.0,0.0,0.0,0.0,0.0,0.0,104.84864044189453,0.0
1764791495.1459603,"[0.3063651071598853, 0.4668337437886949, 0.9899027240113316, 0.025775174101328943, 0.548308523052977, 0.49236842770767186, 0.11571109929836276, 0.9504964994748603, 0.41571908103060773, 0.60841734658637, 0.958341205875104, 0.7925983263352411, 0.824314238948428, 0.4555539970770725, 0.10999595179300148]",16.44196695467321,0.9932767088820295,398.7986545097537,1,"nsga-2382244-[0.54191, 3.13392, 0.746971, 0.307733, 0.464493, 0.446184, 1.90499, 0.385149, 2.5393, 2.16835, 0.25, 3.0852, 3.14863, 2, -4.45002]",0,398.7986545097537,300.0,16.44196695467321,0.9932767088820295,300.2159509240127,16.44196695467321,0.9932767088820295,300.2159509240127,11.630129288464058,1.149605352704118,398.7986545097537,0.0,0.0,0.0,0.0,0.0,0.0,0.0,0.0,0.0,0.0,274.4221496582031,0.0
1764791495.1470695,"[0.8455254849730769, 0.02362146353968131, 0.661614971265169, 0.7797052302683724, 0.6175315730684788, 0.32378429056698854, 0.9167076679881729, 0.46920328236024866, 0.0902367674607536, 0.1481060710922601, 0.6767333168316225, 0.00906538385895942, 0.633522983690272, 0.3334980648964096, 0.43706276818557693]",0.0,100.0,31.236363676117687,1,"nsga-2382244-[0.703658, 1.58268, 0.648484, 0.533912, 0.485259, 0.361892, 4.70848, 0.240761, 1.72559, -7.03788, 0.25, 1.51813, 2.76705, 2, -2.81469]",0,31.236363676117687,300.0,0.0,100.0,0.0,0.0,100.0,0.0,10.99678952286883,0.8909073975028061,31.236363676117687,0.0,0.0,0.0,0.0,0.0,0.0,0.0,0.0,0.0,0.0,14.98734188079834,0.0
1764791495.148187,"[0.7726343648912228, 0.3964022963570091, 0.1287712115777569, 0.9399825923620647, 0.6652076178450529, 0.009253364899940886, 0.14717514392759057, 0.6080501298136801, 0.7490431277044467, 0.45895066950023966, 0.30369147524518225, 0.017703264035964304, 0.30678932647022694, 0.48116509853438255, 0.40217812040431294]",0.0,100.0,258.8275767721781,1,"nsga-2382244-[0.68179, 2.88741, 0.488631, 0.581995, 0.499562, 0.204627, 2.01511, 0.282415, 3.37261, -0.820987, 0.25, 1.53541, 2.11358, 2, -2.98911]",0,258.8275767721781,300.0,0.0,100.0,0.0,0.0,100.0,0.0,12.442768985469167,0.8073225614501209,258.8275767721781,0.0,0.0,0.0,0.0,0.0,0.0,0.0,0.0,0.0,0.0,114.62686157226562,0.0
1764791495.1492906,"[0.9646821650875068, 0.4004501159761928, 0.8820206992073805, 0.11089273459462107, 0.29639234350879773, 0.2447645436772627, 0.30865355479400003, 0.4191344477985982, 0.2493055354156003, 0.4516999101274397, 0.8982309696505972, 0.8866371352937337, 0.7311004345835562, 0.9549742967891228, 0.7366707725081747]",16.78548844500286,0.7845334146080948,383.43870849609374,1,"nsga-2382244-[0.739405, 2.90158, 0.714606, 0.333268, 0.388918, 0.322382, 2.58029, 0.22574, 2.12326, -0.966002, 0.25, 3.27327, 2.9622, 2, -1.31665]",0,383.43870849609374,300.0,16.78548844500286,0.9457271334601611,300.03339423202885,11.252806021527546,0.7845334146080948,377.66810031053495,12.622919343157513,0.7941512639929609,383.43870849609374,0.0,0.0,0.0,0.0,0.0,0.0,0.0,0.0,0.0,0.0,345.51361083984375,0.0
1764791495.150386,"[0.8619168971099027, 0.3018495786358722, 0.46625427698660304, 0.4905257856746974, 0.23988975594958672, 0.8427386570991269, 0.3907212173073491, 0.8296736141826236, 0.656334883747098, 0.9520015149279941, 0.38275186623694857, 0.8526452086911585, 0.7852730867097614, 0.09049871437528523, 0.9420778394472284]",11.283778646515637,0.858594977564928,387.3470745924042,1,"nsga-2382244-[0.708575, 2.55647, 0.589876, 0.447158, 0.371967, 0.621369, 2.86752, 0.348902, 3.14084, 9.04003, 0.25, 3.20529, 3.07055, 2, -0.289611]",0,387.3470745924042,300.0,11.283778646515637,0.9551608684586316,300.2560864983535,10.14625443249214,0.858594977564928,385.90133082692216,10.160659445785894,0.8588892317399746,387.3470745924042,0.0,0.0,0.0,0.0,0.0,0.0,0.0,0.0,0.0,0.0,273.4878845214844,0.0
1764791495.1515183,"[0.575316372876258, 0.47512311526642215, 0.6194584710955792, 0.3375280268500704, 0.3416246895330791, 0.40804474980613736, 0.2748795093427031, 0.45919328829082884, 0.7290581349708171, 0.5585989386872695, 0.47880939684289026, 0.20937754261916042, 0.34289035303159454, 0.9454088257802186, 0.40390364755327063]",17.589715859948136,0.8079794052170544,432.4311874761814,1,"nsga-2382244-[0.622595, 3.16293, 0.635838, 0.401258, 0.402487, 0.404022, 2.46208, 0.237758, 3.32265, 1.17198, 0.25, 1.91876, 2.18578, 2, -2.98048]",0,432.4311874761814,300.0,17.589715859948136,0.9477563837679421,302.77325191963007,12.72325071474401,0.8079794052170544,419.47883174244953,11.508128924486114,0.8296344448880452,432.4311874761814,0.0,0.0,0.0,0.0,0.0,0.0,0.0,0.0,0.0,0.0,318.7299499511719,0.0
1764791495.1526299,"[0.20154559073385148, 0.6097338969890767, 0.2628431396874161, 0.27149044018108076, 0.10606626391818041, 0.002100203535103984, 0.9844235526808763, 0.5311215254276578, 0.6640901289220343, 0.48127191304542793, 0.30156083787534704, 0.20294329206834705, 0.441686316077325, 0.468041925362281, 0.6816629875526821]",16.864468821083626,0.7498631436650346,333.54918897675304,1,"nsga-2382244-[0.510464, 3.63407, 0.528853, 0.381447, 0.33182, 0.20105, 4.94548, 0.259336, 3.16023, -0.374562, 0.25, 1.90589, 2.38337, 2, -1.59169]",0,333.54918897675304,300.0,16.864468821083626,0.7854383076109537,300.81001653903866,14.902895536655333,0.7498631436650346,329.9769619639327,14.592446704027129,0.7513523043655768,333.54918897675304,0.0,0.0,0.0,0.0,0.0,0.0,0.0,0.0,0.0,0.0,135.51385498046875,0.0
1764791495.153733,"[0.8040500945863586, 0.2866344460272006, 0.4331396416253448, 0.6099560450146971, 0.9987050761564423, 0.7761023850299087, 0.808608853779323, 0.47177011096687327, 0.5354083404213831, 0.4871038770538969, 0.9661703824945501, 0.48383809515496967, 0.13333775513078883, 0.6835167238209436, 0.9802897133700176]",13.261551052186547,0.8913886174923036,347.7948970515554,1,"nsga-2382244-[0.691215, 2.50322, 0.579942, 0.482987, 0.599612, 0.588051, 4.33013, 0.241531, 2.83852, -0.257922, 0.25, 2.46768, 1.76668, 2, -0.0985514]",0,347.7948970515554,300.0,13.261551052186547,1.009279562205803,300.04181619039394,10.701730151292754,0.8913886174923036,326.1792199855897,11.90042524570372,0.93833213782892,347.7948970515554,0.0,0.0,0.0,0.0,0.0,0.0,0.0,0.0,0.0,0.0,224.20046997070312,0.0
1764791495.1548347,"[0.27591832801700283, 0.06277663421614026, 0.23989541250060653, 0.3780301768360897, 0.44349486654098613, 0.4883186258329303, 0.5771607456092007, 0.6969904358825495, 0.46131272208433444, 0.02392477372463353, 0.19346572560880543, 0.9764092539489817, 0.4828434289560062, 0.49437323484684237, 0.5457371351768676]",0.0,100.0,188.0737092925281,1,"nsga-2382244-[0.532775, 1.71972, 0.521969, 0.413409, 0.433048, 0.444159, 3.52006, 0.309097, 2.65328, -9.5215, 0.25, 3.45282, 2.46569, 2, -2.27131]",0,188.0737092925281,300.0,0.0,100.0,0.0,0.0,100.0,0.0,15.525025097916766,1.059482507880141,188.0737092925281,0.0,0.0,0.0,0.0,0.0,0.0,0.0,0.0,0.0,0.0,80.99463653564453,0.0
1764791912.1413515,"[0.8040500945863586, 0.2866344460272006, 0.4331396416253448, 0.6099560450146971, 0.9987050761564423, 0.5511360778274662, 0.808608853779323, 0.47177011096687327, 0.523664065489512, 0.4871038770538969, 0.18390708800984817, 0.48383809515496967, 0.13333775513078883, 0.6835167238209436, 0.8343912037316205]",12.81570445270073,0.8647984080198334,329.1569925075624,2,"nsga-2382244-[0.691215, 2.50322, 0.579942, 0.482987, 0.599612, 0.475568, 4.33013, 0.241531, 2.80916, -0.257922, 0.25, 2.46768, 1.76668, 2, -0.828044]",0,329.1569925075624,300.0,12.81570445270073,0.9468558733056232,301.07682020606063,10.924630495397055,0.8647984080198334,309.0296401977539,11.632211145540563,0.8831373764247429,329.1569925075624,0.0,0.0,0.0,0.0,0.0,0.0,0.0,0.0,0.0,0.0,212.16493225097656,0.0
1764791912.1449485,"[0.9659614701654037, 0.07553494944097427, 0.21680477987167135, 0.8775435275893051, 0.2922854147469579, 0.7804125419539419, 0.390359729745611, 0.36151398933245615, 0.8875961533748362, 0.45114555389150757, 0.9791806271306601, 0.733902452310592, 0.6298373676656901, 0.14432478286463268, 0.9762931691938869]",13.826397667861567,0.8629375204807375,313.1366174465272,2,"nsga-2382244-[0.739788, 1.76437, 0.515041, 0.563263, 0.387686, 0.590206, 2.86626, 0.208454, 3.71899, -0.977089, 0.25, 2.9678, 2.75967, 2, -0.118534]",0,313.1366174465272,300.0,13.826397667861567,1.0196889208584297,304.2974967026129,11.381176325170005,0.8629375204807375,300.4137546818431,12.250046334615568,0.9079374028415215,313.1366174465272,0.0,0.0,0.0,0.0,0.0,0.0,0.0,0.0,0.0,0.0,225.8799285888672,0.0
1764791912.1462064,"[0.575316372876258, 0.4759292504110968, 0.6229094817089381, 0.27191080081069885, 0.3416246895330791, 0.40804474980613736, 0.2773033040245032, 0.45919328829082884, 0.7290581349708171, 0.5585989386872695, 0.47880939684289026, 0.20937754261916042, 0.341651964374821, 0.9428701357807374, 0.40390364755327063]",17.512259422860495,0.8117117948648406,443.3897625434689,2,"nsga-2382244-[0.622595, 3.16575, 0.636873, 0.381573, 0.402487, 0.404022, 2.47056, 0.237758, 3.32265, 1.17198, 0.25, 1.91876, 2.1833, 2, -2.98048]",0,443.3897625434689,300.0,17.512259422860495,0.9517107318087322,301.04604361929546,12.862337433419576,0.8117117948648406,439.69777802258005,11.070398688897853,0.8530732433970382,443.3897625434689,0.0,0.0,0.0,0.0,0.0,0.0,0.0,0.0,0.0,0.0,317.9956359863281,0.0
1764791912.1473377,"[0.19943043545009964, 0.47509160770344494, 0.6194584710955792, 0.3372860750135097, 0.3416246895330791, 0.40804474980613736, 0.9875999668240125, 0.45919328829082884, 0.7290581349708171, 0.5585989386872695, 0.4774288600253499, 0.20937754261916042, 0.3429022397193748, 0.9454129663166355, 0.3960857729196905]",17.812778361250714,0.7769980994666495,416.53828992145816,2,"nsga-2382244-[0.509829, 3.16282, 0.635838, 0.401186, 0.402487, 0.404022, 4.9566, 0.237758, 3.32265, 1.17198, 0.25, 1.91876, 2.1858, 2, -3.01957]",0,416.53828992145816,300.0,17.812778361250714,0.8646944109986469,301.6615390126298,14.032160186767578,0.7769980994666495,400.3419795338701,12.685773309847203,0.8072022327562658,416.53828992145816,0.0,0.0,0.0,0.0,0.0,0.0,0.0,0.0,0.0,0.0,277.4978942871094,0.0
1764791912.1484585,"[0.856088037514743, 0.30319362007393463, 0.1900514397605227, 0.5440823371302531, 0.28384121050446587, 0.797526612578468, 0.38708657704741933, 0.41499072120270913, 0.656334883747098, 0.44432257735566455, 0.3847707302456481, 0.8523374735140624, 0.7269453808310933, 0.9786148417659237, 0.7393419965866352]",16.06226293052115,0.7827444972061529,383.0413490853659,2,"nsga-2382244-[0.706826, 2.56118, 0.507015, 0.463225, 0.385152, 0.598763, 2.8548, 0.224497, 3.14084, -1.11355, 0.25, 3.20467, 2.95389, 2, -1.30329]",0,383.0413490853659,300.0,16.06226293052115,0.9816525654094975,301.53825985047877,10.991038396881848,0.7827444972061529,368.91847042921114,12.176491304723228,0.7946458633353071,383.0413490853659,0.0,0.0,0.0,0.0,0.0,0.0,0.0,0.0,0.0,0.0,339.9193115234375,0.0
1764791912.1495876,"[0.9646821650875068, 0.400142311290926, 0.8820206992073805, 0.1130289263112988, 0.25199513179664845, 0.23819407318800578, 0.30865355479400003, 0.7312274296611505, 0.2493055354156003, 0.4516999101274397, 0.8962119691824373, 0.8869448704708297, 0.7871434261437817, 0.05953441665941711, 0.9394066154265639]",16.557526141841237,0.8444748776714976,382.9429703875286,2,"nsga-2382244-[0.739405, 2.9005, 0.714606, 0.333909, 0.375599, 0.319097, 2.58029, 0.319368, 2.12326, -0.966002, 0.25, 3.27389, 3.07429, 2, -0.302967]",0,382.9429703875286,300.0,16.557526141841237,0.94643597253939,305.4150009341356,11.462759534324087,0.8444748776714976,382.08921687428546,11.45879219799507,0.8446704899392476,382.9429703875286,0.0,0.0,0.0,0.0,0.0,0.0,0.0,0.0,0.0,0.0,360.9505615234375,0.0
1764791912.150735,"[0.20154559073385148, 0.6116855573046736, 0.2628431396874161, 0.27149044018108076, 0.1057842148509664, 0.23772343292091408, 0.9844235526808763, 0.5311215254276578, 0.6640901289220343, 0.45262138172281197, 0.2771123741681691, 0.20294329206834705, 0.441686316077325, 0.9534965067852457, 0.6816629875526821]",18.040747568083972,0.7673632836923366,402.21226356320267,2,"nsga-2382244-[0.510464, 3.6409, 0.528853, 0.381447, 0.331735, 0.318862, 4.94548, 0.259336, 3.16023, -0.947572, 0.25, 1.90589, 2.38337, 2, -1.59169]",0,402.21226356320267,300.0,18.040747568083972,0.845041352365075,300.05577980599753,15.315427356813013,0.7673632836923366,386.4259328702601,12.97442853508926,0.8056850003033149,402.21226356320267,0.0,0.0,0.0,0.0,0.0,0.0,0.0,0.0,0.0,0.0,249.92703247070312,0.0
1764791912.1518712,"[0.9646821650875068, 0.3985861711376409, 0.8820206992073805, 0.1130289263112988, 0.28396076935601744, 0.0038596978287614714, 0.30865355479400003, 0.4191344477985982, 0.2493055354156003, 0.4803504414500557, 0.9226666441283122, 0.8874001270022187, 0.7866246087696901, 0.4694994178951411, 0.7355301524877342]",16.129319716662895,0.7076957949777929,347.79856652980897,2,"nsga-2382244-[0.739405, 2.89505, 0.714606, 0.333909, 0.385188, 0.20193, 2.58029, 0.22574, 2.12326, -0.392991, 0.25, 3.2748, 3.07325, 2, -1.32235]",0,347.79856652980897,300.0,16.129319716662895,0.9209763954325421,300.53680663690335,12.06593700501977,0.7076957949777929,343.30951329673206,11.674746694797422,0.7108264045017522,347.79856652980897,0.0,0.0,0.0,0.0,0.0,0.0,0.0,0.0,0.0,0.0,319.29144287109375,0.0
1764791912.1529922,"[0.6437566658374378, 0.30176186315882714, 0.46625427698660304, 0.48768649372289413, 0.23988975594958672, 0.8493091468198349, 0.3907212173073491, 0.8296736141826236, 0.6787515722517795, 0.3827806635432359, 0.3824212913332585, 0.8403612790730344, 0.051731108341144805, 0.29958451652551044, 0.33473960504272887]",15.469487413545934,1.015246409904666,338.6648071661228,2,"nsga-2382244-[0.643127, 2.55617, 0.589876, 0.446306, 0.371967, 0.624655, 2.86752, 0.348902, 3.19688, -2.34439, 0.25, 3.18072, 1.60346, 2, -3.3263]",0,338.6648071661228,300.0,15.469487413545934,1.0153760427381935,300.04864358669374,15.455332318747915,1.015246409904666,306.56623068088436,14.420852386660693,1.0246553098283162,338.6648071661228,0.0,0.0,0.0,0.0,0.0,0.0,0.0,0.0,0.0,0.0,230.7970428466797,0.0
1764791912.1541069,"[0.8615428387778261, 0.794426304964843, 0.4654990572268837, 0.7305240511473029, 0.9276074002247333, 0.5474652897701129, 0.8757796937395971, 0.8114597304992414, 0.6569140144383193, 0.9425503607750316, 0.4180042880949196, 0.8518205735371349, 0.720271687775998, 0.08844463902591909, 0.9731249290550028]",0.0,100.0,255.63651185384612,2,"nsga-2382244-[0.708463, 4.28049, 0.58965, 0.519157, 0.578282, 0.473733, 4.56523, 0.343438, 3.14229, 8.85101, 0.25, 3.20364, 2.94054, 2, -0.134375]",0,255.63651185384612,300.0,0.0,100.0,0.0,0.0,100.0,0.0,12.70865850681212,0.8177338012834875,255.63651185384612,0.0,0.0,0.0,0.0,0.0,0.0,0.0,0.0,0.0,0.0,193.015380859375,0.0
1764791912.1552162,"[0.7764732354580386, 0.8101844805765515, 0.42914581460363255, 0.3794214389228169, 0.9987050761564423, 0.8342025985637381, 0.808608853779323, 0.47177011096687327, 0.5356601069695776, 0.48675254101277693, 0.19350080561055882, 0.7231297026643564, 0.593739750924457, 0.5021767260815984, 0.31469224635843873]",16.988664287474098,0.9408462062114622,361.99508516265126,2,"nsga-2382244-[0.682942, 4.33565, 0.578744, 0.413826, 0.599612, 0.617101, 4.33013, 0.241531, 2.83915, -0.264949, 0.25, 2.94626, 2.68748, 2, -3.42654]",0,361.99508516265126,300.0,16.988664287474098,1.0050495828070292,300.85528873350563,13.515964680183224,0.9408462062114622,358.5190149632896,13.55790221516679,0.9411446356191868,361.99508516265126,0.0,0.0,0.0,0.0,0.0,0.0,0.0,0.0,0.0,0.0,252.28179931640625,0.0
1764791912.156602,"[0.5822565594523521, 0.05574351503297903, 0.6544291060737613, 0.6934009471109791, 0.0738992840659235, 0.778136562530006, 0.45311945654913605, 0.9825565161919732, 0.9060305714548845, 0.4666772447355883, 0.9154851753188313, 0.4830953285532853, 0.49954564265551393, 0.25995355108271745, 0.9561048409139958]",9.251947080798265,1.067366702091403,380.0506677860167,2,"nsga-2382244-[0.624677, 1.6951, 0.646329, 0.50802, 0.32217, 0.589068, 3.08592, 0.394767, 3.76508, -0.666455, 0.25, 2.46619, 2.49909, 2, -0.219476]",0,380.0506677860167,300.0,9.251947080798265,1.1012864147744528,354.693588126578,9.237515565825671,1.067366702091403,377.70269690722955,9.217878844098347,1.0695431290603266,380.0506677860167,0.0,0.0,0.0,0.0,0.0,0.0,0.0,0.0,0.0,0.0,129.69175720214844,0.0
1764791912.157733,"[0.3039308625362439, 0.39612472068122295, 0.6761551518756084, 0.15574099267391953, 0.019141343929750393, 0.35398249717807145, 0.5398153850052556, 0.1614587150961181, 0.24693273114538972, 0.5538814786051257, 0.644510622320775, 0.9685696271938102, 0.3283566425155302, 0.4631104486581403, 0.25352167750576016]",15.098802357185178,0.7871391151009537,368.3935122792314,2,"nsga-2382244-[0.541179, 2.88644, 0.652847, 0.346722, 0.305742, 0.376991, 3.38935, 0.148438, 2.11733, 1.07763, 0.25, 3.43714, 2.15671, 2, -3.73239]",0,368.3935122792314,300.0,15.098802357185178,0.8825484185684018,300.4608850153481,12.424489523724812,0.7871391151009537,335.2836429502906,11.709957434491413,0.808151147423721,368.3935122792314,0.0,0.0,0.0,0.0,0.0,0.0,0.0,0.0,0.0,0.0,200.533447265625,0.0
1764791912.1588757,"[0.9699594215154607, 0.027605678144782875, 0.8834757746078186, 0.11741696560526717, 0.2970025827536338, 0.2447645436772627, 0.30865355479400003, 0.4191344477985982, 0.6970122391677577, 0.4516999101274397, 0.8982309696505972, 0.8866371352937337, 0.7311004345835562, 0.9549742967891228, 0.7297324473143563]",13.706328475766066,0.9224473220546071,338.0325866327053,2,"nsga-2382244-[0.740988, 1.59662, 0.715043, 0.335225, 0.389101, 0.322382, 2.58029, 0.22574, 3.24253, -0.966002, 0.25, 3.27327, 2.9622, 2, -1.35134]",0,338.0325866327053,300.0,13.706328475766066,1.0381613219656596,302.56511360726705,11.004797721490627,0.9224473220546071,312.58993567489995,12.09621637856088,0.9638611523116507,338.0325866327053,0.0,0.0,0.0,0.0,0.0,0.0,0.0,0.0,0.0,0.0,216.75286865234375,0.0
1764791912.1600304,"[0.6565138925986761, 0.7086691006863282, 0.10605752794209145, 0.8896516737304128, 0.8907808335640905, 0.6651317144730365, 0.37252964367770897, 0.6985926975174206, 0.9141288030764446, 0.38257824899681186, 0.9446297414209568, 0.48648866185206663, 0.5790014959186055, 0.964132955519296, 0.3952795621318444]",16.985182264374522,0.9250633437459062,360.21772094354395,2,"nsga-2382244-[0.646954, 3.98034, 0.481817, 0.566896, 0.567234, 0.532566, 2.80385, 0.309578, 3.78532, -2.34844, 0.25, 2.47298, 2.658, 2, -3.0236]",0,360.21772094354395,300.0,16.985182264374522,1.0069524703956232,301.1561576657179,13.520745091321992,0.9250633437459062,359.1270751580959,12.797349166870116,0.9364054633349908,360.21772094354395,0.0,0.0,0.0,0.0,0.0,0.0,0.0,0.0,0.0,0.0,256.79693603515625,0.0
1764791912.1611483,"[0.24367318707810853, 0.4906498317994068, 0.4414336955233866, 0.5471971281960304, 0.9921916042984333, 0.4646019499721812, 0.3971579935019563, 0.48231578023719396, 0.6492580943200699, 0.4930374177368105, 0.38073003859689153, 0.48975546900798883, 0.9984148664129396, 0.5055018500095039, 0.2837632843231985]",16.896555398150188,0.9386084544949416,351.80474485071693,2,"nsga-2382244-[0.523102, 3.21727, 0.58243, 0.464159, 0.597657, 0.432301, 2.89005, 0.244695, 3.12315, -0.139252, 0.25, 2.47951, 3.49683, 2, -3.58118]",0,351.80474485071693,300.0,16.896555398150188,0.9815596124021019,303.358398902707,15.189884502131765,0.9386084544949416,347.56920430253194,15.10190544593625,0.9394777606173259,351.80474485071693,0.0,0.0,0.0,0.0,0.0,0.0,0.0,0.0,0.0,0.0,181.5232696533203,0.0
1764791912.162255,"[0.5822565594523521, 0.8009280628150064, 0.6544291060737613, 0.6932883981236683, 0.0886579074503294, 0.8362367760638355, 0.38897966616889484, 0.9825565161919732, 0.6550993598897072, 0.4663259086944683, 0.8504568436524368, 0.8588184029667193, 0.7305958061183654, 0.26095630075364096, 0.3246295190431064]",17.53460100220471,0.922540995842073,329.9294045797208,2,"nsga-2382244-[0.624677, 4.30325, 0.646329, 0.507987, 0.326597, 0.618118, 2.86143, 0.394767, 3.13775, -0.673482, 0.25, 3.21764, 2.96119, 2, -3.37685]",0,329.9294045797208,300.0,17.53460100220471,0.9328008747682339,306.2144350005359,17.390111853436725,0.922540995842073,300.24825356181077,15.787207608106659,0.9424754360827005,329.9294045797208,0.0,0.0,0.0,0.0,0.0,0.0,0.0,0.0,0.0,0.0,143.96649169921875,0.0
1764791912.16336,"[0.856088037514743, 0.30279809991162276, 0.1900514397605227, 0.544194886117564, 0.23739899863685204, 0.8493091468198349, 0.4512263674276605, 0.7270837030652616, 0.9072660952150993, 0.44432257735566455, 0.38275186623694857, 0.7228262772726334, 0.5889869107216631, 0.0856225665749561, 0.9439158457742356]",16.138725987876335,0.7809559731948666,413.4714600353706,2,"nsga-2382244-[0.706826, 2.55979, 0.507015, 0.463258, 0.37122, 0.624655, 3.07929, 0.318125, 3.76817, -1.11355, 0.25, 2.94565, 2.67797, 2, -0.280421]",0,413.4714600353706,300.0,16.138725987876335,0.9771036877864745,304.9296172165289,11.031347242215785,0.7809559731948666,407.382670481612,11.2871264015756,0.7832806311002591,413.4714600353706,0.0,0.0,0.0,0.0,0.0,0.0,0.0,0.0,0.0,0.0,386.0008544921875,0.0
1764791912.1644804,"[0.9646821650875068, 0.4004501159761928, 0.8820206992073805, 0.11089273459462107, 0.29639234350879773, 0.2447645436772627, 0.31230539210685027, 0.4191344477985982, 0.2493055354156003, 0.4516999101274397, 0.8982309696505972, 0.8866371352937337, 0.7311004345835562, 0.9415214842817186, 0.7366707725081747]",16.533791821177413,0.786796276743819,381.0299787195717,2,"nsga-2382244-[0.739405, 2.90158, 0.714606, 0.333268, 0.388918, 0.322382, 2.59307, 0.22574, 2.12326, -0.966002, 0.25, 3.27327, 2.9622, 2, -1.31665]",0,381.0299787195717,300.0,16.533791821177413,0.9565772597382708,300.658259880252,11.185984230041504,0.786796276743819,367.7366439075005,12.607961333670268,0.8000800129843921,381.0299787195717,0.0,0.0,0.0,0.0,0.0,0.0,0.0,0.0,0.0,0.0,342.8360595703125,0.0
1764791912.165598,"[0.3663320969883388, 0.18344317188143278, 0.9562862302595188, 0.33704255065641486, 0.5454299098454068, 0.1751828757803483, 0.04054581103677968, 0.9430118739280882, 0.6415553832425459, 0.8214055245752552, 0.777256875711956, 0.6308566214446758, 0.8238204226676091, 0.21207441473683103, 0.24303328508789182]",17.08172725119242,0.8851998148894892,434.3068196366473,2,"nsga-2382244-[0.5599, 2.14205, 0.736886, 0.401113, 0.463629, 0.287591, 1.64191, 0.382904, 3.10389, 6.42811, 0.25, 2.76171, 3.14764, 2, -3.78483]",0,434.3068196366473,300.0,17.08172725119242,0.934594221231414,300.77243693281963,13.080258392706149,0.8851998148894892,385.0156556292278,10.613135412262707,0.9293547804762677,434.3068196366473,0.0,0.0,0.0,0.0,0.0,0.0,0.0,0.0,0.0,0.0,332.21575927734375,0.0
1764791912.1667144,"[0.8128007806081943, 0.00028424397265062497, 0.9896827205437052, 0.2080452127927691, 0.4073029008895551, 0.4935129209414995, 0.22805007457593784, 0.3563647837074037, 0.42444570311544155, 0.7639708093875526, 0.9552262018991643, 0.7932388204547038, 0.6239036883676865, 0.918891794978725, 0.10618210518102306]",12.483898995562297,1.0029690707602152,353.24621299185407,2,"nsga-2382244-[0.69384, 1.50099, 0.746905, 0.362414, 0.422191, 0.446756, 2.29818, 0.206909, 2.56111, 5.27942, 0.25, 3.08648, 2.74781, 2, -4.46909]",0,353.24621299185407,300.0,12.483898995562297,1.052396716722628,300.4912427576577,10.886062580201685,1.0029690707602152,353.24621299185407,10.886062580201685,1.0029690707602152,353.24621299185407,0.0,0.0,0.0,0.0,0.0,0.0,0.0,0.0,0.0,0.0,232.83348083496094,0.0
1764791912.1680696,"[0.5822565594523521, 0.8107100561874833, 0.6539660292172076, 0.247920823153901, 0.3390945606541128, 0.836495240271553, 0.40530274744012507, 0.9676799119190931, 0.8756692876709535, 0.5595131401901371, 0.8504568436524368, 0.21180730547686422, 0.3394226761016941, 0.2551614195079436, 0.8295616323222059]",17.21107525243992,0.9215009232846701,419.69230983082844,2,"nsga-2382244-[0.624677, 4.33749, 0.64619, 0.374376, 0.401728, 0.618248, 2.91856, 0.390304, 3.68917, 1.19026, 0.25, 1.92361, 2.17885, 2, -0.852192]",0,419.69230983082844,300.0,17.21107525243992,0.9746465994090568,300.05399824933306,13.382668671956877,0.9215009232846701,399.1782780717059,11.32244504602944,0.9825018173310814,419.69230983082844,0.0,0.0,0.0,0.0,0.0,0.0,0.0,0.0,0.0,0.0,331.32659912109375,0.0
1764791912.169183,"[0.19943043545009964, 0.46611574947510837, 0.619921547952133, 0.7171489729325038, 0.07642941550276519, 0.40804474980613736, 0.9669146862562934, 0.4758486565594148, 0.7290581349708171, 0.4654117071916008, 0.4774288600253499, 0.7199571732422625, 0.5943596935957506, 0.9475707614983485, 0.39673014150928787]",0.0,100.0,16.441044542266102,2,"nsga-2382244-[0.509829, 3.13141, 0.635976, 0.515145, 0.322929, 0.404022, 4.8842, 0.242755, 3.32265, -0.691766, 0.25, 2.93991, 2.68872, 2, -3.01635]",0,16.441044542266102,300.0,0.0,100.0,0.0,0.0,100.0,0.0,8.099440949137618,0.8358064606422331,16.441044542266102,0.0,0.0,0.0,0.0,0.0,0.0,0.0,0.0,0.0,0.0,3.967804431915283,0.0
1764791912.1702814,"[0.9659614701654037, 0.07553494944097427, 0.21680477987167135, 0.27089948295298394, 0.3420265228895121, 0.5554462347514996, 0.390359729745611, 0.36151398933245615, 0.8758518802806888, 0.45114555389150757, 0.19929803982040084, 0.7227216717706346, 0.6298373676656901, 0.15499517768228033, 0.8398084815570298]",14.24527753969518,0.8600783932499769,337.8318782527272,2,"nsga-2382244-[0.739788, 1.76437, 0.515041, 0.38127, 0.402608, 0.477723, 2.86626, 0.208454, 3.68963, -0.977089, 0.25, 2.94544, 2.75967, 2, -0.800958]",0,337.8318782527272,300.0,14.24527753969518,1.054667413525465,300.8693948513124,10.0468926127364,0.8600783932499769,300.6567371275367,11.985789224578113,0.9280900455102687,337.8318782527272,0.0,0.0,0.0,0.0,0.0,0.0,0.0,0.0,0.0,0.0,242.3551483154297,0.0
1764791912.1714048,"[0.19943043545009964, 0.4758977428481196, 0.6194584710955792, 0.8783127404177211, 0.29188358139052495, 0.40804474980613736, 0.9820743083955279, 0.45919328829082884, 0.7290581349708171, 0.5585989386872695, 0.47750891397357176, 0.22055832320846586, 0.3416638510626012, 0.9321046692656131, 0.3866727732447264]",0.0,100.0,85.56527416880537,2,"nsga-2382244-[0.509829, 3.16564, 0.635838, 0.563494, 0.387565, 0.404022, 4.93726, 0.237758, 3.32265, 1.17198, 0.25, 1.94112, 2.18333, 2, -3.06664]",0,85.56527416880537,300.0,0.0,100.0,0.0,0.0,100.0,0.0,10.763254191235799,0.8325471194415558,85.56527416880537,0.0,0.0,0.0,0.0,0.0,0.0,0.0,0.0,0.0,0.0,10.382281303405762,0.0
1764791912.1725056,"[0.6289303955026737, 0.794426304964843, 0.4654990572268837, 0.20969014247354717, 0.5528616206930285, 0.5474652897701129, 0.2234442243788144, 0.8114597304992414, 0.6793307029430008, 0.3733683231857624, 0.4176737131912295, 0.841397629942911, 0.022027878761854525, 0.3082222018374534, 0.3654997301918145]",14.05231082730177,1.084319596465041,351.5095014060416,2,"nsga-2382244-[0.638679, 4.28049, 0.58965, 0.362907, 0.465858, 0.473733, 2.28205, 0.343438, 3.19833, -2.53263, 0.25, 3.1828, 1.54406, 2, -3.1725]",0,351.5095014060416,300.0,14.05231082730177,1.0851955998234633,300.086422915575,14.033032217258361,1.084319596465041,301.7818012516673,11.795502741743878,1.1562776315503005,351.5095014060416,0.0,0.0,0.0,0.0,0.0,0.0,0.0,0.0,0.0,0.0,227.37200927734375,0.0
1764791912.1736164,"[0.32081731916259026, 0.022875570427650205, 0.9899027240113316, 0.7281760238206065, 0.9230541701477325, 0.49236842770767186, 0.8803850714181858, 0.9504964994748603, 0.41571908103060773, 0.553179001989478, 0.9117085903624624, 0.7915003320198258, 0.8455055157367654, 0.8960771863992094, 0.10999595179300148]",15.537315033703315,0.981711208820343,368.763571353075,2,"nsga-2382244-[0.546245, 1.58006, 0.746971, 0.518453, 0.576916, 0.446184, 4.58135, 0.385149, 2.5393, 1.06358, 0.25, 3.083, 3.19101, 2, -4.45002]",0,368.763571353075,300.0,15.537315033703315,0.992562630699902,320.8009066511945,12.669231614833924,0.981711208820343,360.03327309213034,14.592586508029845,1.0017663481758863,368.763571353075,0.0,0.0,0.0,0.0,0.0,0.0,0.0,0.0,0.0,0.0,237.33404541015625,0.0
1764791912.1747217,"[0.6476171800805257, 0.7042997069571452, 0.4676718392942827, 0.4937788818368066, 0.8907808335640905, 0.6651317144730365, 0.37256685180800264, 0.8295966355045938, 0.6538562772499423, 0.38992179303449365, 0.3908705037746823, 0.8573313225029383, 0.7922596460140381, 0.08562438488761442, 0.3902737981567065]",16.82216460530351,0.9754768679781658,335.28812185147916,2,"nsga-2382244-[0.644285, 3.96505, 0.590302, 0.448134, 0.567234, 0.532566, 2.80398, 0.348879, 3.13464, -2.20156, 0.25, 3.21466, 3.08452, 2, -3.04863]",0,335.28812185147916,300.0,16.82216460530351,0.9894382238388062,303.54152061648483,13.989740613611733,0.9754768679781658,321.56777120450647,12.035581314272997,1.0130910373315578,335.28812185147916,0.0,0.0,0.0,0.0,0.0,0.0,0.0,0.0,0.0,0.0,248.880126953125,0.0
1764791912.1758425,"[0.8619168971099027, 0.3062189723650534, 0.10463996828319497, 0.8863985738127927, 0.23988975594958672, 0.8427386570991269, 0.3907212173073491, 0.7056418437501646, 0.9166074088337326, 0.9432062894976454, 0.3826774551632098, 0.4818025479254544, 0.5720149366143288, 0.9679605643992837, 0.9420778394472284]",14.287415606801103,0.7748383472605449,372.56206691090654,2,"nsga-2382244-[0.708575, 2.57177, 0.481392, 0.56592, 0.371967, 0.621369, 2.86752, 0.311693, 3.79152, 8.86413, 0.25, 2.46361, 2.64403, 2, -0.289611]",0,372.56206691090654,300.0,14.287415606801103,0.9322110344723957,300.4743740546994,10.951089384497665,0.7748383472605449,366.11833831042776,10.629365953584996,0.7795122806618854,372.56206691090654,0.0,0.0,0.0,0.0,0.0,0.0,0.0,0.0,0.0,0.0,283.78253173828125,0.0
1764791912.1769402,"[0.5774315281594062, 0.008177053084143848, 0.2628431396874161, 0.20682183933936488, 0.1011447304084381, 0.002100203535103984, 0.27942529242315106, 0.5311215254276578, 0.6514267283958108, 0.8136091918277746, 0.3029413746928874, 0.20294329206834705, 0.8407122040282727, 0.9161082029117745, 0.6894808621862621]",0.0,100.0,195.1042835793844,2,"nsga-2382244-[0.623229, 1.52862, 0.528853, 0.362047, 0.330343, 0.20105, 2.47799, 0.259336, 3.12857, 6.27218, 0.25, 1.90589, 3.18142, 2, -1.5526]",0,195.1042835793844,300.0,0.0,100.0,0.0,0.0,100.0,0.0,14.954286589273591,1.0371874815080224,195.1042835793844,0.0,0.0,0.0,0.0,0.0,0.0,0.0,0.0,0.0,0.0,67.43330383300781,0.0
1764791912.1780589,"[0.7895771482877056, 0.6074945848749507, 0.9896827205437052, 0.33857299151041714, 0.5532301137811901, 0.4935129209414995, 0.22805007457593784, 0.9504964994748603, 0.4283824815568311, 0.4886556151370759, 0.9552262018991643, 0.7925983263352411, 0.42651485283249924, 0.4733681492461057, 0.10340435447519652]",17.214959484193383,0.9261452605084675,419.0108789955697,2,"nsga-2382244-[0.686873, 3.62623, 0.746905, 0.401572, 0.465969, 0.446756, 2.29818, 0.385149, 2.57096, -0.226888, 0.25, 3.0852, 2.35303, 2, -4.48298]",0,419.0108789955697,300.0,17.214959484193383,0.9344029885966604,301.5510483904583,13.539877072776235,0.9261452605084675,385.9143680479468,11.122386364820526,0.9770827101498115,419.0108789955697,0.0,0.0,0.0,0.0,0.0,0.0,0.0,0.0,0.0,0.0,350.8739929199219,0.0
1764791912.179177,"[0.25256989959607345, 0.4905649907453462, 0.26665486279297024, 0.5461689135830802, 0.9921916042984333, 0.4646019499721812, 0.40652973206478604, 0.4753436126824798, 0.663930169163721, 0.4944529799399434, 0.9465009637689326, 0.20590606987420865, 0.9984148664129396, 0.5055018500095039, 0.286074728131009]",16.950996361709223,0.9797748664530312,324.6184025462081,2,"nsga-2382244-[0.525771, 3.21698, 0.529996, 0.463851, 0.597657, 0.432301, 2.92285, 0.242603, 3.15983, -0.11094, 0.25, 1.91181, 3.49683, 2, -3.56963]",0,324.6184025462081,300.0,16.950996361709223,1.0171218220780536,300.13801031345275,14.238900505624166,0.9797748664530312,319.6179051096846,13.667959585422423,0.9813481435543153,324.6184025462081,0.0,0.0,0.0,0.0,0.0,0.0,0.0,0.0,0.0,0.0,157.2352294921875,0.0
1764791912.1804845,"[0.5774315281594062, 0.6090441104614399, 0.4376219724178325, 0.33837783266996313, 0.10606626391818041, 0.002100203535103984, 0.27001634573002764, 0.5311215254276578, 0.6494180540783833, 0.48127191304542793, 0.3029413746928874, 0.4867926912021303, 0.4429128180463183, 0.4705848053802866, 0.6921751823535943]",17.467509595359243,0.6862534081063619,434.92143182521914,2,"nsga-2382244-[0.623229, 3.63165, 0.581287, 0.401513, 0.33182, 0.20105, 2.44506, 0.259336, 3.12355, -0.374562, 0.25, 2.47359, 2.38583, 2, -1.53912]",0,434.92143182521914,300.0,17.467509595359243,0.8310092850429256,304.77531436827127,13.064220330773331,0.6862534081063619,415.1479967442954,11.654635931805867,0.7188420403294447,434.92143182521914,0.0,0.0,0.0,0.0,0.0,0.0,0.0,0.0,0.0,0.0,298.48431396484375,0.0
1764791912.1816323,"[0.1992425398513172, 0.4758977428481196, 0.6194584710955792, 0.27166884897413823, 0.3416246895330791, 0.40804474980613736, 0.9820743083955279, 0.45919328829082884, 0.7290581349708171, 0.5585989386872695, 0.4774219354071895, 0.20937754261916042, 0.34282530837038916, 0.9428553305523669, 0.4038142548569885]",18.59530737807111,0.7829249928637249,416.51414675828886,2,"nsga-2382244-[0.509773, 3.16564, 0.635838, 0.381501, 0.402487, 0.404022, 4.93726, 0.237758, 3.32265, 1.17198, 0.25, 1.91876, 2.18565, 2, -2.98093]",0,416.51414675828886,300.0,18.59530737807111,0.8922630051287209,301.3702931287812,14.92860364681337,0.7829249928637249,399.5449022618736,12.931389241102265,0.8001682357090275,416.51414675828886,0.0,0.0,0.0,0.0,0.0,0.0,0.0,0.0,0.0,0.0,274.9898681640625,0.0
1764791912.1827447,"[0.5755042684756312, 0.47512311526642215, 0.6194584710955792, 0.3375280268500704, 0.3416246895330791, 0.40804474980613736, 0.2748795093427031, 0.45919328829082884, 0.7290581349708171, 0.5585989386872695, 0.47881632146105063, 0.20937754261916042, 0.3417288957238066, 0.945427771545006, 0.39617516561597266]",17.51729847512594,0.8133295870408779,426.29213446640387,2,"nsga-2382244-[0.622651, 3.16293, 0.635838, 0.401258, 0.402487, 0.404022, 2.46208, 0.237758, 3.32265, 1.17198, 0.25, 1.91876, 2.18346, 2, -3.01912]",0,426.29213446640387,300.0,17.51729847512594,0.9466321142708383,302.21607684623905,12.831888129071492,0.8133295870408779,413.8000977678997,12.267021607189644,0.8190815919783058,426.29213446640387,0.0,0.0,0.0,0.0,0.0,0.0,0.0,0.0,0.0,0.0,313.499755859375,0.0
1764791912.1840906,"[0.45835001177471596, 0.2560241698444927, 0.9916666152890952, 0.4575780014629667, 0.5451467520767375, 0.5060812408153692, 0.4728147761652862, 0.9392823849641905, 0.4162934684598563, 0.4422730729458028, 0.3203735747388672, 0.5489642276897019, 0.3594323740678642, 0.2163305621091095, 0.2421580845692236]",17.001429115853657,0.9333186396738378,466.2776373142149,2,"nsga-2382244-[0.587505, 2.39608, 0.7475, 0.437273, 0.463544, 0.453041, 3.15485, 0.381785, 2.54073, -1.15454, 0.25, 2.59793, 2.21886, 2, -3.78921]",0,466.2776373142149,300.0,17.001429115853657,0.9390954916070148,307.190425891411,16.867045690955184,0.9333186396738378,300.8981180795809,10.930255145561404,1.0298744916915894,466.2776373142149,0.0,0.0,0.0,0.0,0.0,0.0,0.0,0.0,0.0,0.0,346.3780517578125,0.0
1764791912.1852207,"[0.3048983753441679, 0.022875570427650205, 0.9547455116139486, 0.2080452127927691, 0.32645994361492253, 0.8613192768231954, 0.22805007457593784, 0.3543818647891611, 0.6505644129010396, 0.5514757758587328, 0.95577014756032, 0.7925983263352411, 0.824314238948428, 0.906770152359974, 0.10999595179300148]",15.61753240445765,0.9118598384828103,407.02235206045754,2,"nsga-2382244-[0.54147, 1.58006, 0.736424, 0.362414, 0.397938, 0.63066, 2.29818, 0.206315, 3.12641, 1.02952, 0.25, 3.0852, 3.14863, 2, -4.45002]",0,407.02235206045754,300.0,15.61753240445765,0.9563432859211434,323.5180270311309,15.26153537005913,0.9118598384828103,301.73219228604944,12.158590595896651,0.9719631732963934,407.02235206045754,0.0,0.0,0.0,0.0,0.0,0.0,0.0,0.0,0.0,0.0,269.6142883300781,0.0
1764792299.8217614,"[0.4568832799589986, 0.4767127410140749, 0.9474184478091117, 0.4663722098071314, 0.323298172638683, 0.4076407092507781, 0.461067487464607, 0.3432115351325652, 0.7288541058144062, 0.4405698468150575, 0.3203735747388672, 0.23093746326461975, 0.34295613614803, 0.2163305621091095, 0.2421580845692236]",16.638929729926875,0.8298594306154949,400.6921222407643,3,"nsga-2382244-[0.587065, 3.16849, 0.734226, 0.439912, 0.396989, 0.40382, 3.11374, 0.202963, 3.32214, -1.1886, 0.25, 1.96187, 2.18591, 2, -3.78921]",0,400.6921222407643,300.0,16.638929729926875,0.8854042855704704,300.2456979891149,13.539763636705352,0.8298594306154949,384.7819673863853,12.239814725736293,0.8583607906248512,400.6921222407643,0.0,0.0,0.0,0.0,0.0,0.0,0.0,0.0,0.0,0.0,271.1732177734375,0.0
1764792299.8248155,"[0.19943043545009964, 0.2537218572202371, 0.6285728936674809, 0.328491866669345, 0.3416246895330791, 0.2059587767556659, 0.9942385508429974, 0.45919328829082884, 0.651342829486699, 0.5585989386872695, 0.4774288600253499, 0.20926615601292617, 0.34819905172155763, 0.9454129663166355, 0.3960857729196905]",17.95880159982821,0.7467264405110987,431.14837058462746,3,"nsga-2382244-[0.509829, 2.38803, 0.638572, 0.398548, 0.402487, 0.302979, 4.97983, 0.237758, 3.12836, 1.17198, 0.25, 1.91853, 2.1964, 2, -3.01957]",0,431.14837058462746,300.0,17.95880159982821,0.8883516864078801,301.4636237539896,13.499802961582091,0.7467264405110987,428.6023308730707,13.610779920438441,0.7479813721121811,431.14837058462746,0.0,0.0,0.0,0.0,0.0,0.0,0.0,0.0,0.0,0.0,271.6897888183594,0.0
1764792299.828021,"[0.684033062489692, 0.8082553559453618, 0.15821640002053936, 0.7310820280462247, 0.36979573512418074, 0.3165514290789945, 0.40736591814500145, 0.9760075667285739, 0.42404278088557146, 0.8154549581747396, 0.07780567955525874, 0.7711760748890154, 0.8663690783872808, 0.2600346163292223, 0.8300047081905954]",11.625209552485769,0.8419860211814322,379.36468721715414,3,"nsga-2382244-[0.65521, 4.32889, 0.497465, 0.519325, 0.410939, 0.358276, 2.92578, 0.392802, 2.56011, 6.3091, 0.25, 3.04235, 3.23274, 2, -0.849976]",0,379.36468721715414,300.0,11.625209552485769,0.8854799288075145,327.7983300185785,11.133379564052674,0.8419860211814322,377.94824866318123,11.300327766232375,0.8441696693257588,379.36468721715414,0.0,0.0,0.0,0.0,0.0,0.0,0.0,0.0,0.0,0.0,102.23602294921875,0.0
1764792299.8292067,"[0.5822565594523521, 0.32489464399437096, 0.6501589668478742, 0.247920823153901, 0.3390945606541128, 0.836495240271553, 0.8837195945846071, 0.46475499623628336, 0.8756692876709535, 0.5595131401901371, 0.8504568436524368, 0.21180730547686422, 0.3451187449044488, 0.028631468670526045, 0.39666519185646154]",17.305582842012733,0.8427835324915444,426.1736513091297,3,"nsga-2382244-[0.624677, 2.63713, 0.645048, 0.374376, 0.401728, 0.618248, 4.59302, 0.239426, 3.68917, 1.19026, 0.25, 1.92361, 2.19024, 2, -3.01667]",0,426.1736513091297,300.0,17.305582842012733,0.9460298584728706,307.67730288621857,12.540298466566131,0.8427835324915444,416.18878791623,11.14206654618426,0.8663710710478992,426.1736513091297,0.0,0.0,0.0,0.0,0.0,0.0,0.0,0.0,0.0,0.0,337.0577392578125,0.0
1764792299.8303387,"[0.2032976947554897, 0.4758977428481196, 0.6194584710955792, 0.27166884897413823, 0.3416246895330791, 0.5079492157238583, 0.9820743083955279, 0.9394501992069091, 0.7290581349708171, 0.4431431085795693, 0.4774219354071895, 0.20937754261916042, 0.35954307237608546, 0.22496797165982763, 0.4038142548569885]",14.633151207900628,0.9550188960098639,417.3973377506907,3,"nsga-2382244-[0.510989, 3.16564, 0.635838, 0.381501, 0.402487, 0.453975, 4.93726, 0.381835, 3.32265, -1.13714, 0.25, 1.91876, 2.21909, 2, -2.98093]",0,417.3973377506907,300.0,14.633151207900628,0.9745665907859802,300.48082561958125,13.663739353272973,0.9550188960098639,369.4189603852063,12.064271182548708,1.0106865914856515,417.3973377506907,0.0,0.0,0.0,0.0,0.0,0.0,0.0,0.0,0.0,0.0,223.80599975585938,0.0
1764792299.8314624,"[0.45429485687054405, 0.2560241698444927, 0.9916666152890952, 0.4575780014629667, 0.5451467520767375, 0.40617677489764825, 0.4728147761652862, 0.4590217479229856, 0.4162934684598563, 0.557728903053503, 0.3203735747388672, 0.5489642276897019, 0.3427146100621679, 0.9341560400624209, 0.24075346459579772]",17.468160187325825,0.8428096399074647,462.28828616258573,3,"nsga-2382244-[0.586288, 2.39608, 0.7475, 0.437273, 0.463544, 0.403088, 3.15485, 0.237707, 2.54073, 1.15458, 0.25, 2.59793, 2.18543, 2, -3.79623]",0,462.28828616258573,300.0,17.468160187325825,0.9214461948813462,305.6254463754049,12.809878172525545,0.8428096399074647,419.28178852360423,11.624675676299304,0.8557208090293699,462.28828616258573,0.0,0.0,0.0,0.0,0.0,0.0,0.0,0.0,0.0,0.0,354.1676940917969,0.0
1764792299.832912,"[0.5822565594523521, 0.7990115148092987, 0.8875098261743227, 0.6934009471109791, 0.28163236446356127, 0.23410243920928853, 0.3049842410898228, 0.9850871203353713, 0.8770898767195603, 0.4663259086944683, 0.8504568436524368, 0.7221606886275747, 0.5921185186348434, 0.25995355108271745, 0.8302060009697346]",0.0,100.0,78.33611318541736,3,"nsga-2382244-[0.624677, 4.29654, 0.716253, 0.50802, 0.38449, 0.317051, 2.56744, 0.395526, 3.69272, -0.673482, 0.25, 2.94432, 2.68424, 2, -0.84897]",0,78.33611318541736,300.0,0.0,100.0,0.0,0.0,100.0,0.0,9.574730777740479,1.453180429121343,78.33611318541736,0.0,0.0,0.0,0.0,0.0,0.0,0.0,0.0,0.0,0.0,11.802268981933594,0.0
1764792299.8340483,"[0.9646821650875068, 0.4024543794573207, 0.64893997910294, 0.1130289263112988, 0.07594564000075281, 0.8405868608850691, 0.3945735781073427, 0.4191344477985982, 0.24788473813619682, 0.4516999101274397, 0.8982309696505972, 0.8876263744373117, 0.7866246087696901, 0.9549742967891228, 0.7355301524877342]",16.068603897094725,0.8791939511531737,382.1900992044588,3,"nsga-2382244-[0.739405, 2.90859, 0.644682, 0.333909, 0.322784, 0.620293, 2.88101, 0.22574, 2.11971, -0.966002, 0.25, 3.27525, 3.07325, 2, -1.32235]",0,382.1900992044588,300.0,16.068603897094725,0.9557891592746828,300.63348018367117,10.972509379503204,0.8791939511531737,382.1041380347275,10.980455905635182,0.8796193044360091,382.1900992044588,0.0,0.0,0.0,0.0,0.0,0.0,0.0,0.0,0.0,0.0,299.28271484375,0.0
1764792299.835166,"[0.5822565594523521, 0.8009280628150064, 0.19451633886362144, 0.6934009471109791, 0.0738992840659235, 0.836495240271553, 0.38706072651450724, 0.7305718081209517, 0.8756692876709535, 0.4446375251586093, 0.8398957584959625, 0.7223869360626719, 0.5921185186348434, 0.25579501981677777, 0.8302060009697346]",18.044108976968904,0.7693261483820474,427.69764627596226,3,"nsga-2382244-[0.624677, 4.30325, 0.508355, 0.50802, 0.32217, 0.618248, 2.85471, 0.319172, 3.68917, -1.10725, 0.25, 2.94477, 2.68424, 2, -0.84897]",0,427.69764627596226,300.0,18.044108976968904,0.9361151357976402,301.4176567635885,13.124973557635052,0.7693261483820474,417.98783007365904,12.037047990938513,0.7825898760702552,427.69764627596226,0.0,0.0,0.0,0.0,0.0,0.0,0.0,0.0,0.0,0.0,340.32635498046875,0.0
1764792299.8362942,"[0.856088037514743, 0.30279809991162276, 0.6499642070033005, 0.5440823371302531, 0.25215762201235653, 0.8493091468198349, 0.3909301149360776, 0.9815302971354861, 0.656334883747098, 0.4660109608915236, 0.39331295059796045, 0.8518822169826734, 0.727464198205185, 0.09078384751121205, 0.9432184616898124]",15.77481404281244,0.8986835473921241,408.54160052043636,3,"nsga-2382244-[0.706826, 2.55979, 0.644989, 0.463225, 0.375647, 0.624655, 2.86826, 0.394459, 3.14084, -0.679781, 0.25, 3.20376, 2.95493, 2, -0.283908]",0,408.54160052043636,300.0,15.77481404281244,0.9569610732357676,306.5649266312762,10.155562200778869,0.8986835473921241,397.67455492717465,9.062572516464606,0.9611377122925548,408.54160052043636,0.0,0.0,0.0,0.0,0.0,0.0,0.0,0.0,0.0,0.0,359.5882873535156,0.0
1764792299.837424,"[0.5774315281594062, 0.6090441104614399, 0.43932942833958755, 0.33837783266996313, 0.11389133939397603, 0.0021313660373022455, 0.26900329094288616, 0.5331945901524664, 0.6494180540783833, 0.48127191304542793, 0.3029413746928874, 0.4867926912021303, 0.4429128180463183, 0.469533021352094, 0.6921751823535943]",17.65022620224371,0.690156296695151,417.22368707424255,3,"nsga-2382244-[0.623229, 3.63165, 0.581799, 0.401513, 0.334167, 0.201066, 2.44151, 0.259958, 3.12355, -0.374562, 0.25, 2.47359, 2.38583, 2, -1.53912]",0,417.22368707424255,300.0,17.65022620224371,0.845860773761098,302.05377692245855,12.66755794432105,0.690156296695151,405.479067323266,11.587099917342023,0.7177146114954134,417.22368707424255,0.0,0.0,0.0,0.0,0.0,0.0,0.0,0.0,0.0,0.0,298.69647216796875,0.0
1764792299.8385408,"[0.9646821650875068, 0.3985861711376409, 0.8803132367225248, 0.1130289263112988, 0.27613569388025716, 0.0038285353265632097, 0.3096666095811415, 0.4170613830737896, 0.2493055354156003, 0.4803504414500557, 0.9226666441283122, 0.8874001270022187, 0.7866246087696901, 0.4705512019233336, 0.7355301524877342]",16.72745103138249,0.708999095311979,349.2967013475372,3,"nsga-2382244-[0.739405, 2.89505, 0.714094, 0.333909, 0.382841, 0.201914, 2.58383, 0.225118, 2.12326, -0.392991, 0.25, 3.2748, 3.07325, 2, -1.32235]",0,349.2967013475372,300.0,16.72745103138249,0.9534464167385567,301.49626896555833,11.598937025302794,0.708999095311979,343.4970756344679,12.126180085903261,0.7167313567021998,349.2967013475372,0.0,0.0,0.0,0.0,0.0,0.0,0.0,0.0,0.0,0.0,321.0260009765625,0.0
1764792299.8396695,"[0.5822565594523521, 0.8009280628150064, 0.6544291060737613, 0.33515974249258385, 0.0886579074503294, 0.8362367760638355, 0.38897966616889484, 0.9825565161919732, 0.6550993598897072, 0.4885607369745638, 0.8504568436524368, 0.8588184029667193, 0.7289793286832487, 0.26095630075364096, 0.3270499810039463]",16.5349280101497,0.9537733761275687,338.7942796288467,3,"nsga-2382244-[0.624677, 4.30325, 0.646329, 0.400548, 0.326597, 0.618118, 2.86143, 0.394767, 3.13775, -0.228785, 0.25, 3.21764, 2.95796, 2, -3.36475]",0,338.7942796288467,300.0,16.5349280101497,0.9537733761275687,300.3789740213534,16.5349280101497,0.9537733761275687,300.3789740213534,10.23153075241461,1.1778720280019248,338.7942796288467,0.0,0.0,0.0,0.0,0.0,0.0,0.0,0.0,0.0,0.0,222.40145874023438,0.0
1764792299.8407888,"[0.7895771482877056, 0.6074945848749507, 0.9896827205437052, 0.6967016471415013, 0.5532301137811901, 0.4935129209414995, 0.22805007457593784, 0.9504964994748603, 0.4283824815568311, 0.4664207868569804, 0.9552262018991643, 0.7925983263352411, 0.42813133026761596, 0.4733681492461057, 0.10098389252126111]",17.37954443024426,0.8971187039119441,428.0011175016078,3,"nsga-2382244-[0.686873, 3.62623, 0.746905, 0.50901, 0.465969, 0.446756, 2.29818, 0.385149, 2.57096, -0.671584, 0.25, 3.0852, 2.35626, 2, -4.49508]",0,428.0011175016078,300.0,17.37954443024426,0.9159586464486471,300.9163362828697,12.740250210645723,0.8971187039119441,376.6510942784751,11.028009126244521,0.941268545825307,428.0011175016078,0.0,0.0,0.0,0.0,0.0,0.0,0.0,0.0,0.0,0.0,309.05230712890625,0.0
1764792299.8419201,"[0.3667855320133458, 0.3219989441009674, 0.14434719870482227, 0.7310820280462247, 0.36979573512418074, 0.3165514290789945, 0.038335775802567584, 0.4735172450865206, 0.42190431484527546, 0.8214755051432768, 0.07780567955525874, 0.7697567374048967, 0.8720651691724037, 0.21273740002263053, 0.39710826778396435]",12.704139453608816,0.8461173226193683,347.8620602863591,3,"nsga-2382244-[0.560036, 2.627, 0.493304, 0.519325, 0.410939, 0.358276, 1.63418, 0.242055, 2.55476, 6.42951, 0.25, 3.03951, 3.24413, 2, -3.01446]",0,347.8620602863591,300.0,12.704139453608816,0.8705887564798681,300.35647724430737,11.70268439316168,0.8461173226193683,332.1574533416004,11.214905417837748,0.863647278343759,347.8620602863591,0.0,0.0,0.0,0.0,0.0,0.0,0.0,0.0,0.0,0.0,201.61245727539062,0.0
1764792299.8430388,"[0.683579627464685, 0.1838841716056512, 0.9654906085839297, 0.33704255065641486, 0.5454299098454068, 0.1751828757803483, 0.8885560009006918, 0.9430118739280882, 0.6436938492828419, 0.8153849776067178, 0.777256875711956, 0.6322759589287946, 0.8238204226676091, 0.03283837350058723, 0.24303328508789182]",12.134954061740782,0.8006991014247987,397.62075984303544,3,"nsga-2382244-[0.655074, 2.14359, 0.739647, 0.401113, 0.463629, 0.287591, 4.60995, 0.382904, 3.10923, 6.3077, 0.25, 2.76455, 3.14764, 2, -3.78483]",0,397.62075984303544,300.0,12.134954061740782,0.8289181450518166,300.3219231582269,10.88515511954703,0.8006991014247987,356.21935677877286,9.722389472403178,0.8212408461221834,397.62075984303544,0.0,0.0,0.0,0.0,0.0,0.0,0.0,0.0,0.0,0.0,256.37835693359375,0.0
1764792299.8444474,"[0.3063651071598853, 0.022875570427650205, 0.9899027240113316, 0.2247833807366354, 0.547292136666311, 0.49236842770767186, 0.4592260743122284, 0.9487724531002507, 0.8848598957793485, 0.4679604157421852, 0.8513594987856549, 0.7934609942500784, 0.824314238948428, 0.906770152359974, 0.10999595179300148]",15.886895514697564,0.9696793323609887,349.52348889606753,3,"nsga-2382244-[0.54191, 1.58006, 0.746971, 0.367435, 0.464188, 0.446184, 3.10729, 0.384632, 3.71215, -0.640792, 0.25, 3.08692, 3.14863, 2, -4.45002]",0,349.52348889606753,300.0,15.886895514697564,0.969755103239199,307.25448158078075,15.886493282783322,0.9696793323609887,306.2883135167564,13.207555496401904,1.0024165894927048,349.52348889606753,0.0,0.0,0.0,0.0,0.0,0.0,0.0,0.0,0.0,0.0,244.43199157714844,0.0
1764792299.845578,"[0.5822565594523521, 0.8009280628150064, 0.6544291060737613, 0.6766627791839158, 0.07491652088180023, 0.8362367760638355, 0.22194345681284544, 0.9842805625649563, 0.43688960204699834, 0.5515444949417612, 0.9548674924219446, 0.7215242681478345, 0.5921185186348434, 0.25995355108271745, 0.3253576215429804]",16.969335253645735,0.8857234939205937,364.3333630817692,3,"nsga-2382244-[0.624677, 4.30325, 0.646329, 0.502999, 0.322475, 0.618118, 2.2768, 0.395284, 2.59222, 1.03089, 0.25, 2.94305, 2.68424, 2, -3.37321]",0,364.3333630817692,300.0,16.969335253645735,0.9521528729578344,324.00015928687117,16.362909745007027,0.8857234939205937,300.73155282183393,15.524358442353039,0.979965964468514,364.3333630817692,0.0,0.0,0.0,0.0,0.0,0.0,0.0,0.0,0.0,0.0,146.452880859375,0.0
1764792299.8466823,"[0.20154559073385148, 0.6116855573046736, 0.2628431396874161, 0.27149044018108076, 0.10578008445255063, 0.23772343292091408, 0.9844235526808763, 0.5311215254276578, 0.6640901289220343, 0.45262138172281197, 0.2771123741681691, 0.20294329206834705, 0.441686316077325, 0.9534965067852457, 0.6816629875526821]",18.16066864758003,0.7613684290792884,406.5227696860709,3,"nsga-2382244-[0.510464, 3.6409, 0.528853, 0.381447, 0.331734, 0.318862, 4.94548, 0.259336, 3.16023, -0.947572, 0.25, 1.90589, 2.38337, 2, -1.59169]",0,406.5227696860709,300.0,18.16066864758003,0.8496471672523312,300.2845168136969,15.079335822128668,0.7613684290792884,387.7389742967559,12.884351669869773,0.8105192838645563,406.5227696860709,0.0,0.0,0.0,0.0,0.0,0.0,0.0,0.0,0.0,0.0,246.3680419921875,0.0
1764792299.8478074,"[0.20154559073385148, 0.6097338969890767, 0.2628431396874161, 0.27149044018108076, 0.10607039431659618, 0.002100203535103984, 0.9844235526808763, 0.5311215254276578, 0.6640901289220343, 0.48127191304542793, 0.30156083787534704, 0.20294329206834705, 0.441686316077325, 0.468041925362281, 0.6816629875526821]",17.045202534373214,0.7575564433888691,316.1403555242027,3,"nsga-2382244-[0.510464, 3.63407, 0.528853, 0.381447, 0.331821, 0.20105, 4.94548, 0.259336, 3.16023, -0.374562, 0.25, 1.90589, 2.38337, 2, -1.59169]",0,316.1403555242027,300.0,17.045202534373214,0.7803763959465957,300.43395201520224,14.903267911585365,0.7575564433888691,313.2542468559451,14.561158915263851,0.7579731089312856,316.1403555242027,0.0,0.0,0.0,0.0,0.0,0.0,0.0,0.0,0.0,0.0,132.2292938232422,0.0
1764792299.8489583,"[0.5729189123589444, 0.4751251133730827, 0.6194584710955792, 0.3375280268500704, 0.3416246895330791, 0.40804474980613736, 0.2891746859692387, 0.45919328829082884, 0.7290581349708171, 0.5585989386872695, 0.47880939684289026, 0.20937754261916042, 0.34289035303159454, 0.9454088257802186, 0.40390364755327063]",17.73025983019573,0.8144353069910188,442.354568928044,3,"nsga-2382244-[0.621876, 3.16294, 0.635838, 0.401258, 0.402487, 0.404022, 2.51211, 0.237758, 3.32265, 1.17198, 0.25, 1.91876, 2.18578, 2, -2.98048]",0,442.354568928044,300.0,17.73025983019573,0.945107274520688,304.10069364222085,12.0885937900078,0.8144353069910188,423.4002131764482,11.184201356841296,0.8397074731384836,442.354568928044,0.0,0.0,0.0,0.0,0.0,0.0,0.0,0.0,0.0,0.0,319.72662353515625,0.0
1764792299.850078,"[0.20182789596796125, 0.475895744741459, 0.6194584710955792, 0.27166884897413823, 0.3416246895330791, 0.40804474980613736, 0.9665312216788915, 0.45919328829082884, 0.7290581349708171, 0.5585989386872695, 0.4774288600253499, 0.20937754261916042, 0.3416638510626012, 0.9428742763171544, 0.3960857729196905]",17.96340810264029,0.7843597630175149,438.27389548697124,3,"nsga-2382244-[0.510548, 3.16564, 0.635838, 0.381501, 0.402487, 0.404022, 4.88286, 0.237758, 3.32265, 1.17198, 0.25, 1.91876, 2.18333, 2, -3.01957]",0,438.27389548697124,300.0,17.96340810264029,0.8796164870262146,301.46918508017933,14.136623987337439,0.7843597630175149,394.8427514797304,12.457683679534167,0.8146547835047652,438.27389548697124,0.0,0.0,0.0,0.0,0.0,0.0,0.0,0.0,0.0,0.0,277.9583435058594,0.0
1764792299.8511882,"[0.40204345879242487, 0.18344317188143278, 0.6172634211103181, 0.3370513775851699, 0.40532696092310894, 0.17590933216883892, 0.04054581103677968, 0.34892229619991544, 0.7276523845321041, 0.7659270389317914, 0.7803422691835036, 0.2209649137459695, 0.6234098720868677, 0.21207441473683103, 0.24517842284691305]",16.9360998851497,0.8129220968339501,393.6977490308808,3,"nsga-2382244-[0.570613, 2.14205, 0.635179, 0.401115, 0.421598, 0.287955, 1.64191, 0.204677, 3.31913, 5.31854, 0.25, 1.94193, 2.74682, 2, -3.77411]",0,393.6977490308808,300.0,16.9360998851497,0.9689192879490736,303.38738964359936,12.900241042346488,0.8129220968339501,393.33754853039255,12.78391056060791,0.814262398277841,393.6977490308808,0.0,0.0,0.0,0.0,0.0,0.0,0.0,0.0,0.0,0.0,260.7410888671875,0.0
1764792299.852304,"[0.5630165390368242, 0.47512311526642215, 0.9584770042683897, 0.3375191999213153, 0.3407220162919553, 0.4073182934176476, 0.2748795093427031, 0.45919328829082884, 0.6516877557660925, 0.557055339798328, 0.4757309279894995, 0.6199097444390251, 0.3417288957238066, 0.945427771545006, 0.39680777856277705]",17.665487266168363,0.7755273051378203,428.954909124607,3,"nsga-2382244-[0.618905, 3.16293, 0.737543, 0.401256, 0.402217, 0.403659, 2.46208, 0.237758, 3.12922, 1.14111, 0.25, 2.73982, 2.18346, 2, -3.01596]",0,428.954909124607,300.0,17.665487266168363,0.8986393070802456,302.27295844845656,13.621397413858553,0.7755273051378203,404.2914893917921,12.493854392447123,0.777687545229749,428.954909124607,0.0,0.0,0.0,0.0,0.0,0.0,0.0,0.0,0.0,0.0,349.8127136230469,0.0
1764792299.853409,"[0.19924973805311333, 0.6116855573046736, 0.2812829292478478, 0.27149044018108076, 0.34041850708512467, 0.4144935148117887, 0.9821407911203446, 0.5311215254276578, 0.6640901289220343, 0.4493559050223956, 0.4783297828962572, 0.2094545083815373, 0.43972330980137114, 0.9535693028564426, 0.6816629875526821]",17.995594773641447,0.7995762775583966,401.4389507758908,3,"nsga-2382244-[0.509775, 3.6409, 0.534385, 0.381447, 0.402126, 0.407247, 4.93749, 0.259336, 3.16023, -1.01288, 0.25, 1.91891, 2.37945, 2, -1.59169]",0,401.4389507758908,300.0,17.995594773641447,0.8904998985732474,300.2183072718178,15.133748687185893,0.7995762775583966,379.773677844536,13.601029991522068,0.8202439340149484,401.4389507758908,0.0,0.0,0.0,0.0,0.0,0.0,0.0,0.0,0.0,0.0,237.6527862548828,0.0
1764792299.8545167,"[0.20153839253205538, 0.4758977428481196, 0.6010186815351491, 0.27166884897413823, 0.10699039730342962, 0.2312746679152627, 0.9843570699560598, 0.45919328829082884, 0.7208051479335827, 0.5618644153876857, 0.2762045266791014, 0.20286632630597015, 0.3648274089339169, 0.9427825344811701, 0.4038142548569885]",18.20218627743605,0.742245923019037,417.77559356689454,3,"nsga-2382244-[0.510462, 3.16564, 0.630306, 0.381501, 0.332097, 0.315637, 4.94525, 0.237758, 3.30201, 1.23729, 0.25, 1.90573, 2.22965, 2, -2.98093]",0,417.77559356689454,300.0,18.20218627743605,0.8487548502480111,300.77804892935404,14.009160111590129,0.742245923019037,402.31803402784396,13.255021704697027,0.762586880020979,417.77559356689454,0.0,0.0,0.0,0.0,0.0,0.0,0.0,0.0,0.0,0.0,261.31256103515625,0.0
1764792299.8556328,"[0.9646821650875068, 0.46836333951627995, 0.881888277345133, 0.11398451299817802, 0.28396076935601744, 0.0038596978287614714, 0.30702368367588717, 0.4191344477985982, 0.2493055354156003, 0.4803504414500557, 0.9609209007645846, 0.8874001270022187, 0.8239543354335753, 0.4694994178951411, 0.7348871906887247]",16.998824110263733,0.7065090569054208,357.19218024277103,3,"nsga-2382244-[0.739405, 3.13927, 0.714566, 0.334195, 0.385188, 0.20193, 2.57458, 0.22574, 2.12326, -0.392991, 0.25, 3.2748, 3.14791, 2, -1.32556]",0,357.19218024277103,300.0,16.998824110263733,0.9426910281181335,300.6271121141387,12.116211774872571,0.7065090569054208,356.6290014127406,12.1320488162157,0.7069325871583892,357.19218024277103,0.0,0.0,0.0,0.0,0.0,0.0,0.0,0.0,0.0,0.0,326.85894775390625,0.0
1764792299.856951,"[0.3063651071598853, 0.3970565754100558, 0.9900302083776984, 0.024819588592748895, 0.548308523052977, 0.49236842770767186, 0.11734097041651305, 0.9504964994748603, 0.41571908103060773, 0.60841734658637, 0.9200869492388316, 0.7925983263352411, 0.7869845122845428, 0.4555539970770725, 0.11063935492078475]",16.609167331602514,0.98087548628086,407.2556043671399,3,"nsga-2382244-[0.54191, 2.8897, 0.747009, 0.307446, 0.464493, 0.446184, 1.91069, 0.385149, 2.5393, 2.16835, 0.25, 3.0852, 3.07397, 2, -4.4468]",0,407.2556043671399,300.0,16.609167331602514,0.98087548628086,300.18785798607803,16.609167331602514,0.98087548628086,300.18785798607803,11.621978429468667,1.1303066320535613,407.2556043671399,0.0,0.0,0.0,0.0,0.0,0.0,0.0,0.0,0.0,0.0,291.0952453613281,0.0
1764792299.8580744,"[0.3663320969883388, 0.18344317188143278, 0.9562862302595188, 0.33704255065641486, 0.34198650442830497, 0.18424421149607284, 0.04054581103677968, 0.9430118739280882, 0.6415553832425459, 0.8209805336864463, 0.7766771918493449, 0.6308566214446758, 0.834820838100282, 0.21207441473683103, 0.24080122402991272]",14.721717532088118,0.8808232275451102,427.5545611125667,3,"nsga-2382244-[0.5599, 2.14205, 0.736886, 0.401113, 0.402596, 0.292122, 1.64191, 0.382904, 3.10389, 6.41961, 0.25, 2.76171, 3.16964, 2, -3.79599]",0,427.5545611125667,300.0,14.721717532088118,0.9662777377337944,301.20238740502333,12.864446928442979,0.8808232275451102,399.0745730888553,11.446941017523045,0.9069796018484162,427.5545611125667,0.0,0.0,0.0,0.0,0.0,0.0,0.0,0.0,0.0,0.0,297.85443115234375,0.0
1764792299.8591933,"[0.19943043545009964, 0.47509160770344494, 0.6194584710955792, 0.3372860750135097, 0.5450680949501809, 0.3989834140904136, 0.9875999668240125, 0.45919328829082884, 0.7290581349708171, 0.5590239295760726, 0.47800854388795977, 0.20937754261916042, 0.33190182315667366, 0.9454129663166355, 0.39831783397766957]",18.771178464191717,0.7929944477430204,412.83803923071883,3,"nsga-2382244-[0.509829, 3.16282, 0.635838, 0.401186, 0.46352, 0.399492, 4.9566, 0.237758, 3.32265, 1.18048, 0.25, 1.91876, 2.1638, 2, -3.00841]",0,412.83803923071883,300.0,18.771178464191717,0.9141790041109411,300.57266510754096,13.999829068998011,0.7929944477430204,394.900040566049,13.152483019014683,0.8074658201961983,412.83803923071883,0.0,0.0,0.0,0.0,0.0,0.0,0.0,0.0,0.0,0.0,251.21163940429688,0.0
1764792299.8603,"[0.577212118208076, 0.3036855488357523, 0.6229094817089381, 0.27191080081069885, 0.3416246895330791, 0.40804474980613736, 0.2773033040245032, 0.8141164651560622, 0.7275164638393713, 0.5585989386872695, 0.4764344305849683, 0.8664744993574194, 0.341651964374821, 0.9428701357807374, 0.9280902958860826]",17.50073247304777,0.7643981424773612,483.6183197021484,3,"nsga-2382244-[0.623164, 2.5629, 0.636873, 0.381573, 0.402487, 0.404022, 2.47056, 0.344235, 3.31879, 1.17198, 0.25, 3.23295, 2.1833, 2, -0.359549]",0,483.6183197021484,300.0,17.50073247304777,0.9269939291767958,313.7210625625238,12.260666609973443,0.7643981424773612,455.34512433307924,10.573048047321599,0.7914416031139653,483.6183197021484,0.0,0.0,0.0,0.0,0.0,0.0,0.0,0.0,0.0,0.0,443.2730407714844,0.0
1764792299.8614087,"[0.8600211517762076, 0.47400556473417166, 0.46625427698660304, 0.488389591421013, 0.23988975594958672, 0.8493091468198349, 0.3907212173073491, 0.47475043731283534, 0.6578765548785438, 0.9520015149279941, 0.3851268324948705, 0.1947849720194984, 0.7297489125236275, 0.09049871437528523, 0.4190208241085147]",13.780740951910252,0.895620426608295,331.68414317805593,3,"nsga-2382244-[0.708006, 3.15902, 0.589876, 0.446517, 0.371967, 0.624655, 2.86752, 0.242425, 3.14469, 9.04003, 0.25, 1.88957, 2.9595, 2, -2.9049]",0,331.68414317805593,300.0,13.780740951910252,0.940791583642727,300.27900554377857,11.814306156809737,0.895620426608295,327.33641554669634,12.447170885597787,0.9044854882286816,331.68414317805593,0.0,0.0,0.0,0.0,0.0,0.0,0.0,0.0,0.0,0.0,252.51956176757812,0.0
1764792738.8308473,"[0.9646821650875068, 0.4751602635570789, 0.881888277345133, 0.3353021443400416, 0.34257597891828767, 0.40864398695998555, 0.30702368367588717, 0.4190781115067583, 0.2493055354156003, 0.4803504414500557, 0.9816306749531861, 0.8874001270022187, 0.3411140110917365, 0.4839594486381432, 0.7348871906887247]",16.248729431338425,0.7594118051412629,409.0609278981279,4,"nsga-2382244-[0.739405, 3.16306, 0.714566, 0.400591, 0.402773, 0.404322, 2.57458, 0.225723, 2.12326, -0.392991, 0.25, 3.2748, 2.18223, 2, -1.32556]",0,409.0609278981279,300.0,16.248729431338425,0.9437280683982663,300.4882300586235,11.014410121266435,0.7594118051412629,400.02611653397724,10.697476587062928,0.7649952676238083,409.0609278981279,0.0,0.0,0.0,0.0,0.0,0.0,0.0,0.0,0.0,0.0,357.6505126953125,0.0
1764792738.8355947,"[0.19943043545009964, 0.468294683662646, 0.6194584710955792, 0.11596844367224289, 0.2830094799708089, 0.0054302993643568775, 0.9875999668240125, 0.45924962458266877, 0.7290581349708171, 0.5585989386872695, 0.45564834100213925, 0.20937754261916042, 0.8257425638222193, 0.930946957299847, 0.3960857729196905]",16.613632551053676,0.7085473203077549,333.41035018548735,4,"nsga-2382244-[0.509829, 3.13903, 0.635838, 0.334791, 0.384903, 0.202715, 4.9566, 0.237775, 3.32265, 1.17198, 0.25, 1.91876, 3.15149, 2, -3.01957]",0,333.41035018548735,300.0,16.613632551053676,0.7416591016257682,300.066878211789,14.4664820833904,0.7085473203077549,330.07791837366614,14.83136297551597,0.7103097892389065,333.41035018548735,0.0,0.0,0.0,0.0,0.0,0.0,0.0,0.0,0.0,0.0,168.4204559326172,0.0
1764792738.8368511,"[0.5779642829265916, 0.6090441104614399, 0.43932942833958755, 0.3383884560680339, 0.11389133939397603, 0.0021313660373022455, 0.27578738967585903, 0.5306167127728612, 0.6490899460066045, 0.4816193662676675, 0.3029413746928874, 0.4886987729399215, 0.8337808438833569, 0.48202327348006035, 0.6832430594189415]",18.360491133899224,0.6978438371565284,408.6553029130145,4,"nsga-2382244-[0.623389, 3.63165, 0.581799, 0.401517, 0.334167, 0.201066, 2.46526, 0.259185, 3.12272, -0.367613, 0.25, 2.4774, 3.16756, 2, -1.58378]",0,408.6553029130145,300.0,18.360491133899224,0.8757600394690909,301.7071471795803,14.193297493167039,0.6978438371565284,394.6782828354254,12.101230644598239,0.7103843313891713,408.6553029130145,0.0,0.0,0.0,0.0,0.0,0.0,0.0,0.0,0.0,0.0,324.4111328125,0.0
1764792738.8380175,"[0.3657993422211534, 0.18344317188143278, 0.9562862302595188, 0.3370319272583441, 0.34198650442830497, 0.18424421149607284, 0.033763452272115316, 0.9455865143190201, 0.6418834913143247, 0.8253202637491556, 0.7616703330713481, 0.6289505397068846, 0.4439528122447701, 0.1995841626088708, 0.2497333469651429]",16.947041813920183,0.8254294366371341,475.22036318895294,4,"nsga-2382244-[0.55974, 2.14205, 0.736886, 0.40111, 0.402596, 0.292122, 1.61817, 0.383676, 3.10471, 6.50641, 0.25, 2.7579, 2.38791, 2, -3.75133]",0,475.22036318895294,300.0,16.947041813920183,0.937191357554459,313.54725646972656,12.77340453543314,0.8254294366371341,449.05114984279726,11.746938044850419,0.8413628156592207,475.22036318895294,0.0,0.0,0.0,0.0,0.0,0.0,0.0,0.0,0.0,0.0,335.9634704589844,0.0
1764792738.83916,"[0.20154559073385148, 0.6116855573046736, 0.2628431396874161, 0.27149044018108076, 0.10578008445255063, 0.23802371702445002, 0.9843554855335687, 0.5311215254276578, 0.6640901289220343, 0.4511789945044547, 0.2771123741681691, 0.20294329206834705, 0.4416451233903465, 0.9534965067852457, 0.406540819445258]",17.74901431944312,0.7785016554157909,410.10277676466035,4,"nsga-2382244-[0.510464, 3.6409, 0.528853, 0.381447, 0.331734, 0.319012, 4.94524, 0.259336, 3.16023, -0.97642, 0.25, 1.90589, 2.38329, 2, -2.9673]",0,410.10277676466035,300.0,17.74901431944312,0.8475290022245268,301.1200373021568,14.82778435218625,0.7785016554157909,385.13477314274485,14.114953506283644,0.7821974434503695,410.10277676466035,0.0,0.0,0.0,0.0,0.0,0.0,0.0,0.0,0.0,0.0,241.4347686767578,0.0
1764792738.8406656,"[0.20153839253205538, 0.4758977428481196, 0.6010186815351491, 0.27166884897413823, 0.10699039730342962, 0.23097438381172675, 0.9844251371033673, 0.45919328829082884, 0.7208051479335827, 0.563306802606043, 0.2762045266791014, 0.20286632630597015, 0.36486860162089546, 0.9427825344811701, 0.6789364229644126]",18.398232357676438,0.7291592984664731,421.9792257913729,4,"nsga-2382244-[0.510462, 3.16564, 0.630306, 0.381501, 0.332097, 0.315487, 4.94549, 0.237758, 3.30201, 1.26614, 0.25, 1.90573, 2.22974, 2, -1.60532]",0,421.9792257913729,300.0,18.398232357676438,0.8467648023512305,300.49822692871095,14.495026672177199,0.7291592984664731,399.98911225853897,12.248022916840345,0.7823315730909022,421.9792257913729,0.0,0.0,0.0,0.0,0.0,0.0,0.0,0.0,0.0,0.0,275.46942138671875,0.0
1764792738.8418097,"[0.20154559073385148, 0.25301820894024607, 0.6201678384203972, 0.2713368125866652, 0.10453933716190628, 0.002100203535103984, 0.9844235526808763, 0.5311215254276578, 0.6640901289220343, 0.48127191304542793, 0.475060572638418, 0.20294329206834705, 0.441686316077325, 0.468041925362281, 0.6816629875526821]",17.996349999962785,0.7242432661172821,401.26886470143387,4,"nsga-2382244-[0.510464, 2.38556, 0.63605, 0.381401, 0.331362, 0.20105, 4.94548, 0.259336, 3.16023, -0.374562, 0.25, 1.90589, 2.38337, 2, -1.59169]",0,401.26886470143387,300.0,17.996349999962785,0.8519405155647092,302.86201938536107,13.656568927299686,0.7242432661172821,399.1387652885623,13.621147625620772,0.72499366766069,401.26886470143387,0.0,0.0,0.0,0.0,0.0,0.0,0.0,0.0,0.0,0.0,243.69317626953125,0.0
1764792738.8433976,"[0.19943043545009964, 0.6104375452690719, 0.2712481949345027, 0.32864549426376055, 0.34315574669640614, 0.2059587767556659, 0.9942385508429974, 0.45919328829082884, 0.651342829486699, 0.5585989386872695, 0.30392912526227894, 0.20926615601292617, 0.34819905172155763, 0.9454129663166355, 0.3960857729196905]",17.65841340786073,0.7470105540461657,390.8922047684832,4,"nsga-2382244-[0.509829, 3.63653, 0.531374, 0.398594, 0.402947, 0.302979, 4.97983, 0.237758, 3.12836, 1.17198, 0.25, 1.91853, 2.1964, 2, -3.01957]",0,390.8922047684832,300.0,17.65841340786073,0.8185715518346647,300.1774108142388,14.812956284313668,0.7470105540461657,372.2558187345179,14.031704014103587,0.7612962853617784,390.8922047684832,0.0,0.0,0.0,0.0,0.0,0.0,0.0,0.0,0.0,0.0,227.2303924560547,0.0
1764792738.8449812,"[0.5774315281594062, 0.6090441104614399, 0.4376219724178325, 0.33678796146204093, 0.33950795210851403, 0.00719475734679606, 0.27726469640074203, 0.5311215254276578, 0.6493050780837191, 0.48202207401204267, 0.4763224085306984, 0.4870885725694244, 0.4429128180463183, 0.4705848053802866, 0.6921751823535943]",17.41890527678699,0.6773134746202608,391.7536840671446,4,"nsga-2382244-[0.623229, 3.63165, 0.581287, 0.401036, 0.401852, 0.203597, 2.47043, 0.259336, 3.12326, -0.359559, 0.25, 2.47418, 2.38583, 2, -1.53912]",0,391.7536840671446,300.0,17.41890527678699,0.8193100263432759,300.58660211330505,13.109729678456377,0.6773134746202608,387.68045810606424,12.94219090996719,0.679107961712814,391.7536840671446,0.0,0.0,0.0,0.0,0.0,0.0,0.0,0.0,0.0,0.0,280.367919921875,0.0
1764792738.846137,"[0.577212118208076, 0.3036855488357523, 0.6229094817089381, 0.27350067201862105, 0.10818300134696764, 0.40585396970393395, 0.2700549533537888, 0.8141164651560622, 0.7276294398340355, 0.5578487777206547, 0.30305339674715726, 0.8661786177836527, 0.341651964374821, 0.9428701357807374, 0.9280902958860826]",16.922522921678496,0.7590124871672653,470.1804459734661,4,"nsga-2382244-[0.623164, 2.5629, 0.636873, 0.38205, 0.332455, 0.402927, 2.44519, 0.344235, 3.31907, 1.15698, 0.25, 3.23236, 2.1833, 2, -0.359549]",0,470.1804459734661,300.0,16.922522921678496,0.9450865626335144,318.96291969113236,11.833835987928436,0.7590124871672653,460.74188340349895,11.179287854636588,0.7715961310921646,470.1804459734661,0.0,0.0,0.0,0.0,0.0,0.0,0.0,0.0,0.0,0.0,377.29833984375,0.0
1764792738.847278,"[0.20154559073385148, 0.6116448193854402, 0.2628431396874161, 0.27149044018108076, 0.10606626391818041, 0.2365026147642908, 0.9844235526808763, 0.5311215254276578, 0.6640901289220343, 0.48127191304542793, 0.30156083787534704, 0.20294329206834705, 0.441686316077325, 0.9409416480435685, 0.6816629875526821]",17.92253502171214,0.760808400700732,413.0804612322551,4,"nsga-2382244-[0.510464, 3.64076, 0.528853, 0.381447, 0.33182, 0.318251, 4.94548, 0.259336, 3.16023, -0.374562, 0.25, 1.90589, 2.38337, 2, -1.59169]",0,413.0804612322551,300.0,17.92253502171214,0.837934410572052,300.1599121465916,14.695921018646985,0.760808400700732,393.76591119533634,12.940068412408596,0.795277658904471,413.0804612322551,0.0,0.0,0.0,0.0,0.0,0.0,0.0,0.0,0.0,0.0,250.58920288085938,0.0
1764792738.8484006,"[0.20154559073385148, 0.60977463490831, 0.2588525633390485, 0.27149044018108076, 0.10578008445255063, 0.004597434107353887, 0.9844235526808763, 0.5311215254276578, 0.6640901289220343, 0.44936492086654534, 0.2771123741681691, 0.20294329206834705, 0.441686316077325, 0.4805805567276006, 0.6816629875526821]",15.066010912453256,0.7581477767083703,315.0214119887934,4,"nsga-2382244-[0.510464, 3.63421, 0.527656, 0.381447, 0.331734, 0.202299, 4.94548, 0.259336, 3.16023, -1.0127, 0.25, 1.90589, 2.38337, 2, -1.59169]",0,315.0214119887934,300.0,15.066010912453256,0.7614275028065938,300.4919126836265,14.768939888186571,0.7581477767083703,307.44794733931377,14.540004325494534,0.7632841941786975,315.0214119887934,0.0,0.0,0.0,0.0,0.0,0.0,0.0,0.0,0.0,0.0,134.64476013183594,0.0
1764792738.8495138,"[0.45835001177471596, 0.7979064077089357, 0.22185575902949217, 0.6995797222239026, 0.5451467520767375, 0.5060812408153692, 0.4728147761652862, 0.9392823849641905, 0.8706158526147758, 0.4424039252597156, 0.3279313123763553, 0.5486656941929209, 0.3594323740678642, 0.255634130747921, 0.23811470352965808]",16.019738015895935,0.8842627996351661,406.3078402635528,4,"nsga-2382244-[0.587505, 4.29267, 0.516557, 0.509874, 0.463544, 0.453041, 3.15485, 0.381785, 3.67654, -1.15192, 0.25, 2.59733, 2.21886, 2, -3.80943]",0,406.3078402635528,300.0,16.019738015895935,0.9263762555471281,300.50089360679067,13.353803988200863,0.8842627996351661,405.4664841814739,12.773574680235328,0.9013392012293746,406.3078402635528,0.0,0.0,0.0,0.0,0.0,0.0,0.0,0.0,0.0,0.0,261.3853454589844,0.0
1764792738.8506262,"[0.5822565594523521, 0.2590458247765535, 0.9606864704105218, 0.45139922635004326, 0.0738992840659235, 0.836495240271553, 0.38706072651450724, 0.7305718081209517, 0.4213468980890599, 0.44450667284469647, 0.8323380194629851, 0.7226854695594529, 0.5921185186348434, 0.21649145117796625, 0.8342493748840893]",16.222726477646248,0.8585772260660078,410.8464272475824,4,"nsga-2382244-[0.624677, 2.40666, 0.738206, 0.43542, 0.32217, 0.618248, 2.85471, 0.319172, 2.55337, -1.10987, 0.25, 2.94537, 2.68424, 2, -0.828753]",0,410.8464272475824,300.0,16.222726477646248,0.9386456791947527,340.20478095077885,15.503543090820312,0.8585772260660078,301.83453760844907,13.558655259667374,0.8993674679500301,410.8464272475824,0.0,0.0,0.0,0.0,0.0,0.0,0.0,0.0,0.0,0.0,253.41302490234375,0.0
1764792738.8517468,"[0.5740024023662496, 0.47509086105019194, 0.6194584710955792, 0.3372860750135097, 0.3416246895330791, 0.40804474980613736, 0.9875999668240125, 0.45919328829082884, 0.7290581349708171, 0.5585989386872695, 0.4774185824548075, 0.20937754261916042, 0.3429023618285929, 0.9454088618451469, 0.40387327965664177]",17.7882980300159,0.750161966754169,444.79494130204364,4,"nsga-2382244-[0.622201, 3.16282, 0.635838, 0.401186, 0.402487, 0.404022, 4.9566, 0.237758, 3.32265, 1.17198, 0.25, 1.91876, 2.1858, 2, -2.98063]",0,444.79494130204364,300.0,17.7882980300159,0.9262764538206705,301.4276213110947,12.69720316165831,0.750161966754169,433.555785500131,12.196992697366854,0.7574801523511002,444.79494130204364,0.0,0.0,0.0,0.0,0.0,0.0,0.0,0.0,0.0,0.0,311.2823791503906,0.0
1764792738.8531322,"[0.19834694544349218, 0.4751258600263357, 0.6194584710955792, 0.3375280268500704, 0.3416246895330791, 0.40804474980613736, 0.2891746859692387, 0.45919328829082884, 0.7290581349708171, 0.5585989386872695, 0.47881967441343265, 0.20937754261916042, 0.34289023092237647, 0.9454129302517073, 0.3961161408163194]",18.285856135298566,0.8272000097646945,419.93969495819834,4,"nsga-2382244-[0.509504, 3.16294, 0.635838, 0.401258, 0.402487, 0.404022, 2.51211, 0.237758, 3.32265, 1.17198, 0.25, 1.91876, 2.18578, 2, -3.01942]",0,419.93969495819834,300.0,18.285856135298566,0.9149894542810394,300.40958181241666,14.608685535337866,0.8272000097646945,414.10202945616186,13.648347105631014,0.8343980172785317,419.93969495819834,0.0,0.0,0.0,0.0,0.0,0.0,0.0,0.0,0.0,0.0,276.429443359375,0.0
1764792738.8542774,"[0.9646821650875068, 0.6082262160077927, 0.4416383172665601, 0.3390234949167359, 0.2844889629409027, 0.0038596978287614714, 0.3076899642848935, 0.5290110345569865, 0.2493055354156003, 0.48034659237980487, 0.922113379170193, 0.8874001270022187, 0.7866246087696901, 0.47058843061580147, 0.7355301524877342]",16.814422532988758,0.6754825865350118,409.3144660763624,4,"nsga-2382244-[0.739405, 3.62879, 0.582491, 0.401707, 0.385347, 0.20193, 2.57691, 0.258703, 2.12326, -0.393068, 0.25, 3.2748, 3.07325, 2, -1.32235]",0,409.3144660763624,300.0,16.814422532988758,0.9015132909867821,300.40423580262717,11.643837068139053,0.6754825865350118,399.3396185898199,11.899601024534643,0.6778073177105043,409.3144660763624,0.0,0.0,0.0,0.0,0.0,0.0,0.0,0.0,0.0,0.0,380.5584411621094,0.0
1764792738.8553982,"[0.5774315281594062, 0.399404065591288, 0.878004347864278, 0.11238326406565083, 0.10553807033334976, 0.002100203535103984, 0.2709799362391342, 0.4212449386692695, 0.6494180540783833, 0.48127576211567874, 0.30348964503170806, 0.4867926912021303, 0.4429128180463183, 0.46949579265962615, 0.6921751823535943]",17.985187381651343,0.6792357941953148,418.29992422708654,4,"nsga-2382244-[0.623229, 2.89791, 0.713401, 0.333715, 0.331661, 0.20105, 2.44843, 0.226373, 3.12355, -0.374485, 0.25, 2.47359, 2.38583, 2, -1.53912]",0,418.29992422708654,300.0,17.985187381651343,0.8721170477750825,300.1513175033941,13.211759478871416,0.6792357941953148,391.5553633899224,11.714576358329959,0.6895745076784273,418.29992422708654,0.0,0.0,0.0,0.0,0.0,0.0,0.0,0.0,0.0,0.0,334.6745910644531,0.0
1764792738.856521,"[0.18557207227602662, 0.47509160770344494, 0.9985312482017538, 0.3372860750135097, 0.5451465382155539, 0.5033686561089261, 0.9875999668240125, 0.9428738644230137, 0.7290581349708171, 0.5571149223312578, 0.4779301733469685, 0.20937754261916042, 0.33190182315667366, 0.9454129663166355, 0.39831783397766957]",15.534420264639506,0.9219253981985697,401.1836502819526,4,"nsga-2382244-[0.505672, 3.16282, 0.749559, 0.401186, 0.463544, 0.451684, 4.9566, 0.382862, 3.32265, 1.1423, 0.25, 1.91876, 2.1638, 2, -3.00841]",0,401.1836502819526,300.0,15.534420264639506,0.9456552741004199,300.1577193655619,13.700868881039503,0.9219253981985697,379.15902043784536,13.197401149098466,0.9247236876952939,401.1836502819526,0.0,0.0,0.0,0.0,0.0,0.0,0.0,0.0,0.0,0.0,241.2274627685547,0.0
1764792738.857639,"[0.47220837494881873, 0.2560241698444927, 0.6035132017138152, 0.4575780014629667, 0.5450683088113645, 0.40169599879685675, 0.4728147761652862, 0.45559395230536626, 0.4162934684598563, 0.44418208019061767, 0.32045194527985843, 0.5489642276897019, 0.3594323740678642, 0.2163305621091095, 0.2421580845692236]",17.139866726572922,0.8659578974654035,410.55368577910633,4,"nsga-2382244-[0.591663, 2.39608, 0.631054, 0.437273, 0.46352, 0.400848, 3.15485, 0.236678, 2.54073, -1.11636, 0.25, 2.59793, 2.21886, 2, -3.78921]",0,410.55368577910633,300.0,17.139866726572922,0.9665945407820911,300.6472528411121,12.678069807843464,0.8659578974654035,399.50401268935786,11.671053542160406,0.8773041210523466,410.55368577910633,0.0,0.0,0.0,0.0,0.0,0.0,0.0,0.0,0.0,0.0,328.8648376464844,0.0
1764792738.858755,"[0.19943043545009964, 0.4758977428481196, 0.6194584710955792, 0.27166884897413823, 0.33458197714510796, 0.39896280243811244, 0.9820743083955279, 0.45919328829082884, 0.7290581349708171, 0.5585952728919388, 0.47742374520557784, 0.20937754261916042, 0.3416638510626012, 0.9428416808325369, 0.3960803214028256]",18.154301908539562,0.7788279864846206,421.56827467011243,4,"nsga-2382244-[0.509829, 3.16564, 0.635838, 0.381501, 0.400375, 0.399481, 4.93726, 0.237758, 3.32265, 1.17191, 0.25, 1.91876, 2.18333, 2, -3.0196]",0,421.56827467011243,300.0,18.154301908539562,0.8864373785693471,300.3491727131169,13.818890097083115,0.7788279864846206,411.696677156774,13.412001298113568,0.7843034735540064,421.56827467011243,0.0,0.0,0.0,0.0,0.0,0.0,0.0,0.0,0.0,0.0,276.17645263671875,0.0
1764792738.8598797,"[0.19943043545009964, 0.47509160770344494, 0.6194584710955792, 0.3372860750135097, 0.5521108073381521, 0.4080653614584385, 0.9875999668240125, 0.45919328829082884, 0.7290581349708171, 0.5590275953714032, 0.4780136587077318, 0.20937754261916042, 0.33190182315667366, 0.945445561801253, 0.3983232854945345]",18.292474062849834,0.7948474351952716,409.351932804759,4,"nsga-2382244-[0.509829, 3.16282, 0.635838, 0.401186, 0.465633, 0.404033, 4.9566, 0.237758, 3.32265, 1.18055, 0.25, 1.91876, 2.1638, 2, -3.00838]",0,409.351932804759,300.0,18.292474062849834,0.905511021032566,304.2759140386814,14.929407933863198,0.7948474351952716,383.6377542449207,13.172201012402047,0.8128144243868386,409.351932804759,0.0,0.0,0.0,0.0,0.0,0.0,0.0,0.0,0.0,0.0,251.1704559326172,0.0
1764792738.860994,"[0.20026302446869693, 0.6074945848749507, 0.9881303556255534, 0.6967016471415013, 0.5585144886273072, 0.4926076217696754, 0.22805007457593784, 0.9407888776789489, 0.4283824815568311, 0.4664207868569804, 0.9552262018991643, 0.21656300690959468, 0.3416655979676183, 0.4733681492461057, 0.10098389252126111]",15.073921352479516,1.0612956930951374,384.7276402543231,4,"nsga-2382244-[0.510079, 3.62623, 0.746439, 0.50901, 0.467554, 0.446304, 2.29818, 0.382237, 2.57096, -0.671584, 0.25, 1.93313, 2.18333, 2, -4.49508]",0,384.7276402543231,300.0,15.073921352479516,1.0620831070876704,300.074779640756,15.050552889195885,1.0612956930951374,304.2422303734756,12.823769853173232,1.1305862467463423,384.7276402543231,0.0,0.0,0.0,0.0,0.0,0.0,0.0,0.0,0.0,0.0,134.1449432373047,0.0
1764792738.8621078,"[0.7885566639398418, 0.4758977428481196, 0.6204315380620191, 0.27166884897413823, 0.336340314686962, 0.40895004897796156, 0.9820743083955279, 0.46888805294886005, 0.7290581349708171, 0.5585989386872695, 0.4774219354071895, 0.7854128620138436, 0.4292910406703868, 0.9428553305523669, 0.4038142548569885]",16.828525719991543,0.6987769164690157,412.5500842955054,4,"nsga-2382244-[0.686567, 3.16564, 0.636129, 0.381501, 0.400902, 0.404475, 4.93726, 0.240666, 3.32265, 1.17198, 0.25, 3.07083, 2.35858, 2, -2.98093]",0,412.5500842955054,300.0,16.828525719991543,0.8872343531469019,300.22816377965415,12.297155645417003,0.6987769164690157,405.31538755835555,11.53815691878156,0.7024367975025643,412.5500842955054,0.0,0.0,0.0,0.0,0.0,0.0,0.0,0.0,0.0,0.0,388.3867492675781,0.0
1764792738.8632069,"[0.6870411493878857, 0.47444214321314143, 0.6308985075066886, 0.7310820280462247, 0.36979573512418074, 0.3165514290789945, 0.9188302104304071, 0.4592159743562577, 0.42404278088557146, 0.5570631602912706, 0.07780567955525874, 0.7711760748890154, 0.8720651691724037, 0.03350124587953951, 0.39714238866600016]",14.586531564666004,0.6988835081821535,416.7319288300305,4,"nsga-2382244-[0.656112, 3.16055, 0.63927, 0.519325, 0.410939, 0.358276, 4.71591, 0.237765, 2.56011, 1.14126, 0.25, 3.04235, 3.24413, 2, -3.01429]",0,416.7319288300305,300.0,14.586531564666004,0.9040415057321874,300.61176264693097,12.44029885268793,0.6988835081821535,398.67501741734947,11.537462448492283,0.7121406252791241,416.7319288300305,0.0,0.0,0.0,0.0,0.0,0.0,0.0,0.0,0.0,0.0,297.90447998046875,0.0
1764792738.8643072,"[0.5699108254607507, 0.3231229139851271, 0.14296930423497067, 0.3375280268500704, 0.3416246895330791, 0.40804474980613736, 0.2561154910273483, 0.4734945590210917, 0.7290581349708171, 0.8169907365707345, 0.47880939684289026, 0.20937754261916042, 0.34289035303159454, 0.9454088257802186, 0.4038695266712349]",15.920785503852658,0.8128217278457269,359.8198468092011,4,"nsga-2382244-[0.620973, 2.63093, 0.492891, 0.401258, 0.402487, 0.404022, 2.3964, 0.242048, 3.32265, 6.33981, 0.25, 1.91876, 2.18578, 2, -2.98065]",0,359.8198468092011,300.0,15.920785503852658,0.9606191036177845,300.24052354766104,12.299931619225479,0.8128217278457269,349.70942794055475,11.755539768498119,0.8272054175051248,359.8198468092011,0.0,0.0,0.0,0.0,0.0,0.0,0.0,0.0,0.0,0.0,238.94259643554688,0.0
1764792738.865724,"[0.4595332525720544, 0.25846633734568675, 0.9898260631037893, 0.27274093647389486, 0.5438693981490853, 0.5082186093165485, 0.27751181586514767, 0.9409481217139039, 0.7275164638393713, 0.5586437329252195, 0.4764344305849683, 0.8664744993574194, 0.341651964374821, 0.9428701357807374, 0.9467722279018123]",17.16575283422703,0.832927223240457,460.4986611715177,4,"nsga-2382244-[0.58786, 2.40463, 0.746948, 0.381822, 0.463161, 0.454109, 2.47129, 0.382284, 3.31879, 1.17287, 0.25, 3.23295, 2.1833, 2, -0.266139]",0,460.4986611715177,300.0,17.16575283422703,0.9249897154366098,341.1474092809165,12.94502435079435,0.832927223240457,447.06706952350896,11.661414583717905,0.8438988138989705,460.4986611715177,0.0,0.0,0.0,0.0,0.0,0.0,0.0,0.0,0.0,0.0,385.2680358886719,0.0
1764792738.866836,"[0.5760288774107376, 0.30124338133455825, 0.6239484861022663, 0.45674786579977067, 0.3429020434607313, 0.40590738130495807, 0.47260626432464176, 0.8124507284036471, 0.4162934684598563, 0.44222827870785275, 0.3203735747388672, 0.5489642276897019, 0.3594323740678642, 0.2163305621091095, 0.22332559733162244]",16.868840706057664,0.8912855549556453,450.7218620486376,4,"nsga-2382244-[0.622809, 2.55435, 0.637185, 0.437024, 0.402871, 0.402954, 3.15412, 0.343735, 2.54073, -1.15543, 0.25, 2.59793, 2.21886, 2, -3.88337]",0,450.7218620486376,300.0,16.868840706057664,0.9614357983193746,325.22352023240995,12.168128939372737,0.8912855549556453,438.0542574440561,10.198399664716023,0.9622137502926152,450.7218620486376,0.0,0.0,0.0,0.0,0.0,0.0,0.0,0.0,0.0,0.0,340.632080078125,0.0
1764792738.8679411,"[0.20154559073385148, 0.6094721523887406, 0.6178247842295576, 0.27149044018108076, 0.1057842148509664, 0.23772343292091408, 0.2584730408174672, 0.5311068123865303, 0.6661215666384558, 0.4528963556104826, 0.48311749001836835, 0.2028674487843451, 0.43820342089629477, 0.9534153199364851, 0.6816629875526821]",18.480411315545805,0.8109074464658411,425.17242226949554,4,"nsga-2382244-[0.510464, 3.63315, 0.635347, 0.381447, 0.331735, 0.318862, 2.40466, 0.259332, 3.1653, -0.942073, 0.25, 1.90573, 2.37641, 2, -1.59169]",0,425.17242226949554,300.0,18.480411315545805,0.8901868703888683,303.5102814465034,14.934122834554532,0.8109074464658411,379.3533575290587,13.897275664166706,0.8136917274172714,425.17242226949554,0.0,0.0,0.0,0.0,0.0,0.0,0.0,0.0,0.0,0.0,259.6927490234375,0.0
1764792738.8690448,"[0.575316372876258, 0.47733652018235506, 0.2644768265534396, 0.3375280268500704, 0.3416246895330791, 0.40804474980613736, 0.9929801731009684, 0.4592080013319563, 0.7270266972543956, 0.5583239647995988, 0.27280428099269094, 0.20945338590316237, 0.3463732482126248, 0.945490012628979, 0.40390364755327063]",17.781168616690287,0.7563077644604008,425.0533852926115,4,"nsga-2382244-[0.622595, 3.17068, 0.529343, 0.401258, 0.402487, 0.404022, 4.97543, 0.237762, 3.31757, 1.16648, 0.25, 1.91891, 2.19275, 2, -2.98048]",0,425.0533852926115,300.0,17.781168616690287,0.9507984577155695,301.89389756365523,11.98552584299227,0.7563077644604008,423.89027107052686,11.90499520185517,0.7581797593977393,425.0533852926115,0.0,0.0,0.0,0.0,0.0,0.0,0.0,0.0,0.0,0.0,279.2459716796875,0.0
1764792738.8701613,"[0.5774315281594062, 0.6173293498643527, 0.4376219724178325, 0.33837783266996313, 0.10606626391818041, 0.002100203535103984, 0.27001634573002764, 0.5311215254276578, 0.6494180540783833, 0.48127191304542793, 0.3029413746928874, 0.4867926912021303, 0.4429128180463183, 0.4705848053802866, 0.6921751823535943]",17.68773560407685,0.6860748532341747,428.1970415813167,4,"nsga-2382244-[0.623229, 3.66065, 0.581287, 0.401513, 0.33182, 0.20105, 2.44506, 0.259336, 3.12355, -0.374562, 0.25, 2.47359, 2.38583, 2, -1.53912]",0,428.1970415813167,300.0,17.68773560407685,0.837117859503118,300.7346141908227,13.082284276078386,0.6860748532341747,413.0347531574528,11.916329388502167,0.7098416970997322,428.1970415813167,0.0,0.0,0.0,0.0,0.0,0.0,0.0,0.0,0.0,0.0,294.8094482421875,0.0
1764792738.8712718,"[0.5778409970263095, 0.2560241698444927, 0.9916666152890952, 0.4575780014629667, 0.5451467520767375, 0.40617677489764825, 0.4728147761652862, 0.4590217479229856, 0.4148012615408294, 0.5570050196960332, 0.3203735747388672, 0.21181985980252915, 0.3492582288381365, 0.9341560400624209, 0.6892603858016542]",16.90339843470876,0.8345559809266068,449.89670127310404,4,"nsga-2382244-[0.623352, 2.39608, 0.7475, 0.437273, 0.463544, 0.403088, 3.15485, 0.237707, 2.537, 1.1401, 0.25, 1.92364, 2.19852, 2, -1.5537]",0,449.89670127310404,300.0,16.90339843470876,0.9486352155848248,303.1305577254877,12.358953596905964,0.8345559809266068,434.4766137472013,11.08981988953381,0.8421932674035794,449.89670127310404,0.0,0.0,0.0,0.0,0.0,0.0,0.0,0.0,0.0,0.0,337.59356689453125,0.0
1764792738.872388,"[0.45388538800364076, 0.6089592694073792, 0.2628431396874161, 0.3373496180570129, 0.10606626391818041, 0.002100203535103984, 0.27942529242315106, 0.5311215254276578, 0.6655823358410613, 0.4819957964028975, 0.3029413746928874, 0.5400876599556139, 0.4363691992703498, 0.4705848053802866, 0.240973940980952]",17.808702775908678,0.6995713641003865,423.86120746891675,4,"nsga-2382244-[0.586166, 3.63136, 0.528853, 0.401205, 0.33182, 0.20105, 2.47799, 0.259336, 3.16396, -0.360084, 0.25, 2.58018, 2.37274, 2, -3.79513]",0,423.86120746891675,300.0,17.808702775908678,0.8374128850494943,300.2049767470941,13.825354487721514,0.6995713641003865,409.5246066954078,12.369716788501274,0.7251451599888685,423.86120746891675,0.0,0.0,0.0,0.0,0.0,0.0,0.0,0.0,0.0,0.0,240.3914031982422,0.0
1764792738.8734972,"[0.575316372876258, 0.39796659937977885, 0.6229094817089381, 0.27191080081069885, 0.28392784039603447, 0.40291590843498754, 0.2773033040245032, 0.45919328829082884, 0.7290581349708171, 0.5585989386872695, 0.4936034025628411, 0.20937754261916042, 0.341651964374821, 0.4759161272184732, 0.4050387527919538]",17.504505920410157,0.81472054458246,445.63642652558116,4,"nsga-2382244-[0.622595, 2.89288, 0.636873, 0.381573, 0.385178, 0.401458, 2.47056, 0.237758, 3.32265, 1.17198, 0.25, 1.91876, 2.1833, 2, -2.97481]",0,445.63642652558116,300.0,17.504505920410157,0.9479577076144334,315.9804589620451,12.454861589757408,0.81472054458246,430.1279100743736,11.03941337771532,0.8436303089304669,445.63642652558116,0.0,0.0,0.0,0.0,0.0,0.0,0.0,0.0,0.0,0.0,321.9544677734375,0.0
1764792738.8746114,"[0.9646821650875068, 0.4765488221689588, 0.8820206992073805, 0.1130289263112988, 0.3416576184930621, 0.011048522872739386, 0.30865355479400003, 0.4191344477985982, 0.2493055354156003, 0.4803504414500557, 0.9078723229907371, 0.8874001270022187, 0.7866246087696901, 0.9364488662748043, 0.7343950472490508]",16.406606041512838,0.7040128062411053,346.4145991813846,4,"nsga-2382244-[0.739405, 3.16792, 0.714606, 0.333909, 0.402497, 0.205524, 2.58029, 0.22574, 2.12326, -0.392991, 0.25, 3.2748, 3.07325, 2, -1.32802]",0,346.4145991813846,300.0,16.406606041512838,0.9075342422578393,300.2189975459401,11.76048128546738,0.7040128062411053,336.4104252512862,12.849210390230505,0.7161423293555655,346.4145991813846,0.0,0.0,0.0,0.0,0.0,0.0,0.0,0.0,0.0,0.0,300.62420654296875,0.0
1764792738.8757324,"[0.5774315281594062, 0.6090441104614399, 0.43932942833958755, 0.33837783266996313, 0.3383179357317605, 0.007986513738174897, 0.23972438460286488, 0.5331945901524664, 0.6494569541510828, 0.8170227847929858, 0.29838178242551144, 0.4877364175481192, 0.4429128180463183, 0.474900129032816, 0.24774632426513699]",15.849936271295315,0.6914002203359837,355.07365056479847,4,"nsga-2382244-[0.623229, 3.63165, 0.581799, 0.401513, 0.401495, 0.203993, 2.33904, 0.259958, 3.12364, 6.34046, 0.25, 2.47547, 2.38583, 2, -3.76127]",0,355.07365056479847,300.0,15.849936271295315,0.7660146919692435,300.7737899873315,12.793801535629644,0.6914002203359837,350.0768489744605,12.168398712902535,0.7036310922808764,355.07365056479847,0.0,0.0,0.0,0.0,0.0,0.0,0.0,0.0,0.0,0.0,257.8570556640625,0.0
1764792738.8771088,"[0.3663320969883388, 0.18344317188143278, 0.9562862302595188, 0.33704255065641486, 0.11755990809136736, 0.1791614792034793, 0.06982482883967207, 0.9430118739280882, 0.6415164831698463, 0.4852296619383426, 0.7812367841051634, 0.629912895098687, 0.834820838100282, 0.20670730705611012, 0.6852300821189528]",15.60881999411234,1.0141924273676988,322.0781556943568,4,"nsga-2382244-[0.5599, 2.14205, 0.736886, 0.401113, 0.335268, 0.289581, 1.74439, 0.382904, 3.10379, -0.295407, 0.25, 2.75983, 3.16964, 2, -1.57385]",0,322.0781556943568,300.0,15.60881999411234,1.0141924273676988,300.78536496046115,15.60881999411234,1.0141924273676988,300.78536496046115,10.084418510809178,1.2143780696682813,322.0781556943568,0.0,0.0,0.0,0.0,0.0,0.0,0.0,0.0,0.0,0.0,106.99703216552734,0.0
1764792738.8782248,"[0.5774315281594062, 0.6126014490984983, 0.4344779955342464, 0.33837783266996313, 0.10606626391818041, 0.002100203535103984, 0.27001634573002764, 0.5311215254276578, 0.6394031053561618, 0.4806568662240286, 0.3029413746928874, 0.2103603886934925, 0.34190086381038665, 0.4705848053802866, 0.6921751823535943]",16.80275481619486,0.7258607250888173,399.67654370563787,4,"nsga-2382244-[0.623229, 3.64411, 0.580343, 0.401513, 0.33182, 0.20105, 2.44506, 0.259336, 3.09851, -0.386863, 0.25, 1.92072, 2.1838, 2, -1.53912]",0,399.67654370563787,300.0,16.80275481619486,0.829243411668917,300.0607435459044,13.974859558663717,0.7258607250888173,363.84672371468895,11.732699166274653,0.7509935245281313,399.67654370563787,0.0,0.0,0.0,0.0,0.0,0.0,0.0,0.0,0.0,0.0,223.92091369628906,0.0
1764792738.8793411,"[0.20182789596796125, 0.47233840610440064, 0.6226024479791654, 0.27166884897413823, 0.3416246895330791, 0.40804474980613736, 0.9665312216788915, 0.45919328829082884, 0.7390730836930385, 0.5592139855086687, 0.4774288600253499, 0.4858098451277991, 0.4426758052985329, 0.9428742763171544, 0.3960857729196905]",18.631907584027545,0.7494962727151266,424.9893671547494,4,"nsga-2382244-[0.510548, 3.15318, 0.636781, 0.381501, 0.402487, 0.404022, 4.88286, 0.237758, 3.34768, 1.18428, 0.25, 2.47162, 2.38535, 2, -3.01957]",0,424.9893671547494,300.0,18.631907584027545,0.8622791618835636,300.82185214903296,14.916468541215107,0.7494962727151266,404.00060653686523,12.870709242471834,0.7685876183393525,424.9893671547494,0.0,0.0,0.0,0.0,0.0,0.0,0.0,0.0,0.0,0.0,316.5525817871094,0.0
1764793140.0546486,"[0.5779642829265916, 0.6054797502131167, 0.6201959260345637, 0.3383884560680339, 0.11389133939397603, 0.02058110280455741, 0.27578738967585903, 0.5306167127728612, 0.6482298123861719, 0.4816193662676675, 0.3030547021600202, 0.4886987729399215, 0.33540565784312043, 0.48202327348006035, 0.9220597390018553]",17.713209836075947,0.6867860474237582,421.4538027879668,5,"nsga-2382244-[0.623389, 3.61918, 0.636059, 0.401517, 0.334167, 0.210291, 2.46526, 0.259185, 3.12057, -0.367613, 0.25, 2.4774, 2.17081, 2, -0.389701]",0,421.4538027879668,300.0,17.713209836075947,0.83683675818327,300.96814724061545,13.540047761870593,0.6867860474237582,400.2257188006145,12.546334313183296,0.6969718023044307,421.4538027879668,0.0,0.0,0.0,0.0,0.0,0.0,0.0,0.0,0.0,0.0,276.24810791015625,0.0
1764793140.063675,"[0.577212118208076, 0.30724990908407546, 0.4420429840139619, 0.27350067201862105, 0.10818300134696764, 0.3900736182702444, 0.2700549533537888, 0.8141164651560622, 0.728489573454468, 0.5578487777206547, 0.3029400692800245, 0.8661786177836527, 0.840027148880218, 0.9428701357807374, 0.6892736151749549]",11.68132809894841,0.8839811141897992,431.0468446312881,5,"nsga-2382244-[0.623164, 2.57537, 0.582613, 0.38205, 0.332455, 0.395037, 2.44519, 0.344235, 3.32122, 1.15698, 0.25, 3.23236, 3.18005, 2, -1.55363]",0,431.0468446312881,300.0,11.68132809894841,1.08369572017251,300.08947307307545,10.49156013116604,0.8839811141897992,424.23946071717796,10.267736741973133,0.893019595669537,431.0468446312881,0.0,0.0,0.0,0.0,0.0,0.0,0.0,0.0,0.0,0.0,286.6459655761719,0.0
1764793140.065008,"[0.45835001177471596, 0.2560241698444927, 0.9877412688825233, 0.2753682250837692, 0.5451467520767375, 0.5060812408153692, 0.27765404227442486, 0.814006154289179, 0.4160433673858631, 0.4422730729458028, 0.3152698917805502, 0.5489642276897019, 0.35968448381009954, 0.21353088444128138, 0.2421580845692236]",16.865398839624916,0.9435688696256498,459.45518192198216,5,"nsga-2382244-[0.587505, 2.39608, 0.746322, 0.38261, 0.463544, 0.453041, 2.47179, 0.344202, 2.54011, -1.15454, 0.25, 2.59793, 2.21937, 2, -3.78921]",0,459.45518192198216,300.0,16.865398839624916,0.9483866685774268,316.46446693234327,16.6863085072215,0.9435688696256498,300.1599385610441,11.53792493866711,1.0255426627833668,459.45518192198216,0.0,0.0,0.0,0.0,0.0,0.0,0.0,0.0,0.0,0.0,351.0050354003906,0.0
1764793140.0669396,"[0.577212118208076, 0.3036855488357523, 0.6260424349218683, 0.45412057718989635, 0.3416246895330791, 0.40804474980613736, 0.47246403791536457, 0.9393926958302395, 0.7277665649133646, 0.5585989386872695, 0.48153811354328535, 0.8664744993574194, 0.3413998546325857, 0.9455721658863194, 0.9280902958860826]",17.479032549043982,0.7491295433625942,479.66075900938455,5,"nsga-2382244-[0.623164, 2.5629, 0.637813, 0.436236, 0.402487, 0.404022, 3.15362, 0.381818, 3.31942, 1.17198, 0.25, 3.23295, 2.1828, 2, -0.359549]",0,479.66075900938455,300.0,17.479032549043982,0.9272837499292885,338.55349217856804,12.245434537748011,0.7491295433625942,467.0074046065168,10.74146503355445,0.7784647688633058,479.66075900938455,0.0,0.0,0.0,0.0,0.0,0.0,0.0,0.0,0.0,0.0,428.6080627441406,0.0
1764793140.0682228,"[0.5760455637714472, 0.3006373267638962, 0.43788165883006497, 0.4642507428541842, 0.3411695176252699, 0.4037931918175399, 0.2668877227121588, 0.5311215254276578, 0.6494180540783833, 0.48127191304542793, 0.32042107917785756, 0.4867926912021303, 0.35940789946893964, 0.20843875932527, 0.6921751823535943]",17.154752349853517,0.7803720186396343,435.44333205804594,5,"nsga-2382244-[0.622814, 2.55223, 0.581364, 0.439275, 0.402351, 0.401897, 2.43411, 0.259336, 3.12355, -0.374562, 0.25, 2.47359, 2.21882, 2, -1.53912]",0,435.44333205804594,300.0,17.154752349853517,0.9552185419129162,309.17995999964273,12.119954337143316,0.7803720186396343,419.6783208335318,11.650956037567884,0.7872919213481065,435.44333205804594,0.0,0.0,0.0,0.0,0.0,0.0,0.0,0.0,0.0,0.0,367.3708801269531,0.0
1764793140.069361,"[0.5774148417986966, 0.609650165032102, 0.623688799690034, 0.3308749556155496, 0.10779878975825288, 0.007097734051148358, 0.4757348873425105, 0.8124507284036471, 0.4162934684598563, 0.44222827870785275, 0.302893870253897, 0.5489642276897019, 0.4429372926452429, 0.4784766081641271, 0.22332559733162244]",0.0,100.0,110.5602269475053,5,"nsga-2382244-[0.623224, 3.63378, 0.637107, 0.399262, 0.33234, 0.203549, 3.16507, 0.343735, 2.54073, -1.15543, 0.25, 2.59793, 2.38587, 2, -3.88337]",0,110.5602269475053,300.0,0.0,100.0,0.0,0.0,100.0,0.0,12.23446073299501,1.2198238494919567,110.5602269475053,0.0,0.0,0.0,0.0,0.0,0.0,0.0,0.0,0.0,0.0,14.878626823425293,0.0
1764793140.0704932,"[0.5730767951710851, 0.4751251133730827, 0.6194584710955792, 0.3375280268500704, 0.3416246895330791, 0.011755987696549258, 0.2771884807270602, 0.5311179707374963, 0.7290581349708171, 0.5624226339612688, 0.4779428795079751, 0.21463663467219526, 0.3355023798328123, 0.9454088257802186, 0.40390364755327063]",15.600521562157608,0.7041774461909038,393.1207760322385,5,"nsga-2382244-[0.621923, 3.16294, 0.635838, 0.401258, 0.402487, 0.205878, 2.47016, 0.259335, 3.32265, 1.24845, 0.25, 1.92927, 2.171, 2, -2.98048]",0,393.1207760322385,300.0,15.600521562157608,0.7941818225674513,300.68485055318695,12.96528773889309,0.7041774461909038,372.2985212000405,12.038460978066048,0.7286293172254795,393.1207760322385,0.0,0.0,0.0,0.0,0.0,0.0,0.0,0.0,0.0,0.0,220.60906982421875,0.0
1764793140.0716324,"[0.5772736453472656, 0.6090441104614399, 0.4376219724178325, 0.33678796146204093, 0.33950795210851403, 0.4391521860966101, 0.2892509016429205, 0.45919684298099034, 0.6493050780837191, 0.4781983787380433, 0.4763224085306984, 0.4818294805163904, 0.4503007912451006, 0.4705848053802866, 0.6921751823535943]",17.970376484568526,0.7744186936355218,430.8532157339701,5,"nsga-2382244-[0.623182, 3.63165, 0.581287, 0.401036, 0.401852, 0.419576, 2.51238, 0.237759, 3.12326, -0.436032, 0.25, 2.46366, 2.4006, 2, -1.53912]",0,430.8532157339701,300.0,17.970376484568526,0.9223144496359477,300.2476173214796,13.28560137399813,0.7744186936355218,395.9450046446265,11.645579561373083,0.7871782259243291,430.8532157339701,0.0,0.0,0.0,0.0,0.0,0.0,0.0,0.0,0.0,0.0,337.22979736328125,0.0
1764793140.0731144,"[0.5783105877445421, 0.2560241698444927, 0.9916666152890952, 0.3385271282697145, 0.09919579704674336, 0.40757195091432885, 0.27390602675056036, 0.5306249253548859, 0.6527658397284386, 0.557728903053503, 0.3202917067923439, 0.5489642276897019, 0.3427146100621679, 0.9351967774071384, 0.23547184364993923]",15.142082898209734,0.8697559595108032,403.24623420529247,5,"nsga-2382244-[0.623493, 2.39608, 0.7475, 0.401558, 0.329759, 0.403786, 2.45867, 0.259187, 3.13191, 1.15458, 0.25, 2.59793, 2.18543, 2, -3.82264]",0,403.24623420529247,300.0,15.142082898209734,0.9493237948999173,307.4785395924638,11.634050583257908,0.8697559595108032,385.01067099222325,10.4847046131041,0.8965854362743657,403.24623420529247,0.0,0.0,0.0,0.0,0.0,0.0,0.0,0.0,0.0,0.0,228.86537170410156,0.0
1764793140.0742576,"[0.45341579728540815, 0.6173293498643527, 0.4376219724178325, 0.4574287058632153, 0.5520172946454204, 0.0038848192500930134, 0.4689250951447535, 0.4595183479957575, 0.412945682809801, 0.48127191304542793, 0.30302324263941066, 0.4867926912021303, 0.4429128180463183, 0.4695419701340513, 0.6974568033013674]",16.173242131675163,0.6991425493868386,341.11536721950625,5,"nsga-2382244-[0.586025, 3.66065, 0.581287, 0.437229, 0.465605, 0.201942, 3.14124, 0.237856, 2.53236, -0.374562, 0.25, 2.47359, 2.38583, 2, -1.51272]",0,341.11536721950625,300.0,16.173242131675163,0.7474890200103201,301.00744275348944,13.166159955466666,0.6991425493868386,341.1008130515494,13.12973149462444,0.699194403683267,341.11536721950625,0.0,0.0,0.0,0.0,0.0,0.0,0.0,0.0,0.0,0.0,208.76858520507812,0.0
1764793140.075384,"[0.5733184569100963, 0.25731176969413483, 0.9893258901959365, 0.2792054581992184, 0.28257686381771, 0.40287438604239373, 0.2773033040245032, 0.45919328829082884, 0.410796420987376, 0.5577275568736411, 0.3193780865784254, 0.546844970646899, 0.34160954948639816, 0.4759161272184732, 0.4050387527919538]",16.679150469710187,0.834936560944813,454.63770469107277,5,"nsga-2382244-[0.621996, 2.40059, 0.746798, 0.383762, 0.384773, 0.401437, 2.47056, 0.237758, 2.52699, 1.15455, 0.25, 2.59369, 2.18322, 2, -2.97481]",0,454.63770469107277,300.0,16.679150469710187,0.9381607747659451,300.33363120846633,12.298269471889588,0.834936560944813,419.205385682641,11.227587560328042,0.8516399639408763,454.63770469107277,0.0,0.0,0.0,0.0,0.0,0.0,0.0,0.0,0.0,0.0,328.28045654296875,0.0
1764793140.076558,"[0.4562927728367058, 0.39667899953013674, 0.6244508553333932, 0.45028334407444714, 0.546497728655062, 0.406218297290242, 0.4728147761652862, 0.4590217479229856, 0.734555182443297, 0.5586002848671314, 0.49459889072328284, 0.21149679966200458, 0.34275702495059074, 0.9341560400624209, 0.24075346459579772]",17.650278310077947,0.8251929783239598,428.1766770897842,5,"nsga-2382244-[0.586888, 2.88838, 0.637335, 0.435085, 0.463949, 0.403109, 3.15485, 0.237707, 3.33639, 1.17201, 0.25, 1.92299, 2.18551, 2, -3.79623]",0,428.1766770897842,300.0,17.650278310077947,0.9553933472168155,300.56049767470944,12.436301575637446,0.8251929783239598,410.4812597879549,11.555064880557177,0.8503221148397865,428.1766770897842,0.0,0.0,0.0,0.0,0.0,0.0,0.0,0.0,0.0,0.0,293.7521667480469,0.0
1764793140.0776958,"[0.45835001177471596, 0.2560241698444927, 0.9916666152890952, 0.4575780014629667, 0.5497395046782173, 0.5060812408153692, 0.4728147761652862, 0.9392823849641905, 0.4162934684598563, 0.4422730729458028, 0.3203735747388672, 0.5489642276897019, 0.3647723849588742, 0.2163305621091095, 0.2421580845692236]",17.04291733532417,0.9381805632172562,449.2377722391268,5,"nsga-2382244-[0.587505, 2.39608, 0.7475, 0.437273, 0.464922, 0.453041, 3.15485, 0.381785, 2.54073, -1.15454, 0.25, 2.59793, 2.22954, 2, -3.78921]",0,449.2377722391268,300.0,17.04291733532417,0.9381805632172562,302.54325408935546,17.04291733532417,0.9381805632172562,302.54325408935546,10.62421875,1.0554895621974294,449.2377722391268,0.0,0.0,0.0,0.0,0.0,0.0,0.0,0.0,0.0,0.0,349.6040954589844,0.0
1764793140.078811,"[0.20153839253205538, 0.4758977428481196, 0.6010186815351491, 0.27166884897413823, 0.10239768948799083, 0.2312746679152627, 0.9843570699560598, 0.45919328829082884, 0.7208051479335827, 0.5618644153876857, 0.2762045266791014, 0.20286632630597015, 0.35948739804290697, 0.9427825344811701, 0.4038142548569885]",18.016919168611853,0.7422115698093321,427.6446188205626,5,"nsga-2382244-[0.510462, 3.16564, 0.630306, 0.381501, 0.330719, 0.315637, 4.94525, 0.237758, 3.30201, 1.23729, 0.25, 1.90573, 2.21897, 2, -2.98093]",0,427.6446188205626,300.0,18.016919168611853,0.8379118172133841,300.3989366484851,14.990103270367879,0.7422115698093321,398.9681531580483,12.516671776190037,0.7876064402301137,427.6446188205626,0.0,0.0,0.0,0.0,0.0,0.0,0.0,0.0,0.0,0.0,261.7157897949219,0.0
1764793140.0799353,"[0.5974861482275022, 0.6094721523887406, 0.19755045365962534, 0.2825329196485101, 0.1057842148509664, 0.8300726982648581, 0.2584730408174672, 0.5311068123865303, 0.8736706568798568, 0.45291413427231486, 0.48799448331538625, 0.2028674487843451, 0.43820342089629477, 0.9534153199364851, 0.6816629875526821]",17.545813095278856,0.8684567314822499,424.44442682033633,5,"nsga-2382244-[0.629246, 3.63315, 0.509265, 0.38476, 0.331735, 0.615036, 2.40466, 0.259332, 3.68418, -0.941717, 0.25, 1.90573, 2.37641, 2, -1.59169]",0,424.44442682033633,300.0,17.545813095278856,0.9712099528894191,314.70226094315694,12.689531814761278,0.8684567314822499,424.44442682033633,12.689531814761278,0.8684567314822499,424.44442682033633,0.0,0.0,0.0,0.0,0.0,0.0,0.0,0.0,0.0,0.0,309.6524353027344,0.0
1764793140.081036,"[0.18631600197174644, 0.8009280628150064, 0.6147906694391956, 0.6823584676435708, 0.0738992840659235, 0.24414596856816717, 0.38706072651450724, 0.7305718081209517, 0.6681201974295038, 0.44461974649677705, 0.8350187651922872, 0.7223869360626719, 0.5921185186348434, 0.25579501981677777, 0.8302060009697346]",0.0,100.0,18.088935075155117,5,"nsga-2382244-[0.505895, 4.30325, 0.634437, 0.504708, 0.32217, 0.322073, 2.85471, 0.319172, 3.1703, -1.10761, 0.25, 2.94477, 2.68424, 2, -0.84897]",0,18.088935075155117,300.0,0.0,100.0,0.0,0.0,100.0,0.0,9.57994583874214,1.3684675629546004,18.088935075155117,0.0,0.0,0.0,0.0,0.0,0.0,0.0,0.0,0.0,0.0,7.101958274841309,0.0
1764793140.082152,"[0.5765391687711514, 0.3027647137524234, 0.6229094817089381, 0.2727492324644557, 0.10802713367020339, 0.39837040246836897, 0.2700549533537888, 0.8141164651560622, 0.7276294398340355, 0.5667983813832042, 0.30305339674715726, 0.8661786177836527, 0.4421218208050203, 0.9428701357807374, 0.9280902958860826]",16.89628591304872,0.7649816547952047,474.92734810433734,5,"nsga-2382244-[0.622962, 2.55968, 0.636873, 0.381825, 0.332408, 0.399185, 2.44519, 0.344235, 3.31907, 1.33597, 0.25, 3.23236, 2.38424, 2, -0.359549]",0,474.92734810433734,300.0,16.89628591304872,0.948690889521343,333.50874711943834,11.889950356832365,0.7649816547952047,460.6509592195836,11.376378794414242,0.7696925762223035,474.92734810433734,0.0,0.0,0.0,0.0,0.0,0.0,0.0,0.0,0.0,0.0,369.0624694824219,0.0
1764793140.0832672,"[0.36647229165807804, 0.18436400696476163, 0.9562862302595188, 0.3377833668125094, 0.3421423721081659, 0.19172777873163796, 0.033763452272115316, 0.9455865143190201, 0.6418834913143247, 0.8163706600865949, 0.7616703330713481, 0.6289505397068846, 0.3434829558145707, 0.1995841626088708, 0.2497333469651429]",16.923699713916314,0.8264315910455657,483.73024098466084,5,"nsga-2382244-[0.559942, 2.14527, 0.736886, 0.401335, 0.402643, 0.295864, 1.61817, 0.383676, 3.10471, 6.32741, 0.25, 2.7579, 2.18697, 2, -3.75133]",0,483.73024098466084,300.0,16.923699713916314,0.9385276678131848,304.72066884854945,12.374282864826482,0.8264315910455657,439.76378065900104,11.309382792216976,0.8520512386066158,483.73024098466084,0.0,0.0,0.0,0.0,0.0,0.0,0.0,0.0,0.0,0.0,337.1821594238281,0.0
1764793140.0846128,"[0.575316372876258, 0.4759292504110968, 0.6229094817089381, 0.27163575398425654, 0.3416246895330791, 0.40804474980613736, 0.2660056678060605, 0.45919328829082884, 0.7290581349708171, 0.5585989386872695, 0.47880939684289026, 0.20937754261916042, 0.3429128299913745, 0.9454192049160636, 0.4039034630596394]",17.74628424760772,0.8177611083519168,438.5796683334723,5,"nsga-2382244-[0.622595, 3.16575, 0.636873, 0.381491, 0.402487, 0.404022, 2.43102, 0.237758, 3.32265, 1.17198, 0.25, 1.91876, 2.18583, 2, -2.98048]",0,438.5796683334723,300.0,17.74628424760772,0.948634817251345,302.5944375759218,12.377106592131824,0.8177611083519168,426.7105908277558,11.059171057910454,0.8513692445871307,438.5796683334723,0.0,0.0,0.0,0.0,0.0,0.0,0.0,0.0,0.0,0.0,315.83642578125,0.0
1764793140.0857713,"[0.5740024023662496, 0.47509086105019194, 0.6194584710955792, 0.337561121839952, 0.3416246895330791, 0.40804474980613736, 0.9924181646316321, 0.45919328829082884, 0.7290581349708171, 0.5585989386872695, 0.4774185824548075, 0.20937754261916042, 0.34164149621203943, 0.9428597927098207, 0.40387346415027303]",18.107726166887982,0.7534383235908136,436.05691297577647,5,"nsga-2382244-[0.622201, 3.16282, 0.635838, 0.401268, 0.402487, 0.404022, 4.97346, 0.237758, 3.32265, 1.17198, 0.25, 1.91876, 2.18328, 2, -2.98063]",0,436.05691297577647,300.0,18.107726166887982,0.9346708033143021,300.79825925129217,12.797927084201719,0.7534383235908136,410.9991795609637,11.41462969431063,0.7773540613127918,436.05691297577647,0.0,0.0,0.0,0.0,0.0,0.0,0.0,0.0,0.0,0.0,307.87298583984375,0.0
1764793140.0868945,"[0.44920041338826766, 0.25846633734568675, 0.9880035821326885, 0.2736415328799261, 0.5450418591912672, 0.5082186093165485, 0.27751181586514767, 0.46975482173019, 0.7275164638393713, 0.5590119246597274, 0.4764344305849683, 0.8499172714171158, 0.3415969035518197, 0.945334831398554, 0.9467722279018123]",17.59458856350038,0.7778783338825878,428.2566654112281,5,"nsga-2382244-[0.58476, 2.40463, 0.746401, 0.382092, 0.463513, 0.454109, 2.47129, 0.240926, 3.31879, 1.18024, 0.25, 3.19983, 2.18319, 2, -0.266139]",0,428.2566654112281,300.0,17.59458856350038,0.9102252768307197,302.1718501765554,12.448916374764792,0.7778783338825878,417.7790458865282,12.15008601677127,0.7813742774288829,428.2566654112281,0.0,0.0,0.0,0.0,0.0,0.0,0.0,0.0,0.0,0.0,342.97607421875,0.0
1764793140.088005,"[0.20976327463388705, 0.47509160770344494, 0.6206878655872559, 0.33638547860747847, 0.5438956339079991, 0.3989834140904136, 0.9875999668240125, 0.930382437369979, 0.7290581349708171, 0.5586557378415646, 0.47800854388795977, 0.22593464281003817, 0.33195688397967493, 0.9429482706988189, 0.39831783397766957]",15.027584587655417,0.8689079918512483,419.42903070217227,5,"nsga-2382244-[0.512929, 3.16282, 0.636206, 0.400916, 0.463169, 0.399492, 4.9566, 0.379115, 3.32265, 1.17311, 0.25, 1.95187, 2.16391, 2, -3.00841]",0,419.42903070217227,300.0,15.027584587655417,0.9036904997941925,300.3949779975705,13.188570669220715,0.8689079918512483,406.5380756657298,12.821808549834461,0.8773919218923988,419.42903070217227,0.0,0.0,0.0,0.0,0.0,0.0,0.0,0.0,0.0,0.0,239.27053833007812,0.0
1764793140.0891173,"[0.5760377586294446, 0.3036855488357523, 0.6229094817089381, 0.2722601636718109, 0.34163318208724425, 0.1839180132464337, 0.2773033040245032, 0.8141164651560622, 0.7275164638393713, 0.5585989386872695, 0.4764344305849683, 0.8664744993574194, 0.341651964374821, 0.175551759287561, 0.2916076571134519]",17.55189978901933,0.747581329869061,453.78698581602515,5,"nsga-2382244-[0.622811, 2.5629, 0.636873, 0.381678, 0.40249, 0.291959, 2.47056, 0.344235, 3.31879, 1.17198, 0.25, 3.23295, 2.1833, 2, -3.54196]",0,453.78698581602515,300.0,17.55189978901933,0.9350489706527896,305.5702664445086,12.249139846243509,0.747581329869061,441.6613492640053,11.1660343635373,0.7624898288308121,453.78698581602515,0.0,0.0,0.0,0.0,0.0,0.0,0.0,0.0,0.0,0.0,395.28021240234375,0.0
1764793140.090236,"[0.36697370179978483, 0.18344317188143278, 0.9562862302595188, 0.33668256439723204, 0.3419780118741398, 0.4083709480557767, 0.033763452272115316, 0.9455865143190201, 0.6418834913143247, 0.8253202637491556, 0.7616703330713481, 0.6289505397068846, 0.4439528122447701, 0.9659576727600077, 0.8862036158382889]",16.814013029889363,0.8579785928493593,498.1760294844465,5,"nsga-2382244-[0.560092, 2.14205, 0.736886, 0.401005, 0.402593, 0.404185, 1.61817, 0.383676, 3.10471, 6.50641, 0.25, 2.7579, 2.38791, 2, -0.568982]",0,498.1760294844465,300.0,16.814013029889363,0.9285538560006676,336.2551835222942,12.405087029061667,0.8579785928493593,464.8636451907274,10.559611706617401,0.9124501780765812,498.1760294844465,0.0,0.0,0.0,0.0,0.0,0.0,0.0,0.0,0.0,0.0,374.0356750488281,0.0
1764793140.0913713,"[0.5388053963270336, 0.47512311526642215, 0.4319581391047187, 0.34430009075866097, 0.3406127967827916, 0.41485131162889627, 0.32599022905450975, 0.45919328829082884, 0.25630452382731217, 0.557055339798328, 0.9217284845694984, 0.8881615979155619, 0.3417288957238066, 0.945427771545006, 0.7386753636203273]",17.46278131531506,0.7438121033877861,460.0523256441442,5,"nsga-2382244-[0.611642, 3.16293, 0.579587, 0.40329, 0.402184, 0.407426, 2.64097, 0.237758, 2.14076, 1.14111, 0.25, 3.27632, 2.18346, 2, -1.30662]",0,460.0523256441442,300.0,17.46278131531506,0.9325644068601655,300.79127223317215,12.76078934553193,0.7438121033877861,447.155181177651,12.314543784536966,0.7463199185162056,460.0523256441442,0.0,0.0,0.0,0.0,0.0,0.0,0.0,0.0,0.0,0.0,378.4915771484375,0.0
1764793140.0924778,"[0.9874466225311161, 0.6082262160077927, 0.9541719867964905, 0.33901524677697736, 0.28459818245006635, 0.002298837371105533, 0.2737757209620138, 0.5290110345569865, 0.6446887673544246, 0.48034659237980487, 0.4761154872434493, 0.619148273507713, 0.7866246087696901, 0.47058843061580147, 0.3936625674301825]",16.623127909404477,0.6912726021394497,359.70984441245474,5,"nsga-2382244-[0.746234, 3.62879, 0.736252, 0.401705, 0.385379, 0.201149, 2.45822, 0.258703, 3.11172, -0.393068, 0.25, 2.7383, 3.07325, 2, -3.03169]",0,359.70984441245474,300.0,16.623127909404477,0.8659998111608552,300.28991098171326,11.660338006368498,0.6912726021394497,349.2541228503716,10.662507117666848,0.7279659367189175,359.70984441245474,0.0,0.0,0.0,0.0,0.0,0.0,0.0,0.0,0.0,0.0,333.2034912109375,0.0
1764793140.0935967,"[0.4496262312072349, 0.6089592694073792, 0.2628431396874161, 0.3373496180570129, 0.10332417094191675, 0.4043741472147835, 0.2778309167304206, 0.4613007349313708, 0.6705144531374635, 0.5573949605492499, 0.30202799837836913, 0.5400876599556139, 0.4363691992703498, 0.4705848053802866, 0.240973940980952]",17.071815513983005,0.768419444851759,438.42066977896343,5,"nsga-2382244-[0.584888, 3.63136, 0.528853, 0.401205, 0.330997, 0.402187, 2.47241, 0.23839, 3.17629, 1.1479, 0.25, 2.58018, 2.37274, 2, -3.79513]",0,438.42066977896343,300.0,17.071815513983005,0.9053558416482879,300.9456632102408,13.440579279457651,0.768419444851759,424.203252299239,12.408891449905024,0.7835467696189881,438.42066977896343,0.0,0.0,0.0,0.0,0.0,0.0,0.0,0.0,0.0,0.0,296.6711120605469,0.0
1764793140.094713,"[0.20608705276436737, 0.475895744741459, 0.6194584710955792, 0.27166884897413823, 0.3443667825229023, 0.008653178114235133, 0.9677249140539217, 0.5290140787871158, 0.7241260176744148, 0.4831997745409171, 0.47834223633986817, 0.20937754261916042, 0.3416638510626012, 0.9428742763171544, 0.3960857729196905]",14.643770822664587,0.7280140123716214,305.5948165521389,5,"nsga-2382244-[0.511826, 3.16564, 0.635838, 0.381501, 0.40331, 0.204327, 4.88704, 0.258704, 3.31032, -0.336005, 0.25, 1.91876, 2.18333, 2, -3.01957]",0,305.5948165521389,300.0,14.643770822664587,0.7298145215685775,300.4725665953101,14.394089815093249,0.7280140123716214,301.7113462866806,14.239920457979528,0.7305085176374854,305.5948165521389,0.0,0.0,0.0,0.0,0.0,0.0,0.0,0.0,0.0,0.0,171.920166015625,0.0
1764793140.0958352,"[0.5740024023662496, 0.4283612009683121, 0.6194584710955792, 0.3372860750135097, 0.3416246895330791, 0.40804474980613736, 0.9875999668240125, 0.45919328829082884, 0.7290581349708171, 0.5585989386872695, 0.4774185824548075, 0.20937754261916042, 0.3429023618285929, 0.9454088618451469, 0.40387327965664177]",17.801131411296566,0.7594318541084848,437.9773564036299,5,"nsga-2382244-[0.622201, 2.99926, 0.635838, 0.401186, 0.402487, 0.404022, 4.9566, 0.237758, 3.32265, 1.17198, 0.25, 1.91876, 2.1858, 2, -2.98063]",0,437.9773564036299,300.0,17.801131411296566,0.9343331162522479,302.84957625226275,12.319195458947158,0.7594318541084848,421.42331941185927,11.296548368872665,0.7783256405737342,437.9773564036299,0.0,0.0,0.0,0.0,0.0,0.0,0.0,0.0,0.0,0.0,308.0042419433594,0.0
1764793140.097218,"[0.20088016348973264, 0.474604143106922, 0.6010186815351491, 0.27274332338783963, 0.1271798030160682, 0.2270840827734386, 0.9843570699560598, 0.47082265701337966, 0.7273607076044245, 0.5618644153876857, 0.2762045266791014, 0.20286632630597015, 0.3648103134370404, 0.9427820152050354, 0.4038142548569885]",18.44528262440751,0.738644539437643,429.9979116672423,5,"nsga-2382244-[0.510264, 3.16111, 0.630306, 0.381823, 0.338154, 0.313542, 4.94525, 0.241247, 3.3184, 1.23729, 0.25, 1.90573, 2.22962, 2, -2.98093]",0,429.9979116672423,300.0,18.44528262440751,0.8545151265656076,300.64659181920496,14.042329825424567,0.738644539437643,421.4826850332865,13.385106393767567,0.7544889179671683,429.9979116672423,0.0,0.0,0.0,0.0,0.0,0.0,0.0,0.0,0.0,0.0,269.10980224609375,0.0
1764793140.0983398,"[0.46019148161437773, 0.2597599370868843, 0.9898260631037893, 0.27166646206019346, 0.5236800061739455, 0.5124091944583732, 0.27751181586514767, 0.9293146213320203, 0.7209609041685295, 0.5586437329252195, 0.4764344305849683, 0.8664744993574194, 0.3416690598716975, 0.9428706550568723, 0.9467722279018123]",17.216385864629977,0.8339458404517756,472.5297093833365,5,"nsga-2382244-[0.588057, 2.40916, 0.746948, 0.3815, 0.457104, 0.456205, 2.47129, 0.378794, 3.3024, 1.17287, 0.25, 3.23295, 2.18334, 2, -0.266139]",0,472.5297093833365,300.0,17.216385864629977,0.9208973713037444,322.04420772645534,12.478534507751466,0.8339458404517756,443.0152101842369,10.601569706056177,0.8828275840456893,472.5297093833365,0.0,0.0,0.0,0.0,0.0,0.0,0.0,0.0,0.0,0.0,387.1475830078125,0.0
1764793140.0994515,"[0.5774315281594062, 0.6090441104614399, 0.4393178006686407, 0.33723051411113125, 0.11399991129424066, 0.0021315021586244477, 0.2690786837791315, 0.5311196481703949, 0.6495430599397206, 0.4819778420659249, 0.3029413746928874, 0.4867926912021303, 0.436307297070313, 0.469533021352094, 0.23753829508304214]",17.66461441226122,0.701759971060404,437.54494506091606,5,"nsga-2382244-[0.623229, 3.63165, 0.581795, 0.401169, 0.3342, 0.201066, 2.44178, 0.259336, 3.12386, -0.360443, 0.25, 2.47359, 2.37261, 2, -3.81231]",0,437.54494506091606,300.0,17.66461441226122,0.8504817657354401,300.71782263779056,13.128708657985781,0.701759971060404,401.0521884825171,11.84347040129871,0.7276602931138946,437.54494506091606,0.0,0.0,0.0,0.0,0.0,0.0,0.0,0.0,0.0,0.0,267.0240173339844,0.0
1764793140.100545,"[0.45388538800364076, 0.6089592694073792, 0.262854767358363, 0.3384969366158448, 0.10595769201791579, 0.0021000674137817816, 0.27934989958690565, 0.5331964674097293, 0.6654573299797241, 0.4812898673824006, 0.3029413746928874, 0.5400876599556139, 0.4429747202463551, 0.4705848053802866, 0.6956108282528197]",17.705268524914253,0.6952666617021328,412.8972156059451,5,"nsga-2382244-[0.586166, 3.63136, 0.528856, 0.401549, 0.331787, 0.20105, 2.47772, 0.259959, 3.16364, -0.374203, 0.25, 2.58018, 2.38595, 2, -1.52195]",0,412.8972156059451,300.0,17.705268524914253,0.8159574860479774,302.29279033381766,14.080701525618391,0.6952666617021328,389.8335081146985,12.650258822557403,0.7039433659576788,412.8972156059451,0.0,0.0,0.0,0.0,0.0,0.0,0.0,0.0,0.0,0.0,269.19091796875,0.0
1764793520.5373054,"[0.5774315281594062, 0.6090441104614399, 0.439293961346632, 0.33720709181838293, 0.28230372370135437, 0.0021141099283071047, 0.2690786837791315, 0.5311532348662522, 0.6495430599397206, 0.48196849997825625, 0.3029413746928874, 0.48064647823177675, 0.436307297070313, 0.469533021352094, 0.23986614924761696]",17.183702366526536,0.6952033304586643,401.52086576136145,6,"nsga-2382244-[0.623229, 3.63165, 0.581788, 0.401162, 0.384691, 0.201057, 2.44178, 0.259346, 3.12386, -0.36063, 0.25, 2.46129, 2.37261, 2, -3.80067]",0,401.52086576136145,300.0,17.183702366526536,0.8190973895352062,300.23206519150153,12.991285156622165,0.6952033304586643,395.5179993792278,12.456953825601717,0.6998890850602126,401.52086576136145,0.0,0.0,0.0,0.0,0.0,0.0,0.0,0.0,0.0,0.0,308.25830078125,0.0
1764793520.5402067,"[0.9646821650875068, 0.6082262160077927, 0.4416621565885688, 0.3390469172094842, 0.11618515053379394, 0.003877090059078814, 0.3076899642848935, 0.5289774478611291, 0.2493055354156003, 0.48035593446747354, 0.922113379170193, 0.8935463264741361, 0.7866246087696901, 0.47058843061580147, 0.733202298326254]",16.06322696499708,0.6915910369012414,413.28543492759144,6,"nsga-2382244-[0.739405, 3.62879, 0.582499, 0.401714, 0.334856, 0.201939, 2.57691, 0.258693, 2.12326, -0.392881, 0.25, 3.28709, 3.07325, 2, -1.33399]",0,413.28543492759144,300.0,16.06322696499708,0.886398264838428,300.128497705227,11.792382975322445,0.6915910369012414,412.2015196265244,11.815806291161515,0.6918260283586456,413.28543492759144,0.0,0.0,0.0,0.0,0.0,0.0,0.0,0.0,0.0,0.0,357.4834289550781,0.0
1764793520.541449,"[0.5740024023662496, 0.6123788628701691, 0.6194584710955792, 0.3367762105452601, 0.3416246895330791, 0.0030430851717918317, 0.9816249609260728, 0.45899341463946136, 0.6488247363573398, 0.5593041521611796, 0.4774185824548075, 0.20937754261916042, 0.34228247414856233, 0.47767347131199195, 0.40387327965664177]",13.95740369471108,0.6858513454111611,325.51469849377145,6,"nsga-2382244-[0.622201, 3.64333, 0.635838, 0.401033, 0.402487, 0.201522, 4.93569, 0.237698, 3.12206, 1.18608, 0.25, 1.91876, 2.18456, 2, -2.98063]",0,325.51469849377145,300.0,13.95740369471108,0.6892177474207994,300.29668331611447,13.77346557058939,0.6858513454111611,301.9178545137731,12.84712422533733,0.6913579705284862,325.51469849377145,0.0,0.0,0.0,0.0,0.0,0.0,0.0,0.0,0.0,0.0,167.25514221191406,0.0
1764793520.5426164,"[0.5774315281594062, 0.47175610864146267, 0.4376219724178325, 0.33729782593029056, 0.33950795210851403, 0.4176680940044235, 0.28109946019867904, 0.5313213990790253, 0.7295384766971962, 0.4813168605381325, 0.4763224085306984, 0.4870885725694244, 0.4435327057263489, 0.9383141189300005, 0.6921751823535943]",18.088444579519876,0.7736821206604562,439.33225380502097,6,"nsga-2382244-[0.623229, 3.15115, 0.581287, 0.401189, 0.401852, 0.408834, 2.48385, 0.259396, 3.32385, -0.373663, 0.25, 2.47418, 2.38707, 2, -1.53912]",0,439.33225380502097,300.0,18.088444579519876,0.9340138918016015,312.6538857808927,13.202610750896175,0.7736821206604562,430.60681896674924,11.81689993695515,0.7770338232924299,439.33225380502097,0.0,0.0,0.0,0.0,0.0,0.0,0.0,0.0,0.0,0.0,364.4467468261719,0.0
1764793520.5437586,"[0.20154559073385148, 0.18392377869100127, 0.6201678384203972, 0.2712105678959688, 0.10453933716190628, 0.002100203535103984, 0.9815924025356684, 0.5306696141913515, 0.663323884320089, 0.48127191304542793, 0.475060572638418, 0.2021930997659597, 0.441686316077325, 0.9618875949673875, 0.7044166872408929]",17.754044039656478,0.7424391816302044,386.7446008077482,6,"nsga-2382244-[0.510464, 2.14373, 0.63605, 0.381363, 0.331362, 0.20105, 4.93557, 0.259201, 3.15831, -0.374562, 0.25, 1.90439, 2.38337, 2, -1.47792]",0,386.7446008077482,300.0,17.754044039656478,0.8741254047649663,300.5950983745296,14.554174874468547,0.7424391816302044,369.9271942883003,11.547269369916219,0.7950198307269957,386.7446008077482,0.0,0.0,0.0,0.0,0.0,0.0,0.0,0.0,0.0,0.0,243.7156524658203,0.0
1764793520.5449233,"[0.36154799513143787, 0.1915922579759587, 0.9562862302595188, 0.3368088090879285, 0.3419780118741398, 0.4083709480557767, 0.03650537664709269, 0.9460356536703178, 0.64264973591627, 0.8253202637491556, 0.7616703330713481, 0.6297007320134153, 0.4439528122447701, 0.4720373229742576, 0.8856843159122161]",16.849227430762316,0.85412301290326,499.296828702601,6,"nsga-2382244-[0.558464, 2.17057, 0.736886, 0.401043, 0.402593, 0.404185, 1.62777, 0.383811, 3.10662, 6.50641, 0.25, 2.7594, 2.38791, 2, -0.571578]",0,499.296828702601,300.0,16.849227430762316,0.9287348328567133,328.0748311484732,12.126513281101134,0.85412301290326,480.74117372094133,10.485467757248298,0.9175005854629888,499.296828702601,0.0,0.0,0.0,0.0,0.0,0.0,0.0,0.0,0.0,0.0,373.1668701171875,0.0
1764793520.5464551,"[0.4591964600004003, 0.2560241698444927, 0.9916666152890952, 0.2712934249933204, 0.5451819825574169, 0.40625108520692976, 0.4728147761652862, 0.9522810011173797, 0.7316718992314488, 0.5586461748593828, 0.3203735747388672, 0.5489642276897019, 0.3427005220033843, 0.9341560400624209, 0.9586471097147324]",17.391690598464592,0.8318233673165484,461.95112073944836,6,"nsga-2382244-[0.587759, 2.39608, 0.7475, 0.381388, 0.463555, 0.403126, 3.15485, 0.385684, 3.32918, 1.17292, 0.25, 2.59793, 2.1854, 2, -0.206764]",0,461.95112073944836,300.0,17.391690598464592,0.9236910587403833,309.4619966832603,12.315498268313524,0.8318233673165484,461.1557643983422,12.361721657543647,0.8323647132733973,461.95112073944836,0.0,0.0,0.0,0.0,0.0,0.0,0.0,0.0,0.0,0.0,380.20111083984375,0.0
1764793520.5476067,"[0.4546316494421981, 0.25846633734568675, 0.9898260631037893, 0.45902551294354116, 0.543834167668406, 0.508144299007267, 0.27751181586514767, 0.44765546110553656, 0.41213803306777863, 0.5577264611193397, 0.4764344305849683, 0.8664744993574194, 0.3416660524336046, 0.9428701357807374, 0.22852446300863172]",17.332844822581222,0.8343286900985531,437.97892009455984,6,"nsga-2382244-[0.586389, 2.40463, 0.746948, 0.437708, 0.46315, 0.454072, 2.47129, 0.234297, 2.53035, 1.15453, 0.25, 3.23295, 2.18333, 2, -3.85738]",0,437.97892009455984,300.0,17.332844822581222,0.9156996904349909,300.147566185928,13.263274765014648,0.8343286900985531,418.32244370623334,12.730783588130299,0.8345532327163511,437.97892009455984,0.0,0.0,0.0,0.0,0.0,0.0,0.0,0.0,0.0,0.0,349.51220703125,0.0
1764793520.5488656,"[0.5774315281594062, 0.6272841626289626, 0.43932942833958755, 0.33837783266996313, 0.11389133939397603, 0.0018084050625957332, 0.26900329094288616, 0.5331945901524664, 0.6494180540783833, 0.48127191304542793, 0.3029413746928874, 0.4867926912021303, 0.4429128180463183, 0.469533021352094, 0.6921751823535943]",17.89148429777564,0.6849502191310975,415.44535872296586,6,"nsga-2382244-[0.623229, 3.69549, 0.581799, 0.401513, 0.334167, 0.200904, 2.44151, 0.259958, 3.12355, -0.374562, 0.25, 2.47359, 2.38583, 2, -1.53912]",0,415.44535872296586,300.0,17.89148429777564,0.8494862373282269,300.4493485613567,13.376755937715856,0.6849502191310975,404.84248526968605,12.864528539704114,0.6892698096065987,415.44535872296586,0.0,0.0,0.0,0.0,0.0,0.0,0.0,0.0,0.0,0.0,295.3916931152344,0.0
1764793520.5500426,"[0.36647229165807804, 0.16612395515144618, 0.9562862302595188, 0.3377833668125094, 0.3421423721081659, 0.19368137429955898, 0.033763452272115316, 0.9455865143190201, 0.6418834913143247, 0.8163706600865949, 0.7616703330713481, 0.6289505397068846, 0.3434829558145707, 0.1995841626088708, 0.2497333469651429]",16.802756704935213,0.828471786801408,484.5057304196241,6,"nsga-2382244-[0.559942, 2.08143, 0.736886, 0.401335, 0.402643, 0.296841, 1.61817, 0.383676, 3.10471, 6.32741, 0.25, 2.7579, 2.18697, 2, -3.75133]",0,484.5057304196241,300.0,16.802756704935213,0.9399970871646229,309.081301228593,12.648049670893972,0.828471786801408,448.3455384789444,11.37657779135355,0.8496156201130006,484.5057304196241,0.0,0.0,0.0,0.0,0.0,0.0,0.0,0.0,0.0,0.0,340.6612548828125,0.0
1764793520.5511746,"[0.3664682172621993, 0.18344317188143278, 0.9562862302595188, 0.3370319272583441, 0.34198650442830497, 0.18424421149607284, 0.033763452272115316, 0.9455865143190201, 0.6418834913143247, 0.8253202637491556, 0.7616703330713481, 0.6289505397068846, 0.4439528122447701, 0.1995841626088708, 0.2497333469651429]",16.899184617763613,0.823956671865975,472.4253516220465,6,"nsga-2382244-[0.55994, 2.14205, 0.736886, 0.40111, 0.402596, 0.292122, 1.61817, 0.383676, 3.10471, 6.50641, 0.25, 2.7579, 2.38791, 2, -3.75133]",0,472.4253516220465,300.0,16.899184617763613,0.9390459432834533,305.8508054035466,12.759227264218215,0.823956671865975,451.97981009134435,11.087502442336664,0.8668536424636841,472.4253516220465,0.0,0.0,0.0,0.0,0.0,0.0,0.0,0.0,0.0,0.0,334.8297119140625,0.0
1764793520.5522845,"[0.36580341661703214, 0.18436400696476163, 0.9562862302595188, 0.3377833668125094, 0.3421423721081659, 0.19172777873163796, 0.033763452272115316, 0.9455865143190201, 0.6418834913143247, 0.8163706600865949, 0.7616703330713481, 0.6289505397068846, 0.3434829558145707, 0.1995841626088708, 0.2497333469651429]",16.57865110257777,0.8242793661792104,473.2522094354397,6,"nsga-2382244-[0.559741, 2.14527, 0.736886, 0.401335, 0.402643, 0.295864, 1.61817, 0.383676, 3.10471, 6.32741, 0.25, 2.7579, 2.18697, 2, -3.75133]",0,473.2522094354397,300.0,16.57865110257777,0.9520261875013026,301.38429703130953,12.556224855562535,0.8242793661792104,454.1057097644341,10.485584193904225,0.9030131014381967,473.2522094354397,0.0,0.0,0.0,0.0,0.0,0.0,0.0,0.0,0.0,0.0,333.46112060546875,0.0
1764793520.553404,"[0.20088016348973264, 0.474604143106922, 0.6197335886082747, 0.33617167896570593, 0.1271798030160682, 0.2270840827734386, 0.9843570699560598, 0.47082265701337966, 0.7273607076044245, 0.5585809777836762, 0.2762045266791014, 0.20286632630597015, 0.3648103134370404, 0.9427820152050354, 0.4038142548569885]",18.16127421681474,0.7391541888074177,416.9884625876822,6,"nsga-2382244-[0.510264, 3.16111, 0.63592, 0.400852, 0.338154, 0.313542, 4.94525, 0.241247, 3.3184, 1.17162, 0.25, 1.90573, 2.22962, 2, -2.98093]",0,416.9884625876822,300.0,18.16127421681474,0.8402887059421074,306.2979505585461,14.093855504291813,0.7391541888074177,407.8472132985185,12.67862519985292,0.7811558723449707,416.9884625876822,0.0,0.0,0.0,0.0,0.0,0.0,0.0,0.0,0.0,0.0,250.35186767578125,0.0
1764793520.5545464,"[0.19834694544349218, 0.4751258600263357, 0.6007435640224537, 0.2740996712722041, 0.3416246895330791, 0.40804474980613736, 0.2891746859692387, 0.45919328829082884, 0.7290581349708171, 0.5618823762912789, 0.47881967441343265, 0.20937754261916042, 0.34289023092237647, 0.9454129302517073, 0.3961161408163194]",17.957453518379026,0.8381841546151696,423.24778862929924,6,"nsga-2382244-[0.509504, 3.16294, 0.630223, 0.38223, 0.402487, 0.404022, 2.51211, 0.237758, 3.32265, 1.23765, 0.25, 1.91876, 2.18578, 2, -3.01942]",0,423.24778862929924,300.0,17.957453518379026,0.9167567692151883,300.8481246203911,14.183726213036515,0.8381841546151696,404.1333713438453,12.695249403976813,0.8590914665198908,423.24778862929924,0.0,0.0,0.0,0.0,0.0,0.0,0.0,0.0,0.0,0.0,272.91741943359375,0.0
1764793520.5556812,"[0.1992425398513172, 0.4758977428481196, 0.6194584710955792, 0.27166884897413823, 0.3434227566236334, 0.397858167268077, 0.9820743083955279, 0.8013709424001835, 0.7276695943681089, 0.5585505867715723, 0.30797973238739806, 0.20937754261916042, 0.3389933852655916, 0.9428553305523669, 0.39179965971422387]",15.765130680363352,0.8415872085385206,439.34304258765246,6,"nsga-2382244-[0.509773, 3.16564, 0.635838, 0.381501, 0.403027, 0.398929, 4.93726, 0.340411, 3.31917, 1.17101, 0.25, 1.91876, 2.17799, 2, -3.041]",0,439.34304258765246,300.0,15.765130680363352,0.8856166662239446,301.45130659894244,14.161935983053068,0.8415872085385206,396.9090549003787,12.9173873622243,0.8552199334633059,439.34304258765246,0.0,0.0,0.0,0.0,0.0,0.0,0.0,0.0,0.0,0.0,260.6188049316406,0.0
1764793520.556808,"[0.5765391687711514, 0.3027647137524234, 0.6229094817089381, 0.2727492324644557, 0.10622906658610151, 0.40855698500642934, 0.2700549533537888, 0.47193881104610946, 0.7290179804367438, 0.5668467332989013, 0.47249559976694866, 0.8661786177836527, 0.44595374390981796, 0.9428701357807374, 0.9400879830408415]",16.857366445587903,0.7124110114283678,444.80247188661156,6,"nsga-2382244-[0.622962, 2.55968, 0.636873, 0.381825, 0.331869, 0.404278, 2.44519, 0.241582, 3.32254, 1.33693, 0.25, 3.23236, 2.39191, 2, -0.29956]",0,444.80247188661156,300.0,16.857366445587903,0.9114648374115548,337.8994062098061,11.999666376811701,0.7124110114283678,436.51422208460366,11.212011783878978,0.7311490733449052,444.80247188661156,0.0,0.0,0.0,0.0,0.0,0.0,0.0,0.0,0.0,0.0,367.37091064453125,0.0
1764793520.558185,"[0.3657993422211534, 0.18532872658995264, 0.9562862302595188, 0.3370319272583441, 0.34601225665454993, 0.18424421149607284, 0.03274792695397073, 0.9761984871294356, 0.665598281841788, 0.8295598168340872, 0.7616703330713481, 0.6289505397068846, 0.4429753377062709, 0.1995841626088708, 0.6923261693614674]",17.102793088773403,0.8141787959308159,473.38388656988377,6,"nsga-2382244-[0.55974, 2.14865, 0.736886, 0.40111, 0.403804, 0.292122, 1.61462, 0.39286, 3.164, 6.5912, 0.25, 2.7579, 2.38595, 2, -1.53837]",0,473.38388656988377,300.0,17.102793088773403,0.9306021952047581,310.377549055146,12.960999898212712,0.8141787959308159,455.39092161597273,10.78298993459562,0.8664716438549321,473.38388656988377,0.0,0.0,0.0,0.0,0.0,0.0,0.0,0.0,0.0,0.0,346.1756286621094,0.0
1764793520.559315,"[0.45388538800364076, 0.6070737147133372, 0.262854767358363, 0.3384969366158448, 0.10193193981336006, 0.0021000674137817816, 0.28036712040396916, 0.5021841114653605, 0.6417425394522607, 0.47705031429407735, 0.3029413746928874, 0.5400876599556139, 0.4439521947848543, 0.4705848053802866, 0.2530180058567564]",17.4514906766938,0.7096253639314233,409.70700076963846,6,"nsga-2382244-[0.586166, 3.62476, 0.528856, 0.401549, 0.33058, 0.20105, 2.48128, 0.250655, 3.10436, -0.458994, 0.25, 2.58018, 2.3879, 2, -3.73491]",0,409.70700076963846,300.0,17.4514906766938,0.8246703191501338,300.02728917191666,13.71991989321825,0.7096253639314233,398.65217947610995,11.990664677503633,0.7359741748833075,409.70700076963846,0.0,0.0,0.0,0.0,0.0,0.0,0.0,0.0,0.0,0.0,240.49560546875,0.0
1764793520.5604248,"[0.19943043545009964, 0.47588814943432056, 0.6203338744607243, 0.33916591129690776, 0.5450680949501809, 0.23294276895510857, 0.9843819497921656, 0.45919328829082884, 0.7290581349708171, 0.5590239295760726, 0.47800854388795977, 0.20898205345373472, 0.33165241108349547, 0.9428024770289971, 0.39831783397766957]",18.208175212580983,0.749683588888587,368.90168122082224,6,"nsga-2382244-[0.509829, 3.16561, 0.6361, 0.40175, 0.46352, 0.316471, 4.94534, 0.237758, 3.32265, 1.18048, 0.25, 1.91796, 2.1633, 2, -3.00841]",0,368.90168122082224,300.0,18.208175212580983,0.8611104657010334,300.02057757493924,14.056877531656404,0.749683588888587,364.9809354084294,13.394745054477598,0.7758719435552272,368.90168122082224,0.0,0.0,0.0,0.0,0.0,0.0,0.0,0.0,0.0,0.0,222.71188354492188,0.0
1764793520.5615363,"[0.20153839253205538, 0.47510120111724397, 0.600143278170004, 0.2697890126907402, 0.10699039730342962, 0.3970150289470318, 0.9876431541352143, 0.45919328829082884, 0.7208051479335827, 0.563306802606043, 0.2762045266791014, 0.20326181547139582, 0.36511801369407365, 0.9453930237688084, 0.6789364229644126]",18.524666358203422,0.7516176215032252,422.88540106052307,6,"nsga-2382244-[0.510462, 3.16285, 0.630043, 0.380937, 0.332097, 0.398508, 4.95675, 0.237758, 3.30201, 1.26614, 0.25, 1.90652, 2.23024, 2, -1.60532]",0,422.88540106052307,300.0,18.524666358203422,0.8753243597542367,300.96604188128214,14.713086393402843,0.7516176215032252,393.63985141661107,11.644887254296279,0.8377801979460368,422.88540106052307,0.0,0.0,0.0,0.0,0.0,0.0,0.0,0.0,0.0,0.0,288.62896728515625,0.0
1764793520.562655,"[0.9646821650875068, 0.6082262160077927, 0.4415024482124566, 0.3390234949167359, 0.2834129826765781, 0.0038596978287614714, 0.3076899642848935, 0.45915553838182027, 0.2493055354156003, 0.48034659237980487, 0.922113379170193, 0.8874001270022187, 0.7874526429249298, 0.956534671652821, 0.7209244697431333]",17.318909886988198,0.6670592738360893,398.76479990889385,6,"nsga-2382244-[0.739405, 3.62879, 0.582451, 0.401707, 0.385024, 0.20193, 2.57691, 0.237747, 2.12326, -0.393068, 0.25, 3.2748, 3.07491, 2, -1.39538]",0,398.76479990889385,300.0,17.318909886988198,0.9232307832415511,300.21711991472944,11.784075243880109,0.6670592738360893,390.5076190855445,10.817955547425806,0.676889015407097,398.76479990889385,0.0,0.0,0.0,0.0,0.0,0.0,0.0,0.0,0.0,0.0,371.52972412109375,0.0
1764793520.56378,"[0.5388053963270336, 0.47512311526642215, 0.4320940081588222, 0.34430009075866097, 0.3416887770471162, 0.41485131162889627, 0.32599022905450975, 0.529048784465995, 0.25630452382731217, 0.557055339798328, 0.9217284845694984, 0.8881615979155619, 0.3409008615646165, 0.45943370425091895, 0.7386753636203273]",17.354593174632004,0.7529535677374863,468.2626030154345,6,"nsga-2382244-[0.611642, 3.16293, 0.579628, 0.40329, 0.402507, 0.407426, 2.64097, 0.258715, 2.14076, 1.14111, 0.25, 3.27632, 2.1818, 2, -1.30662]",0,468.2626030154345,300.0,17.354593174632004,0.9380660426325914,300.1938132495415,12.441571882294445,0.7529535677374863,436.2907016661109,11.70693188644037,0.7663669414636566,468.2626030154345,0.0,0.0,0.0,0.0,0.0,0.0,0.0,0.0,0.0,0.0,384.91802978515625,0.0
1764793520.5648963,"[0.577212118208076, 0.3036855488357523, 0.6230545644747603, 0.27350067201862105, 0.3447491285601174, 0.408046499885163, 0.2700549533537888, 0.8141164651560622, 0.7290669658376898, 0.5578487777206547, 0.4777663970426927, 0.8661786177836527, 0.341651964374821, 0.9428701357807374, 0.41912415165641437]",17.37079743175972,0.7919503505637006,472.0409281660871,6,"nsga-2382244-[0.623164, 2.5629, 0.636916, 0.38205, 0.403425, 0.404023, 2.44519, 0.344235, 3.32267, 1.15698, 0.25, 3.23236, 2.1833, 2, -2.90438]",0,472.0409281660871,300.0,17.37079743175972,0.9321407140755071,319.0460234107041,11.894900149833866,0.7919503505637006,468.7966974025819,11.159521107557342,0.8056460267159997,472.0409281660871,0.0,0.0,0.0,0.0,0.0,0.0,0.0,0.0,0.0,0.0,418.7064208984375,0.0
1764793520.5660028,"[0.1992425398513172, 0.4758977428481196, 0.619313388329757, 0.27166884897413823, 0.10505856233003226, 0.4058522196249083, 0.9820743083955279, 0.45919328829082884, 0.7276206089671629, 0.5585989386872695, 0.30270893511165403, 0.20937754261916042, 0.34282530837038916, 0.9428553305523669, 0.9127782292519688]",18.754280313631384,0.7452021686042227,442.3592816608708,6,"nsga-2382244-[0.509773, 3.16564, 0.635794, 0.381501, 0.331518, 0.402926, 4.93726, 0.237758, 3.31905, 1.17198, 0.25, 1.91876, 2.18565, 2, -0.436109]",0,442.3592816608708,300.0,18.754280313631384,0.8733134889021152,300.0051566519388,13.631215146692787,0.7452021686042227,433.6769992735328,13.2917066062369,0.7499235804488019,442.3592816608708,0.0,0.0,0.0,0.0,0.0,0.0,0.0,0.0,0.0,0.0,303.4416198730469,0.0
1764793520.5671034,"[0.5389471904629319, 0.4775418523484364, 0.4321181810917587, 0.3384408328494674, 0.3422184370458746, 0.41485131162889627, 0.32599022905450975, 0.5346515900860782, 0.24839775748044515, 0.557055339798328, 0.9217284845694984, 0.8881615979155619, 0.3417288957238066, 0.945427771545006, 0.7386753636203273]",17.023908833759588,0.758940508888989,469.6839004888767,6,"nsga-2382244-[0.611684, 3.1714, 0.579635, 0.401532, 0.402666, 0.407426, 2.64097, 0.260395, 2.12099, 1.14111, 0.25, 3.27632, 2.18346, 2, -1.30662]",0,469.6839004888767,300.0,17.023908833759588,0.931457088342527,300.51377481600133,13.34243020778749,0.758940508888989,445.15811335866044,11.327549441267804,0.7820123640502371,469.6839004888767,0.0,0.0,0.0,0.0,0.0,0.0,0.0,0.0,0.0,0.0,389.1817932128906,0.0
1764793520.56825,"[0.5772897340235079, 0.6066253733794257, 0.43916938635254754, 0.3442370905791567, 0.11228569913257397, 0.0021313660373022455, 0.26900329094288616, 0.4577362883572171, 0.6573248204253607, 0.48127191304542793, 0.3029413746928874, 0.4867926912021303, 0.4429128180463183, 0.469533021352094, 0.6921751823535943]",17.799811767950292,0.6740466847652342,411.0213614859232,6,"nsga-2382244-[0.623187, 3.62319, 0.581751, 0.403271, 0.333686, 0.201066, 2.44151, 0.237321, 3.14331, -0.374562, 0.25, 2.47359, 2.38583, 2, -1.53912]",0,411.0213614859232,300.0,17.799811767950292,0.8348978859622304,300.1421455941549,13.229294530356803,0.6740466847652342,392.11686955893913,12.495509780325541,0.680959517490573,411.0213614859232,0.0,0.0,0.0,0.0,0.0,0.0,0.0,0.0,0.0,0.0,294.23712158203125,0.0
1764793520.569363,"[0.5772098402962168, 0.47428507786808854, 0.6194957846305702, 0.27393994479977946, 0.3416246895330791, 0.40804474980613736, 0.2748795093427031, 0.45919328829082884, 0.7290581349708171, 0.5578507013382197, 0.4747110140706517, 0.2220587388101859, 0.3416361664450173, 0.9453593478309039, 0.9348365776578051]",18.07893201781482,0.7675884598638953,445.00423226705414,6,"nsga-2382244-[0.623163, 3.16, 0.635849, 0.382182, 0.402487, 0.404022, 2.46208, 0.237758, 3.32265, 1.15701, 0.25, 1.94412, 2.18327, 2, -0.325817]",0,445.00423226705414,300.0,18.07893201781482,0.9339782226376417,304.2058725682701,12.52896018144561,0.7675884598638953,426.99622713414635,11.409200854417755,0.7838076754314144,445.00423226705414,0.0,0.0,0.0,0.0,0.0,0.0,0.0,0.0,0.0,0.0,313.7333984375,0.0
1764793520.5706902,"[0.5753186507881173, 0.3045235862340859, 0.6228721681739471, 0.33708875406891203, 0.10818300134696764, 0.40585396970393395, 0.2700549533537888, 0.8141164651560622, 0.7276294398340355, 0.5585970150697044, 0.3071517795193958, 0.8534972953893147, 0.34290615096139826, 0.942919613730052, 0.3971493410008786]",16.107043266296387,0.8114161596065614,453.0573004001524,6,"nsga-2382244-[0.622596, 2.56583, 0.636862, 0.401127, 0.332455, 0.402927, 2.44519, 0.344235, 3.31907, 1.17194, 0.25, 3.20699, 2.18581, 2, -3.01425]",0,453.0573004001524,300.0,16.107043266296387,0.9466512101452526,331.74926247945643,12.206575565803341,0.8114161596065614,409.9333804246856,10.093093713899938,0.8741057762285558,453.0573004001524,0.0,0.0,0.0,0.0,0.0,0.0,0.0,0.0,0.0,0.0,313.01544189453125,0.0
1764793520.5718143,"[0.5779216050414634, 0.47509086105019194, 0.6121222513536395, 0.337561121839952, 0.3401925704440877, 0.39297945709728754, 0.9924181646316321, 0.45919328829082884, 0.7290581349708171, 0.5603717268875124, 0.4774185824548075, 0.49525630071266963, 0.370080090021724, 0.9428597927098207, 0.40387346415027303]",18.244427513494724,0.7192251856734113,428.7731772446051,6,"nsga-2382244-[0.623376, 3.16282, 0.633637, 0.401268, 0.402058, 0.39649, 4.97346, 0.237758, 3.32265, 1.20743, 0.25, 2.49051, 2.24016, 2, -2.98063]",0,428.7731772446051,300.0,18.244427513494724,0.9055046418818032,308.74167413478943,12.666749628578744,0.7192251856734113,422.4704304020579,11.580086749937475,0.73178950548172,428.7731772446051,0.0,0.0,0.0,0.0,0.0,0.0,0.0,0.0,0.0,0.0,363.3155212402344,0.0
1764793520.5729365,"[0.5740450802513778, 0.6090441104614399, 0.4466656480815272, 0.3383884560680339, 0.11532345848380907, 0.019897924785053922, 0.27578738967585903, 0.5306167127728612, 0.6490899460066045, 0.47984657806742453, 0.3029413746928874, 0.20282001484642026, 0.8053422496784204, 0.48202327348006035, 0.6832430594189415]",17.345994288746905,0.7175030164602326,390.26895753813955,6,"nsga-2382244-[0.622214, 3.63165, 0.584, 0.401517, 0.334597, 0.209949, 2.46526, 0.259185, 3.12272, -0.403068, 0.25, 1.90564, 3.11068, 2, -1.58378]",0,390.26895753813955,300.0,17.345994288746905,0.8514430740984474,300.147857424108,13.012025591222251,0.7175030164602326,389.1650973436309,13.2127186007616,0.7184587286739814,390.26895753813955,0.0,0.0,0.0,0.0,0.0,0.0,0.0,0.0,0.0,0.0,267.95770263671875,0.0
1764793520.5740478,"[0.20486999302605505, 0.25300377005831604, 0.6160237792555442, 0.2713378558349317, 0.5438693981490853, 0.500592307445102, 0.27751181586514767, 0.9434607263014778, 0.664128175310642, 0.5586437329252195, 0.4764340051371202, 0.8756858329363002, 0.441870352730263, 0.9689002190560553, 0.6745298905449715]",16.190921443846168,0.8696245780805262,466.32689387623856,6,"nsga-2382244-[0.511461, 2.38551, 0.634807, 0.381401, 0.463161, 0.450296, 2.47129, 0.383038, 3.16032, 1.17287, 0.25, 3.25137, 2.38374, 2, -1.62735]",0,466.32689387623856,300.0,16.190921443846168,0.9442336530220218,300.4213735813048,13.449060984355647,0.8696245780805262,428.47054893679734,12.154132726715833,0.8871836566343541,466.32689387623856,0.0,0.0,0.0,0.0,0.0,0.0,0.0,0.0,0.0,0.0,322.0689697265625,0.0
1764793520.575166,"[0.45620885027985125, 0.2584807762276167, 0.9924584642582119, 0.27273989322562836, 0.10453933716190628, 0.013570521810833513, 0.9844235526808763, 0.5286064190439383, 0.7274784174507636, 0.48127191304542793, 0.4750609980862661, 0.19373140132620287, 0.34146792772188306, 0.4417454147117079, 0.953904736728574]",17.277906320153214,0.7151264400016971,402.22279878941976,6,"nsga-2382244-[0.586863, 2.40468, 0.747738, 0.381822, 0.331362, 0.206785, 4.94548, 0.258582, 3.3187, -0.374562, 0.25, 1.88746, 2.18294, 2, -0.230476]",0,402.22279878941976,300.0,17.277906320153214,0.8575451260659753,300.16713521073507,13.288574204793791,0.7151264400016971,396.67563297923016,12.428337836847072,0.7230783805614565,402.22279878941976,0.0,0.0,0.0,0.0,0.0,0.0,0.0,0.0,0.0,0.0,253.6988525390625,0.0
1764793971.1244512,"[0.20182789596796125, 0.6073413491298577, 0.6226024479791654, 0.27267935191672954, 0.3416246895330791, 0.40804474980613736, 0.9475726372415127, 0.45919328829082884, 0.7390730836930385, 0.5582526463597574, 0.5114840723635883, 0.4870928596058586, 0.4426758052985329, 0.9428742763171544, 0.384524620810988]",19.47886052015351,0.7507425974055034,419.79904409269005,7,"nsga-2382244-[0.510548, 3.62569, 0.636781, 0.381804, 0.402487, 0.404022, 4.8165, 0.237758, 3.34768, 1.16505, 0.25, 2.47419, 2.38535, 2, -3.07738]",0,419.79904409269005,300.0,19.47886052015351,0.8702297184525467,300.2275894165039,14.473048359010278,0.7507425974055034,406.63948885289636,12.61692036884587,0.806003382729321,419.79904409269005,0.0,0.0,0.0,0.0,0.0,0.0,0.0,0.0,0.0,0.0,300.91754150390625,0.0
1764793971.1304488,"[0.9646821650875068, 0.4732232729823357, 0.4415024482124566, 0.3380129919741446, 0.2834129826765781, 0.0038596978287614714, 0.3098258709213752, 0.45915553838182027, 0.2493055354156003, 0.4813079315287162, 0.922113379170193, 0.8861171092577371, 0.7874526429249298, 0.956534671652821, 0.7324856218518341]",16.91131679255788,0.6738531493559117,380.14955946759477,7,"nsga-2382244-[0.739405, 3.15628, 0.582451, 0.401404, 0.385024, 0.20193, 2.58439, 0.237747, 2.12326, -0.373841, 0.25, 3.27223, 3.07491, 2, -1.33757]",0,380.14955946759477,300.0,16.91131679255788,0.950787501800351,300.3026737864424,11.521789941555117,0.6738531493559117,376.9928396457579,11.881829512991557,0.6772187986024996,380.14955946759477,0.0,0.0,0.0,0.0,0.0,0.0,0.0,0.0,0.0,0.0,359.5398864746094,0.0
1764793971.1317685,"[0.36647229165807804, 0.16498157120906787, 0.9582168278895798, 0.3363107422555408, 0.3421423721081659, 0.19631129766966618, 0.03329322151842881, 0.9455865143190201, 0.6418834913143247, 0.8163706600865949, 0.7616703330713481, 0.6289505397068846, 0.3416180842123247, 0.937794773804534, 0.2497333469651429]",16.827019096002346,0.8301021584650365,481.45362370188644,7,"nsga-2382244-[0.559942, 2.07744, 0.737465, 0.400893, 0.402643, 0.298156, 1.61653, 0.383676, 3.10471, 6.32741, 0.25, 2.7579, 2.18324, 2, -3.75133]",0,481.45362370188644,300.0,16.827019096002346,0.9400692518164472,324.68140202964224,12.902065788827292,0.8301021584650365,459.3640513350324,10.734509956545946,0.8867404548133292,481.45362370188644,0.0,0.0,0.0,0.0,0.0,0.0,0.0,0.0,0.0,0.0,340.3631591796875,0.0
1764793971.1329675,"[0.5772098402962168, 0.4754274618110048, 0.6175612173181827, 0.27541256935674807, 0.3416246895330791, 0.4054148264360302, 0.2753509034141792, 0.45919328829082884, 0.7290581349708171, 0.5578507013382197, 0.4747110140706517, 0.2220587388101859, 0.34350103804726334, 0.2070634536276305, 0.9348365776578051]",17.961021953675804,0.7613577613016455,454.45358388016865,7,"nsga-2382244-[0.623163, 3.164, 0.635268, 0.382624, 0.402487, 0.402707, 2.46373, 0.237758, 3.32265, 1.15701, 0.25, 1.94412, 2.187, 2, -0.325817]",0,454.45358388016865,300.0,17.961021953675804,0.9384479016792483,302.8454045737662,12.567960129714594,0.7613577613016455,451.18311462402346,12.53220242756169,0.7623683609613559,454.45358388016865,0.0,0.0,0.0,0.0,0.0,0.0,0.0,0.0,0.0,0.0,314.4283447265625,0.0
1764793971.1346471,"[0.3669874792063742, 0.18344317188143278, 0.9562862302595188, 0.33668256439723204, 0.3419780118741398, 0.19345227906188864, 0.033763452272115316, 0.9455865143190201, 0.6418834913143247, 0.8253202637491556, 0.7616703330713481, 0.6289505397068846, 0.3481772192277132, 0.9659576727600077, 0.8752926986669587]",16.310324240893852,0.8027659884313257,489.873708883146,7,"nsga-2382244-[0.560096, 2.14205, 0.736886, 0.401005, 0.402593, 0.296726, 1.61817, 0.383676, 3.10471, 6.50641, 0.25, 2.7579, 2.19635, 2, -0.623537]",0,489.873708883146,300.0,16.310324240893852,0.9484292504264087,300.23712850431116,12.575932344576207,0.8027659884313257,447.1775837223704,10.639006154130145,0.8602340503436763,489.873708883146,0.0,0.0,0.0,0.0,0.0,0.0,0.0,0.0,0.0,0.0,352.2831115722656,0.0
1764793971.1365201,"[0.3664585142514887, 0.16612395515144618, 0.9562862302595188, 0.3377833668125094, 0.3421423721081659, 0.40860004329344707, 0.033763452272115316, 0.9455865143190201, 0.6418834913143247, 0.8163706600865949, 0.7616703330713481, 0.6289505397068846, 0.4392585488316277, 0.1995841626088708, 0.2606438845269547]",16.55394797906643,0.8453110405584661,487.68377305937975,7,"nsga-2382244-[0.559938, 2.08143, 0.736886, 0.401335, 0.402643, 0.4043, 1.61817, 0.383676, 3.10471, 6.32741, 0.25, 2.7579, 2.37852, 2, -3.69678]",0,487.68377305937975,300.0,16.55394797906643,0.9390098217057019,343.1974934647723,15.691482529989104,0.8453110405584661,300.4473865090347,10.157909486351944,0.9895038186050042,487.68377305937975,0.0,0.0,0.0,0.0,0.0,0.0,0.0,0.0,0.0,0.0,340.834716796875,0.0
1764793971.1376934,"[0.20088016348973264, 0.3021226039341325, 0.6010186815351491, 0.27274332338783963, 0.12586508282048353, 0.2270840827734386, 0.270218870429911, 0.47082265701337966, 0.7273607076044245, 0.5618718844167533, 0.27707386899407455, 0.20540059082616768, 0.3648103134370404, 0.9427820152050354, 0.29201966788975764]",17.315931538837713,0.8001176019994224,442.08186373826936,7,"nsga-2382244-[0.510264, 2.55743, 0.630306, 0.381823, 0.33776, 0.313542, 2.44577, 0.241247, 3.3184, 1.23744, 0.25, 1.9108, 2.22962, 2, -3.5399]",0,442.08186373826936,300.0,17.315931538837713,0.8935733510226738,303.48283155487803,13.706497187730744,0.8001176019994224,398.109036664265,12.260496688470608,0.833631697515162,442.08186373826936,0.0,0.0,0.0,0.0,0.0,0.0,0.0,0.0,0.0,0.0,283.849853515625,0.0
1764793971.1388457,"[0.5760377586294446, 0.4761670880085418, 0.6229094817089381, 0.2722601636718109, 0.34294790228292815, 0.1839180132464337, 0.9879446912315011, 0.8141164651560622, 0.7275164638393713, 0.5585914696582018, 0.47556508826999516, 0.863940088276003, 0.341651964374821, 0.175551759287561, 0.4034022440806827]",17.403220060395032,0.6932647815564784,453.79663000339417,7,"nsga-2382244-[0.622811, 3.16658, 0.636873, 0.381678, 0.402884, 0.291959, 4.95781, 0.344235, 3.31879, 1.17183, 0.25, 3.22788, 2.1833, 2, -2.98299]",0,453.79663000339417,300.0,17.403220060395032,0.8795498856684056,300.457253544505,12.653782365380264,0.6932647815564784,434.2534069154321,12.203326820745701,0.694107643569388,453.79663000339417,0.0,0.0,0.0,0.0,0.0,0.0,0.0,0.0,0.0,0.0,393.44085693359375,0.0
1764793971.139981,"[0.577212118208076, 0.30146671698626926, 0.6207256698638381, 0.34276687302370046, 0.3416153424152662, 0.41466385748699, 0.48428696033943713, 0.4608238927541569, 0.7479402034870501, 0.558628193565763, 0.48153811354328535, 0.8664744993574194, 0.3417265495988377, 0.9455721658863194, 0.7392450055476797]",17.311164711742865,0.7124539628261473,421.6113599079411,7,"nsga-2382244-[0.623164, 2.55513, 0.636218, 0.40283, 0.402485, 0.407332, 3.195, 0.238247, 3.36985, 1.17256, 0.25, 3.23295, 2.18345, 2, -1.30377]",0,421.6113599079411,300.0,17.311164711742865,0.9197272635087734,300.3574850501084,12.317511167758848,0.7124539628261473,416.7303861292397,12.000029368516875,0.7126314456869917,421.6113599079411,0.0,0.0,0.0,0.0,0.0,0.0,0.0,0.0,0.0,0.0,378.4616394042969,0.0
1764793971.1411414,"[0.5388053963270336, 0.47734194711590516, 0.4372749041627489, 0.4556537949248568, 0.34062214390060447, 0.4082322039480436, 0.3141673066304372, 0.9377585035625868, 0.23613088526148845, 0.5570260849198344, 0.9217284845694984, 0.8881615979155619, 0.3414022007575546, 0.945427771545006, 0.9275206539210622]",16.660466980352634,0.8185753604260887,503.8559430378239,7,"nsga-2382244-[0.611642, 3.1707, 0.581182, 0.436696, 0.402187, 0.404116, 2.59959, 0.381328, 2.09033, 1.14052, 0.25, 3.27632, 2.1828, 2, -0.362397]",0,503.8559430378239,300.0,16.660466980352634,0.9884270327847179,301.17315242116047,12.359165647553235,0.8185753604260887,477.1430937976372,11.03519174994492,0.8524112212948682,503.8559430378239,0.0,0.0,0.0,0.0,0.0,0.0,0.0,0.0,0.0,0.0,351.0177001953125,0.0
1764793971.1422698,"[0.1992425398513172, 0.47592084404420976, 0.619313388329757, 0.27151872118864584, 0.10619120867630866, 0.4058522196249083, 0.9820743083955279, 0.45919328829082884, 0.7276206089671629, 0.5590359194388689, 0.47624135714838056, 0.20937754261916042, 0.34253146797008993, 0.9428553305523669, 0.9164222833847899]",18.606567741021877,0.7426688688557322,432.1329963497999,7,"nsga-2382244-[0.509773, 3.16572, 0.635794, 0.381456, 0.331857, 0.402926, 4.93726, 0.237758, 3.31905, 1.18072, 0.25, 1.91876, 2.18506, 2, -0.417889]",0,432.1329963497999,300.0,18.606567741021877,0.8691577254272089,300.36664897639577,14.544310676760789,0.7426688688557322,410.8470193258146,13.129021732981611,0.7559026497166331,432.1329963497999,0.0,0.0,0.0,0.0,0.0,0.0,0.0,0.0,0.0,0.0,300.53643798828125,0.0
1764793971.1434095,"[0.25307806326066673, 0.47506850650735477, 0.6194584710955792, 0.27636471589390277, 0.5439354682007801, 0.3989834140904136, 0.9875999668240125, 0.45919328829082884, 0.7290581349708171, 0.5585869488244731, 0.3044761218512333, 0.20937754261916042, 0.33219566355697294, 0.9454129663166355, 0.39467274730097185]",18.09828223251715,0.7903739998980266,403.00331234815644,7,"nsga-2382244-[0.525923, 3.16274, 0.635838, 0.382909, 0.463181, 0.399492, 4.9566, 0.237758, 3.32265, 1.17174, 0.25, 1.91876, 2.16439, 2, -3.02664]",0,403.00331234815644,300.0,18.09828223251715,0.9112061919235601,300.1542365283501,13.801782863896067,0.7903739998980266,397.86486053466797,13.513594055175782,0.7948586420315068,403.00331234815644,0.0,0.0,0.0,0.0,0.0,0.0,0.0,0.0,0.0,0.0,253.07408142089844,0.0
1764793971.1445215,"[0.5774326542137783, 0.6066754718334135, 0.43763398510290263, 0.3442370905791567, 0.11255038663154417, 0.0021313660373022455, 0.2700316822980903, 0.44938271337032254, 0.6573248204253607, 0.48127191304542793, 0.3029413746928874, 0.4867926912021303, 0.4429128180463183, 0.469533021352094, 0.6921751823535943]",17.609132496903584,0.673839958121137,411.4330964623428,7,"nsga-2382244-[0.62323, 3.62336, 0.58129, 0.403271, 0.333765, 0.201066, 2.44511, 0.234815, 3.14331, -0.374562, 0.25, 2.47359, 2.38583, 2, -1.53912]",0,411.4330964623428,300.0,17.609132496903584,0.8178185084970986,300.7903289050591,13.070034036403749,0.673839958121137,398.63220877298494,12.245099081644197,0.6835539945741979,411.4330964623428,0.0,0.0,0.0,0.0,0.0,0.0,0.0,0.0,0.0,0.0,294.6507568359375,0.0
1764793971.1456547,"[0.5772886079691358, 0.6089940120074522, 0.4391573736674774, 0.33837783266996313, 0.10580157641921022, 0.002100203535103984, 0.26898795437482353, 0.5394751004145524, 0.6494180540783833, 0.48127191304542793, 0.3029413746928874, 0.4867926912021303, 0.4429128180463183, 0.4705848053802866, 0.6921751823535943]",17.746790002032025,0.6862641988731012,424.0788928148223,7,"nsga-2382244-[0.623187, 3.63148, 0.581747, 0.401513, 0.33174, 0.20105, 2.44146, 0.261843, 3.12355, -0.374562, 0.25, 2.47359, 2.38583, 2, -1.53912]",0,424.0788928148223,300.0,17.746790002032025,0.8545027491522998,301.5139983014363,13.482976713413146,0.6862641988731012,411.77748253054733,11.437215502669172,0.7263298148062171,424.0788928148223,0.0,0.0,0.0,0.0,0.0,0.0,0.0,0.0,0.0,0.0,295.7196044921875,0.0
1764793971.146792,"[0.5779643727709258, 0.6090441104614399, 0.43934777244777645, 0.3373323442493314, 0.11389133939397603, 0.0021313660373022455, 0.27578738967585903, 0.5306167127728612, 0.6490899460066045, 0.4816193662676675, 0.3015432969997952, 0.4886987729399215, 0.8437149911799414, 0.48202327348006035, 0.683117390299023]",18.250412629290324,0.6926565039448622,409.27098552424735,7,"nsga-2382244-[0.623389, 3.63165, 0.581804, 0.4012, 0.334167, 0.201066, 2.46526, 0.259185, 3.12272, -0.367613, 0.25, 2.4774, 3.18743, 2, -1.58441]",0,409.27098552424735,300.0,18.250412629290324,0.8758772128965796,300.10839800020545,13.508516041825457,0.6926565039448622,389.4689066444955,11.651214525176258,0.7299395473991952,409.27098552424735,0.0,0.0,0.0,0.0,0.0,0.0,0.0,0.0,0.0,0.0,320.9314880371094,0.0
1764793971.1479506,"[0.577431438315072, 0.47175610864146267, 0.4376036283096436, 0.3383539377489931, 0.33950795210851403, 0.4176680940044235, 0.28109946019867904, 0.5313213990790253, 0.7295384766971962, 0.4813168605381325, 0.4777204862237906, 0.4870885725694244, 0.433598558290475, 0.9383141189300005, 0.6923008514735128]",17.89568664271657,0.7678436552605978,443.90195290170067,7,"nsga-2382244-[0.623229, 3.15115, 0.581281, 0.401506, 0.401852, 0.408834, 2.48385, 0.259396, 3.32385, -0.373663, 0.25, 2.47418, 2.3672, 2, -1.5385]",0,443.90195290170067,300.0,17.89568664271657,0.9361088368950821,301.96348571777344,12.645898591018305,0.7678436552605978,431.07493680628335,11.019863845080865,0.7980111782143756,443.90195290170067,0.0,0.0,0.0,0.0,0.0,0.0,0.0,0.0,0.0,0.0,360.7816467285156,0.0
1764793971.1493602,"[0.573842781947015, 0.399404065591288, 0.878004347864278, 0.11238326406565083, 0.27971984703642944, 0.003968322824795305, 0.2709799362391342, 0.45891875030613316, 0.6494180540783833, 0.48127576211567874, 0.2831518357580359, 0.8944773633713, 0.4429128180463183, 0.46949579265962615, 0.6921751823535943]",17.22350284297292,0.6583014700470902,393.6049015882539,7,"nsga-2382244-[0.622153, 2.89791, 0.713401, 0.333715, 0.383916, 0.201984, 2.44843, 0.237676, 3.12355, -0.374485, 0.25, 3.28895, 2.38583, 2, -1.53912]",0,393.6049015882539,300.0,17.22350284297292,0.8269514205979138,300.07044958719393,12.942178912279083,0.6583014700470902,389.1024385033584,12.36429926709431,0.6594074403367391,393.6049015882539,0.0,0.0,0.0,0.0,0.0,0.0,0.0,0.0,0.0,0.0,309.15057373046875,0.0
1764793971.1504927,"[0.9682263388880681, 0.6082262160077927, 0.4415024482124566, 0.3390234949167359, 0.1092312059735387, 0.001991578539070151, 0.3076899642848935, 0.42148172674495665, 0.2493055354156003, 0.48034659237980487, 0.9423839366357623, 0.479715438749587, 0.7874526429249298, 0.956534671652821, 0.7209244697431333]",16.90864993769948,0.6967805440832929,403.8781638540873,7,"nsga-2382244-[0.740468, 3.62879, 0.582451, 0.401707, 0.332769, 0.200996, 2.57691, 0.226445, 2.12326, -0.393068, 0.25, 2.45943, 3.07491, 2, -1.39538]",0,403.8781638540873,300.0,16.90864993769948,0.9103707976457549,301.60303560582605,12.15771910504597,0.6967805440832929,396.34013106183306,12.31660723337313,0.697714679415633,403.8781638540873,0.0,0.0,0.0,0.0,0.0,0.0,0.0,0.0,0.0,0.0,353.2838439941406,0.0
1764793971.1516166,"[0.5804752029005185, 0.1835939556331961, 0.6229094817089381, 0.33780067276579495, 0.3421554679543933, 0.19164179777457402, 0.03478292256948576, 0.8157121076415005, 0.7274758216409769, 0.5585989386872695, 0.48103489005566635, 0.8664744993574194, 0.341651964374821, 0.1737404239637418, 0.2916076571134519]",16.639467057949158,0.7915515661239624,453.02475571050877,7,"nsga-2382244-[0.624143, 2.14258, 0.636873, 0.40134, 0.402647, 0.295821, 1.62174, 0.344714, 3.31869, 1.17198, 0.25, 3.23295, 2.1833, 2, -3.54196]",0,453.02475571050877,300.0,16.639467057949158,0.9533535931168533,325.0006145198171,11.734056230870689,0.7915515661239624,428.96947482969705,10.225566091770078,0.8342250794899173,453.02475571050877,0.0,0.0,0.0,0.0,0.0,0.0,0.0,0.0,0.0,0.0,395.67083740234375,0.0
1764793971.1527352,"[0.36203484738700425, 0.3044556001673178, 0.9562862302595188, 0.2722428577185254, 0.34162008624101686, 0.18400399420349767, 0.2762848217420102, 0.9439908718257264, 0.641924133512719, 0.8163706600865949, 0.75706987360065, 0.6289505397068846, 0.3434829558145707, 0.20139549793269, 0.2497333469651429]",15.464387037695907,0.790190635657892,462.4004215147437,7,"nsga-2382244-[0.55861, 2.56559, 0.736886, 0.381673, 0.402486, 0.292002, 2.467, 0.383197, 3.10481, 6.32741, 0.25, 2.7579, 2.18697, 2, -3.75133]",0,462.4004215147437,300.0,15.464387037695907,0.8837621037552996,300.03643430384193,13.055739830761421,0.790190635657892,413.34929623487517,10.899747253045803,0.8529344846562641,462.4004215147437,0.0,0.0,0.0,0.0,0.0,0.0,0.0,0.0,0.0,0.0,310.375,0.0
1764793971.1538553,"[0.36830537537025854, 0.6082262160077927, 0.4361851323504335, 0.3390234949167359, 0.2844889629409027, 0.0038596978287614714, 0.03087096822496288, 0.5290110345569865, 0.2493055354156003, 0.4739530945146817, 0.922113379170193, 0.884552478192969, 0.7622933984906028, 0.47058843061580147, 0.7421206402085726]",18.548365765083126,0.7217874936941193,425.8132654701791,7,"nsga-2382244-[0.560492, 3.62879, 0.580856, 0.401707, 0.385347, 0.20193, 1.60805, 0.258703, 2.12326, -0.520938, 0.25, 3.2691, 3.02459, 2, -1.2894]",0,425.8132654701791,300.0,18.548365765083126,0.8771420909137261,300.08218670356564,14.406452202215426,0.7217874936941193,400.8898243973895,13.30406751865294,0.7261750860912044,425.8132654701791,0.0,0.0,0.0,0.0,0.0,0.0,0.0,0.0,0.0,0.0,323.3641662597656,0.0
1764793971.15498,"[0.9626972203901505, 0.18436400696476163, 0.9616472859227317, 0.3377833668125094, 0.3421423721081659, 0.19172777873163796, 0.31058933392690835, 0.9455865143190201, 0.6418834913143247, 0.822764157949999, 0.7616703330713481, 0.6317981885086787, 0.36781416609101647, 0.1995841626088708, 0.2431428592469148]",15.192842311393925,0.8075599478512275,423.6490466978492,7,"nsga-2382244-[0.738809, 2.14527, 0.738494, 0.401335, 0.402643, 0.295864, 2.58706, 0.383676, 3.10471, 6.45528, 0.25, 2.7636, 2.23563, 2, -3.78429]",0,423.6490466978492,300.0,15.192842311393925,0.9650767332170068,335.55651509354755,10.53844729632866,0.8075599478512275,409.6706132097942,10.877812953111603,0.8133741215961735,423.6490466978492,0.0,0.0,0.0,0.0,0.0,0.0,0.0,0.0,0.0,0.0,369.47406005859375,0.0
1764793971.1561122,"[0.20153839253205538, 0.4758977428481196, 0.6000314618729357, 0.27166884897413823, 0.10575777081011162, 0.2309674123105234, 0.983830041119398, 0.45919328829082884, 0.7208051479335827, 0.4533163253481996, 0.2762045266791014, 0.20286632630597015, 0.43755420348974966, 0.9427825344811701, 0.6789364229644126]",18.5529338511025,0.7370850315908106,416.1756431765673,7,"nsga-2382244-[0.510462, 3.16564, 0.630009, 0.381501, 0.331727, 0.315484, 4.94341, 0.237758, 3.30201, -0.933673, 0.25, 1.90573, 2.37511, 2, -1.60532]",0,416.1756431765673,300.0,18.5529338511025,0.8486534127374975,300.8864280328518,14.60590648651123,0.7370850315908106,401.76486939220894,13.32373414388517,0.7554254206215463,416.1756431765673,0.0,0.0,0.0,0.0,0.0,0.0,0.0,0.0,0.0,0.0,268.8704833984375,0.0
1764793971.1572382,"[0.20154559073385148, 0.6094721523887406, 0.618812003891771, 0.27149044018108076, 0.10701684134428441, 0.23773040442211743, 0.257238261184627, 0.5311068123865303, 0.6661215666384558, 0.5628868328683261, 0.48311749001836835, 0.2028674487843451, 0.36551781902744057, 0.9534153199364851, 0.6816629875526821]",17.883033882699362,0.7912813055806044,417.9475863573028,7,"nsga-2382244-[0.510464, 3.63315, 0.635644, 0.381447, 0.332105, 0.318865, 2.40033, 0.259332, 3.1653, 1.25774, 0.25, 1.90573, 2.23104, 2, -1.59169]",0,417.9475863573028,300.0,17.883033882699362,0.8754158915542974,300.3050408340082,14.671291011717262,0.7912813055806044,403.193793431724,13.096768467600752,0.8185611216033377,417.9475863573028,0.0,0.0,0.0,0.0,0.0,0.0,0.0,0.0,0.0,0.0,268.6634826660156,0.0
1764793971.1585855,"[0.20154559073385148, 0.2537351269276088, 0.6042484421544173, 0.2713368125866652, 0.10453933716190628, 0.002100203535103984, 0.02690655504978451, 0.5311215254276578, 0.6426816659987643, 0.48127191304542793, 0.475060572638418, 0.2113829342663537, 0.44397155800599014, 0.47714786181327895, 0.6824779299662003]",17.611608998368425,0.7600312500465207,424.278122469274,7,"nsga-2382244-[0.510464, 2.38807, 0.631275, 0.381401, 0.331362, 0.20105, 1.59417, 0.259336, 3.1067, -0.374562, 0.25, 1.92277, 2.38794, 2, -1.58761]",0,424.278122469274,300.0,17.611608998368425,0.8638319977899876,318.4333602533108,13.756085740066156,0.7600312500465207,408.6507291468178,11.84099747727557,0.8068525328868773,424.278122469274,0.0,0.0,0.0,0.0,0.0,0.0,0.0,0.0,0.0,0.0,281.8807067871094,0.0
1764793971.1597373,"[0.36697370179978483, 0.18272625389407002, 0.9721326618225069, 0.33668256439723204, 0.3419780118741398, 0.4083709480557767, 0.9874530510075035, 0.9455865143190201, 0.6632919542375947, 0.8253202637491556, 0.7616703330713481, 0.6205108975121009, 0.441667570316105, 0.9567786141464341, 0.8853886734246315]",16.351842308044432,0.7960318626427069,479.21168860458744,7,"nsga-2382244-[0.560092, 2.13954, 0.74164, 0.401005, 0.402593, 0.404185, 4.95609, 0.383676, 3.15823, 6.50641, 0.25, 2.74102, 2.38334, 2, -0.573057]",0,479.21168860458744,300.0,16.351842308044432,0.9461401189245828,300.93818046755905,12.213084574443538,0.7960318626427069,462.937245066573,10.350812214176829,0.8627069796003947,479.21168860458744,0.0,0.0,0.0,0.0,0.0,0.0,0.0,0.0,0.0,0.0,337.24395751953125,0.0
1764793971.161125,"[0.36540997711187884, 0.6130798937029214, 0.9536869294626584, 0.3390205128568705, 0.2844889629409027, 0.0038596978287614714, 0.31061113000469387, 0.5290110345569865, 0.2493055354156003, 0.48034659237980487, 0.922113379170193, 0.8874001270022187, 0.7866246087696901, 0.47058843061580147, 0.7355803365053305]",18.01951903831668,0.7189681631762807,417.103795335351,7,"nsga-2382244-[0.559623, 3.64578, 0.736106, 0.401706, 0.385347, 0.20193, 2.58714, 0.258703, 2.12326, -0.393068, 0.25, 3.2748, 3.07325, 2, -1.3221]",0,417.103795335351,300.0,18.01951903831668,0.8333748189414419,301.9023762958806,14.507520373274641,0.7189681631762807,396.9127903263743,13.746136158268627,0.7342764328165752,417.103795335351,0.0,0.0,0.0,0.0,0.0,0.0,0.0,0.0,0.0,0.0,257.95440673828125,0.0
1764793971.1622531,"[0.9606639464753897, 0.18673858029841525, 0.44420583585152656, 0.3368117911477938, 0.3419780118741398, 0.4083709480557767, 0.033588168496030385, 0.9460356536703178, 0.64264973591627, 0.8253202637491556, 0.7616703330713481, 0.6297007320134153, 0.4439528122447701, 0.4720373229742576, 0.8856341318946195]",14.83330556822986,0.8475332219426225,467.16932693109277,7,"nsga-2382244-[0.738199, 2.15359, 0.583262, 0.401044, 0.402593, 0.404185, 1.61756, 0.383811, 3.10662, 6.50641, 0.25, 2.7594, 2.38791, 2, -0.571829]",0,467.16932693109277,300.0,14.83330556822986,1.0017104867028026,317.54324311047066,10.429081986590129,0.8475332219426225,457.88635603741903,10.653900765209663,0.8490154437902497,467.16932693109277,0.0,0.0,0.0,0.0,0.0,0.0,0.0,0.0,0.0,0.0,407.687255859375,0.0
1764793971.1633813,"[0.5856842354260272, 0.47284648482400327, 0.43932942833958755, 0.3361686355429146, 0.11402913972763237, 0.22481145093813745, 0.27578738967585903, 0.5306255865521858, 0.7272643897006212, 0.4816193662676675, 0.2760502825497017, 0.2057450703625948, 0.8337808438833569, 0.47960850797351673, 0.6832430594189415]",17.79769322465106,0.7699916438358586,421.4927677433665,7,"nsga-2382244-[0.625705, 3.15496, 0.581799, 0.400851, 0.334209, 0.312406, 2.46526, 0.259188, 3.31816, -0.367613, 0.25, 1.91149, 3.16756, 2, -1.58378]",0,421.4927677433665,300.0,17.79769322465106,0.9275132868348098,308.7830145486971,12.511331032543648,0.7699916438358586,411.6804796544517,11.934714452231802,0.7782939655024831,421.4927677433665,0.0,0.0,0.0,0.0,0.0,0.0,0.0,0.0,0.0,0.0,329.66644287109375,0.0
1764793971.1644921,"[0.19316021099352387, 0.6108017687443588, 0.6197335886082747, 0.3383914994908252, 0.12704200268241186, 0.005562757127194173, 0.9843570699560598, 0.47081378323405493, 0.6491862639104078, 0.5585809777836762, 0.30309561882228714, 0.48582002888329967, 0.3648103134370404, 0.9451899557966741, 0.4038142548569885]",0.0,100.0,16.066212240079555,7,"nsga-2382244-[0.507948, 3.63781, 0.63592, 0.401517, 0.338113, 0.202781, 4.94525, 0.241244, 3.12297, 1.17162, 0.25, 2.47164, 2.22962, 2, -2.98093]",0,16.066212240079555,300.0,0.0,100.0,0.0,0.0,100.0,0.0,8.822794465320866,0.8231091941275248,16.066212240079555,0.0,0.0,0.0,0.0,0.0,0.0,0.0,0.0,0.0,0.0,5.0013813972473145,0.0
1764793971.1655982,"[0.5774315281594062, 0.39570556447130956, 0.87107324159909, 0.27414366884021013, 0.10553807033334976, 0.4111242813055659, 0.2709799362391342, 0.4212449386692695, 0.6494180540783833, 0.5581202035511987, 0.4720634481808073, 0.23022145642323855, 0.3384459717511653, 0.4878108799589461, 0.6917124050539696]",16.755299382093476,0.7870680433947865,433.46271671202123,7,"nsga-2382244-[0.623229, 2.88497, 0.711322, 0.382243, 0.331661, 0.405562, 2.44843, 0.226373, 3.12355, 1.1624, 0.25, 1.96044, 2.17689, 2, -1.54144]",0,433.46271671202123,300.0,16.755299382093476,0.9122923871365989,312.23062338480133,12.64507944060535,0.7870680433947865,430.1353827499762,12.123966217041016,0.7902405770813546,433.46271671202123,0.0,0.0,0.0,0.0,0.0,0.0,0.0,0.0,0.0,0.0,321.5850830078125,0.0
1764793971.166731,"[0.5772098402962168, 0.477983578988067, 0.6264268908935365, 0.11217954002522287, 0.3416246895330791, 0.002979651739675071, 0.2748795093427031, 0.45919328829082884, 0.7290581349708171, 0.48100625990269963, 0.3061372109215525, 0.4786299735890778, 0.4461030127401703, 0.9270384228906753, 0.9352993509506519]",17.449999474316108,0.678065664303012,347.82728371969085,7,"nsga-2382244-[0.623163, 3.17294, 0.637928, 0.333654, 0.402487, 0.20149, 2.46208, 0.237758, 3.32265, -0.379875, 0.25, 2.45726, 2.39221, 2, -0.323503]",0,347.82728371969085,300.0,17.449999474316108,0.8380993421484785,300.6223658864091,12.902522961686298,0.678065664303012,327.44996336029794,13.995475406181521,0.6931652025478642,347.82728371969085,0.0,0.0,0.0,0.0,0.0,0.0,0.0,0.0,0.0,0.0,219.02572631835938,0.0
1764793971.167879,"[0.577212118208076, 0.6118270380926656, 0.6258640645766879, 0.45412057718989635, 0.3416246895330791, 0.4081214858997806, 0.47246403791536457, 0.523657457066304, 0.7279936874318618, 0.5585989386872695, 0.48153757911558487, 0.8664744993574194, 0.4394829049893291, 0.9456486393465061, 0.6795621718440537]",18.15772647392459,0.6919785822310098,437.73309534584604,7,"nsga-2382244-[0.623164, 3.64139, 0.637759, 0.436236, 0.402487, 0.404061, 3.15362, 0.257097, 3.31998, 1.17198, 0.25, 3.23295, 2.37897, 2, -1.60219]",0,437.73309534584604,300.0,18.15772647392459,0.8804723001107937,301.0563155569681,12.756155111731552,0.6919785822310098,410.05349500702647,11.837409773105529,0.7139235589562393,437.73309534584604,0.0,0.0,0.0,0.0,0.0,0.0,0.0,0.0,0.0,0.0,370.067626953125,0.0
1764793971.1690016,"[0.20154559073385148, 0.3013306631318273, 0.6180031545747379, 0.27149044018108076, 0.1057842148509664, 0.2376466968272708, 0.2584730408174672, 0.9468365757143304, 0.6658944441199586, 0.4528963556104826, 0.48311802444606883, 0.2028674487843451, 0.3401203705395513, 0.9533388464762985, 0.930191108485604]",14.686371468334663,0.8822008359722975,455.8545798324957,7,"nsga-2382244-[0.510464, 2.55466, 0.635401, 0.381447, 0.331735, 0.318823, 2.40466, 0.384051, 3.16474, -0.942073, 0.25, 1.90573, 2.18024, 2, -0.349044]",0,455.8545798324957,300.0,14.686371468334663,0.9430262074237916,300.6907998433927,13.55776537918463,0.8822008359722975,436.4687421845227,11.886834191112984,0.9497016392103056,455.8545798324957,0.0,0.0,0.0,0.0,0.0,0.0,0.0,0.0,0.0,0.0,235.3788604736328,0.0
1764793971.1701312,"[0.19885868377830052, 0.4738468086354838, 0.616851682908843, 0.33678738286656773, 0.33950795210851403, 0.00719475734679606, 0.27726469640074203, 0.5311215254276578, 0.645586090960663, 0.48249645083453185, 0.4788126930590101, 0.4870885725694244, 0.4429128180463183, 0.4705848053802866, 0.6921751823535943]",18.254813012844178,0.7016867585298492,413.2462277668278,7,"nsga-2382244-[0.509658, 3.15846, 0.635056, 0.401036, 0.401852, 0.203597, 2.47043, 0.259336, 3.11397, -0.350071, 0.25, 2.47418, 2.38583, 2, -1.53912]",0,413.2462277668278,300.0,18.254813012844178,0.8046808286411006,300.05750877566453,14.171365914693693,0.7016867585298492,407.26059953643056,13.929664169869772,0.7026551284441134,413.2462277668278,0.0,0.0,0.0,0.0,0.0,0.0,0.0,0.0,0.0,0.0,273.56768798828125,0.0
1764793971.1712615,"[0.5794530078717576, 0.6098014449328782, 0.4405038781172642, 0.3361722575611792, 0.1271798030160682, 0.2270840827734386, 0.9843570699560598, 0.47082265701337966, 0.7310796947274805, 0.5581066009611869, 0.27371424215078977, 0.20286632630597015, 0.3648103134370404, 0.9427820152050354, 0.4038142548569885]",17.76852681229754,0.7120574308604729,428.329273428568,7,"nsga-2382244-[0.623836, 3.63431, 0.582151, 0.400852, 0.338154, 0.313542, 4.94525, 0.241247, 3.3277, 1.16213, 0.25, 1.90573, 2.22962, 2, -2.98093]",0,428.329273428568,300.0,17.76852681229754,0.8673713634653789,300.21411959020105,13.14083141233863,0.7120574308604729,419.8667424643912,11.566863455423494,0.7569867244580897,428.329273428568,0.0,0.0,0.0,0.0,0.0,0.0,0.0,0.0,0.0,0.0,289.4200439453125,0.0
1764793971.1723714,"[0.5774315281594062, 0.6090441104614399, 0.4376070685948167, 0.33837783266996313, 0.11664285382505458, 0.0021313660373022455, 0.26900329094288616, 0.5311570983501412, 0.6494197463939859, 0.4820431616580196, 0.3029413746928874, 0.4867926912021303, 0.4429128180463183, 0.469533021352094, 0.6921751823535943]",17.646979318014004,0.6839221294333295,415.52462898812644,7,"nsga-2382244-[0.623229, 3.63165, 0.581282, 0.401513, 0.334993, 0.201066, 2.44151, 0.259347, 3.12355, -0.359137, 0.25, 2.47359, 2.38583, 2, -1.53912]",0,415.52462898812644,300.0,17.646979318014004,0.8479394909812183,300.5659323901665,13.282742565434154,0.6839221294333295,413.97369485250334,13.296045591773057,0.6842658179562267,415.52462898812644,0.0,0.0,0.0,0.0,0.0,0.0,0.0,0.0,0.0,0.0,303.670654296875,0.0
1764793971.17368,"[0.5774315281594062, 0.6090441104614399, 0.4393443321626034, 0.33678796146204093, 0.336756437678148, 0.00719475734679606, 0.27726469640074203, 0.5331590172299829, 0.6493033857681165, 0.481250825399451, 0.4763224085306984, 0.4870885725694244, 0.4429128180463183, 0.4705848053802866, 0.6921751823535943]",17.193217100748203,0.6782899769341073,395.1278556265482,7,"nsga-2382244-[0.623229, 3.63165, 0.581803, 0.401036, 0.401027, 0.203597, 2.47043, 0.259948, 3.12326, -0.374983, 0.25, 2.47418, 2.38583, 2, -1.53912]",0,395.1278556265482,300.0,17.193217100748203,0.8090669980863245,300.4281798758158,12.989597576420481,0.6782899769341073,390.9241554818502,12.611737846746678,0.6806141425923603,395.1278556265482,0.0,0.0,0.0,0.0,0.0,0.0,0.0,0.0,0.0,0.0,283.3381042480469,0.0
1764794412.1287377,"[0.5388053963270336, 0.47512311526642215, 0.9469639246104039, 0.34430009075866097, 0.34198918303173526, 0.41485131162889627, 0.03462333529139344, 0.4580822211763927, 0.28031375093027366, 0.557055339798328, 0.9217284845694984, 0.8850188611979434, 0.3481612370146569, 0.9658609061907026, 0.8733853947640766]",17.778213152071324,0.7771967376150736,456.8244856671589,8,"nsga-2382244-[0.611642, 3.16293, 0.734089, 0.40329, 0.402597, 0.407426, 1.62118, 0.237425, 2.20078, 1.14111, 0.25, 3.27004, 2.19632, 2, -0.633073]",0,456.8244856671589,300.0,17.778213152071324,0.9066724591138886,300.9334646457579,13.05389943471769,0.7771967376150736,438.8280813077601,10.400437843508836,0.8731169072593131,456.8244856671589,0.0,0.0,0.0,0.0,0.0,0.0,0.0,0.0,0.0,0.0,353.9143371582031,0.0
1764794412.1339195,"[0.3669874792063742, 0.18344317188143278, 0.441246153863356, 0.33668256439723204, 0.3406016256251962, 0.19345227906188864, 0.32513407055848775, 0.9466877639710077, 0.6178742642113744, 0.8253202637491556, 0.7616703330713481, 0.6320932764159211, 0.34174487793686287, 0.9455245381143111, 0.7405826675232092]",15.687537877152606,0.7776946823771407,463.63857436761623,8,"nsga-2382244-[0.560096, 2.14205, 0.582374, 0.401005, 0.40218, 0.296726, 2.63797, 0.384006, 3.04469, 6.50641, 0.25, 2.76419, 2.18349, 2, -1.29709]",0,463.63857436761623,300.0,15.687537877152606,0.9316410085050071,300.09393898568504,12.15643908803056,0.7776946823771407,450.68158725645486,10.997224728654071,0.804908407897484,463.63857436761623,0.0,0.0,0.0,0.0,0.0,0.0,0.0,0.0,0.0,0.0,336.6213073730469,0.0
1764794412.1351705,"[0.3546535055879193, 0.6089940120074522, 0.9431238932690347, 0.3384047442789218, 0.34378788181301567, 0.0022067301118499083, 0.02921666884987764, 0.9550401503942565, 0.6423229670033086, 0.4847274194572796, 0.3029413746928874, 0.6280027603657576, 0.4429128180463183, 0.4705848053802866, 0.8806444382221734]",16.18702273485137,0.7683369950550358,428.4375775965249,8,"nsga-2382244-[0.556396, 3.63148, 0.732937, 0.401521, 0.403136, 0.201103, 1.60226, 0.386512, 3.10581, -0.305452, 0.25, 2.75601, 2.38583, 2, -0.596778]",0,428.4375775965249,300.0,16.18702273485137,0.8210150288372505,300.38458015627975,14.558933662786716,0.7683369950550358,395.03056368944124,13.186795518456435,0.7851577011550345,428.4375775965249,0.0,0.0,0.0,0.0,0.0,0.0,0.0,0.0,0.0,0.0,236.68130493164062,0.0
1764794412.1363,"[0.5841830975126544, 0.1915922579759587, 0.4522884215827203, 0.33678189747896975, 0.10399170649073686, 0.4136077366020577, 0.27628177060593306, 0.5304551420999923, 0.6497448229913445, 0.8218647573363065, 0.7616703330713481, 0.48849066284978776, 0.4439528122447701, 0.4720373229742576, 0.6972150600435905]",14.252899444393995,0.7880166271837746,428.86691991294305,8,"nsga-2382244-[0.625255, 2.17057, 0.585687, 0.401035, 0.331198, 0.406804, 2.46699, 0.259137, 3.12436, 6.4373, 0.25, 2.47698, 2.38791, 2, -1.51392]",0,428.86691991294305,300.0,14.252899444393995,0.9398572694964525,301.59645590433263,11.760187535169647,0.7880166271837746,424.65165833263865,11.51564909772175,0.788878768827857,428.86691991294305,0.0,0.0,0.0,0.0,0.0,0.0,0.0,0.0,0.0,0.0,295.9364013671875,0.0
1764794412.1374152,"[0.5772333866554445, 0.6118270380926656, 0.6240376562327054, 0.45412057718989635, 0.277592281843566, 0.40719783154724715, 0.47246403791536457, 0.523657457066304, 0.6490700734078211, 0.5599225671491751, 0.48153757911558487, 0.8952840050088361, 0.4394946113257404, 0.9308698185969757, 0.6920179337727325]",17.67478542327881,0.6862840236687079,445.3578456227372,8,"nsga-2382244-[0.62317, 3.64139, 0.637211, 0.436236, 0.383278, 0.403599, 3.15362, 0.257097, 3.12268, 1.19845, 0.25, 3.29057, 2.37899, 2, -1.53991]",0,445.3578456227372,300.0,17.67478542327881,0.8775796509370571,300.34816855453863,13.664160640065264,0.6862840236687079,435.2973822616949,13.165679047747355,0.6879572629928589,445.3578456227372,0.0,0.0,0.0,0.0,0.0,0.0,0.0,0.0,0.0,0.0,353.43597412109375,0.0
1764794412.1385262,"[0.5738215134996466, 0.399404065591288, 0.8798307562048799, 0.11238326406565083, 0.3437522547259425, 0.00695566919333615, 0.2709799362391342, 0.45891875030613316, 0.7283416681024241, 0.4799521336537732, 0.2831518357580359, 0.8656678577198834, 0.442901111709907, 0.48426847135090806, 0.6797194204249156]",17.366442052329457,0.6604429553194744,368.45943335556404,8,"nsga-2382244-[0.622146, 2.89791, 0.713949, 0.333715, 0.403126, 0.203478, 2.44843, 0.237676, 3.32085, -0.400957, 0.25, 3.23134, 2.3858, 2, -1.6014]",0,368.45943335556404,300.0,17.366442052329457,0.8339623166293633,301.95353360059784,12.370748868802698,0.6604429553194744,363.74661476321336,12.211934917729076,0.661796479108857,368.45943335556404,0.0,0.0,0.0,0.0,0.0,0.0,0.0,0.0,0.0,0.0,257.41094970703125,0.0
1764794412.1396503,"[0.577212118208076, 0.3036855488357523, 0.6296857105556687, 0.45412057718989635, 0.341624896288297, 0.40804474980613736, 0.47246403791536457, 0.9394301644910356, 0.7277665649133646, 0.5617806614126715, 0.48871040500611374, 0.8664744993574194, 0.3413998546325857, 0.9455721658863194, 0.9280902958860826]",17.430056213751072,0.7510474998776505,480.64635486137576,8,"nsga-2382244-[0.623164, 2.5629, 0.638906, 0.436236, 0.402487, 0.404022, 3.15362, 0.381829, 3.31942, 1.23561, 0.25, 3.23295, 2.1828, 2, -0.359549]",0,480.64635486137576,300.0,17.430056213751072,0.9291277292298108,325.3398847440394,12.251126605708425,0.7510474998776505,459.6602773154654,10.38761783692895,0.7973604638402055,480.64635486137576,0.0,0.0,0.0,0.0,0.0,0.0,0.0,0.0,0.0,0.0,429.7608337402344,0.0
1764794412.140758,"[0.36203484738700425, 0.3044556001673178, 0.9526411607365572, 0.2722428577185254, 0.341619879485799, 0.18400399420349767, 0.2762848217420102, 0.9439534031649305, 0.641924133512719, 0.8131889373611905, 0.7498975821378218, 0.6289505397068846, 0.3434829558145707, 0.20139549793269, 0.2497333469651429]",15.554446197137601,0.7872935021795877,465.1681872111995,8,"nsga-2382244-[0.55861, 2.56559, 0.735792, 0.381673, 0.402486, 0.292002, 2.467, 0.383186, 3.10481, 6.26378, 0.25, 2.7579, 2.18697, 2, -3.75133]",0,465.1681872111995,300.0,15.554446197137601,0.8895247372185312,300.081795036502,12.840326551111733,0.7872935021795877,435.8496650509718,11.839603991624786,0.8093377485507872,465.1681872111995,0.0,0.0,0.0,0.0,0.0,0.0,0.0,0.0,0.0,0.0,312.810546875,0.0
1764794412.141852,"[0.1992425398513172, 0.4758311871667473, 0.6170129867728645, 0.3363759403350156, 0.10533483974372507, 0.0069930081413364376, 0.9820743083955279, 0.45919328829082884, 0.7276206089671629, 0.5585989386872695, 0.30270893511165403, 0.20937754261916042, 0.34282530837038916, 0.9428553305523669, 0.9139219173395594]",0.0,100.0,58.05019355866967,8,"nsga-2382244-[0.509773, 3.16541, 0.635104, 0.400913, 0.3316, 0.203497, 4.93726, 0.237758, 3.31905, 1.17198, 0.25, 1.91876, 2.18565, 2, -0.43039]",0,58.05019355866967,300.0,0.0,100.0,0.0,0.0,100.0,0.0,11.136177844536014,1.364327637451451,58.05019355866967,0.0,0.0,0.0,0.0,0.0,0.0,0.0,0.0,0.0,0.0,14.412970542907715,0.0
1764794412.1433277,"[0.19885868377830052, 0.47391336431685605, 0.6191520844657356, 0.27208029150569035, 0.3392316746994035, 0.40759824855119464, 0.27726469640074203, 0.5311215254276578, 0.645586090960663, 0.48249645083453185, 0.4788126930590101, 0.4870885725694244, 0.4429128180463183, 0.4705848053802866, 0.6910314942208733]",18.975397314676425,0.8064124371947312,438.3309304214105,8,"nsga-2382244-[0.509658, 3.1587, 0.635746, 0.381624, 0.40177, 0.403799, 2.47043, 0.259336, 3.11397, -0.350071, 0.25, 2.47418, 2.38583, 2, -1.54484]",0,438.3309304214105,300.0,18.975397314676425,0.9073762044674013,301.4562624303306,14.72954214607797,0.8064124371947312,416.2377534075481,13.683316537810535,0.8190466715068352,438.3309304214105,0.0,0.0,0.0,0.0,0.0,0.0,0.0,0.0,0.0,0.0,314.18597412109375,0.0
1764794412.1444516,"[0.9372404960738862, 0.4758977428481196, 0.6194711420007835, 0.27166884897413823, 0.10505856233003226, 0.005152194032489815, 0.30998342574441246, 0.4591559030158279, 0.7276206089671629, 0.48059310008024037, 0.30279715459424017, 0.21966393960540537, 0.34282530837038916, 0.9431596942365685, 0.9127782292519688]",15.435446148383908,0.6825938346909314,363.9910598382717,8,"nsga-2382244-[0.731172, 3.16564, 0.635841, 0.381501, 0.331518, 0.202576, 2.58494, 0.237747, 3.31905, -0.388138, 0.25, 1.93933, 2.18565, 2, -0.436109]",0,363.9910598382717,300.0,15.435446148383908,0.8326605930560973,300.39738803026154,11.19961134747761,0.6825938346909314,342.4947650072051,11.900861074866318,0.6937968204661114,363.9910598382717,0.0,0.0,0.0,0.0,0.0,0.0,0.0,0.0,0.0,0.0,216.17994689941406,0.0
1764794412.1458287,"[0.2263064992972708, 0.6082262160077927, 0.4413446945414301, 0.3390234949167359, 0.2834129826765781, 0.4067784320456156, 0.9786400675777178, 0.45919292365682124, 0.2493055354156003, 0.558352430986834, 0.9220203921558334, 0.8771130016791819, 0.7874526429249298, 0.9562303079686194, 0.7209244697431333]",18.204468787588723,0.7374004247711926,429.8754705289515,8,"nsga-2382244-[0.517892, 3.62879, 0.582403, 0.401707, 0.385024, 0.403389, 4.92524, 0.237758, 2.12326, 1.16705, 0.25, 3.25423, 3.07491, 2, -1.39538]",0,429.8754705289515,300.0,18.204468787588723,0.8884218535772184,300.05024752733186,14.601560425176853,0.7374004247711926,418.48300811023245,13.189019179925687,0.7635290776810995,429.8754705289515,0.0,0.0,0.0,0.0,0.0,0.0,0.0,0.0,0.0,0.0,321.5221252441406,0.0
1764794412.146953,"[0.36830537537025854, 0.6082262160077927, 0.4361851323504335, 0.3390269551152434, 0.34182194721267944, 0.007248614229723893, 0.03087096822496288, 0.5290110345569865, 0.2493055354156003, 0.4739530945146817, 0.922113379170193, 0.6346261516835869, 0.7622933984906028, 0.20248931053256672, 0.24944588091622386]",18.276494477434856,0.7474539887614366,422.90915516178785,8,"nsga-2382244-[0.560492, 3.62879, 0.580856, 0.401708, 0.402547, 0.203624, 1.60805, 0.258703, 2.12326, -0.520938, 0.25, 2.76925, 3.02459, 2, -3.75277]",0,422.90915516178785,300.0,18.276494477434856,0.8773727367563946,300.7707746552258,14.639201266591142,0.7474539887614366,422.2538646046708,14.635210381484614,0.7474962208329178,422.90915516178785,0.0,0.0,0.0,0.0,0.0,0.0,0.0,0.0,0.0,0.0,312.6175537109375,0.0
1764794412.1480553,"[0.36647229165807804, 0.16612395515144618, 0.9562862302595188, 0.3377799066140019, 0.2848093878363892, 0.19075721392310735, 0.033763452272115316, 0.9455865143190201, 0.6418834913143247, 0.8163706600865949, 0.7616703330713481, 0.8788768662120066, 0.3434829558145707, 0.4676832826921069, 0.7424081062581229]",16.54477432995308,0.7996709861406466,486.8804575478158,8,"nsga-2382244-[0.559942, 2.08143, 0.736886, 0.401334, 0.385443, 0.295379, 1.61817, 0.383676, 3.10471, 6.32741, 0.25, 3.25775, 2.18697, 2, -1.28796]",0,486.8804575478158,300.0,16.54477432995308,0.9505308096001788,301.07633730260335,12.121251171391185,0.7996709861406466,455.23770841272864,10.998656175194718,0.8319645384462868,486.8804575478158,0.0,0.0,0.0,0.0,0.0,0.0,0.0,0.0,0.0,0.0,320.5849609375,0.0
1764794412.1491623,"[0.36830537537025854, 0.6082262160077927, 0.4361851323504335, 0.3390234949167359, 0.2849837499549949, 0.0038596978287614714, 0.03087096822496288, 0.9355997580739673, 0.2493055354156003, 0.4739530945146817, 0.9220334160570682, 0.884552478192969, 0.4452736387819128, 0.47058843061580147, 0.7421206402085726]",14.806106423168648,0.8334714619124808,426.61649017333986,8,"nsga-2382244-[0.560492, 3.62879, 0.580856, 0.401707, 0.385495, 0.20193, 1.60805, 0.38068, 2.12326, -0.520938, 0.25, 3.2691, 2.39055, 2, -1.2894]",0,426.61649017333986,300.0,14.806106423168648,0.8865341829090584,300.5137494343083,13.711458987724491,0.8334714619124808,389.30064883348416,12.070199343053305,0.8764823239024092,426.61649017333986,0.0,0.0,0.0,0.0,0.0,0.0,0.0,0.0,0.0,0.0,182.55288696289062,0.0
1764794412.1502728,"[0.36697370179978483, 0.18344317188143278, 0.9562862302595188, 0.33668256439723204, 0.3414832248600475, 0.4083709480557767, 0.033763452272115316, 0.5389953904930425, 0.6418834913143247, 0.8253202637491556, 0.7617502961835246, 0.6289505397068846, 0.7609725719534588, 0.9659576727600077, 0.8862036158382889]",16.438733626575004,0.8802063183086675,446.7316864758003,8,"nsga-2382244-[0.560092, 2.14205, 0.736886, 0.401005, 0.402445, 0.404185, 1.61817, 0.261699, 3.10471, 6.50641, 0.25, 2.7579, 3.02195, 2, -0.568982]",0,446.7316864758003,300.0,16.438733626575004,0.9543328805667598,301.05021596769006,12.056288384228218,0.8802063183086675,433.5396398776915,11.555701260450409,0.8894460867090923,446.7316864758003,0.0,0.0,0.0,0.0,0.0,0.0,0.0,0.0,0.0,0.0,311.4951171875,0.0
1764794412.1513853,"[0.36154799513143787, 0.6078687695805677, 0.9562862302595188, 0.3367562133917539, 0.3419780118741398, 0.4083807393027233, 0.03650537664709269, 0.45957992118810603, 0.6386245843077348, 0.8253202637491556, 0.5104419804057979, 0.6297007320134153, 0.44395203361045266, 0.9510116513162811, 0.8856843159122161]",17.770996317049352,0.7768905084307601,439.7568607237281,8,"nsga-2382244-[0.558464, 3.62754, 0.736886, 0.401027, 0.402593, 0.40419, 1.62777, 0.237874, 3.09656, 6.50641, 0.25, 2.7594, 2.3879, 2, -0.571578]",0,439.7568607237281,300.0,17.770996317049352,0.8905540530274554,300.8235299831483,14.138941406622166,0.7768905084307601,411.66911077731993,12.571705348317217,0.7905612416383697,439.7568607237281,0.0,0.0,0.0,0.0,0.0,0.0,0.0,0.0,0.0,0.0,318.9222717285156,0.0
1764794412.1529124,"[0.20182789596796125, 0.1910648375315321, 0.6226024479791654, 0.2727319476129042, 0.3416246895330791, 0.40803495855919075, 0.9475726372415127, 0.9456411197609248, 0.7430982353015735, 0.5582526463597574, 0.7627124250291385, 0.4870928596058586, 0.44267658393285036, 0.46387778990058215, 0.384524620810988]",15.911512765651796,0.8447020850530484,477.7075889029154,8,"nsga-2382244-[0.510548, 2.16873, 0.636781, 0.38182, 0.402487, 0.404017, 4.8165, 0.383692, 3.35775, 1.16505, 0.25, 2.47419, 2.38535, 2, -3.07738]",0,477.7075889029154,300.0,15.911512765651796,0.9278079091048822,301.6731645351503,13.945690750494236,0.8447020850530484,422.65900830524726,11.247287857241746,0.8990821248147546,477.7075889029154,0.0,0.0,0.0,0.0,0.0,0.0,0.0,0.0,0.0,0.0,325.68280029296875,0.0
1764794412.1544716,"[0.36647229165807804, 0.16612395515144618, 0.9562862302595188, 0.3378793340498845, 0.3421423721081659, 0.19368137429955898, 0.033763452272115316, 0.9455865143190201, 0.6418834913143247, 0.816386973194595, 0.7616703330713481, 0.6289505397068846, 0.3434829558145707, 0.1995841626088708, 0.2497333469651429]",16.804342646715117,0.8303125337856572,486.39464394173973,8,"nsga-2382244-[0.559942, 2.08143, 0.736886, 0.401364, 0.402643, 0.296841, 1.61817, 0.383676, 3.10471, 6.32774, 0.25, 2.7579, 2.18697, 2, -3.75133]",0,486.39464394173973,300.0,16.804342646715117,0.9402855916721065,307.9941156526891,12.23370958653892,0.8303125337856572,451.6508689694288,11.259687428358124,0.8584699020153139,486.39464394173973,0.0,0.0,0.0,0.0,0.0,0.0,0.0,0.0,0.0,0.0,340.18853759765625,0.0
1764794412.1559405,"[0.3669874792063742, 0.18344317188143278, 0.9562862302595188, 0.3365865971598569, 0.3419780118741398, 0.19345227906188864, 0.033763452272115316, 0.9455865143190201, 0.6418834913143247, 0.8253039506411555, 0.7616703330713481, 0.6289505397068846, 0.3481772192277132, 0.9659576727600077, 0.8752926986669587]",17.112133086599954,0.8045620546108339,472.61466607814884,8,"nsga-2382244-[0.560096, 2.14205, 0.736886, 0.400976, 0.402593, 0.296726, 1.61817, 0.383676, 3.10471, 6.50608, 0.25, 2.7579, 2.19635, 2, -0.623537]",0,472.61466607814884,300.0,17.112133086599954,0.9297114846183032,307.7099705765887,12.32600579610685,0.8045620546108339,449.00512978158343,11.089046785308094,0.8326801550097582,472.61466607814884,0.0,0.0,0.0,0.0,0.0,0.0,0.0,0.0,0.0,0.0,351.6942443847656,0.0
1764794412.1570706,"[0.5779642829265916, 0.6090441104614399, 0.43932942833958755, 0.33911004247098575, 0.11389133939397603, 0.0021313660373022455, 0.27578738967585903, 0.5384800611480526, 0.6490899460066045, 0.4816193662676675, 0.3029413746928874, 0.8536453545047291, 0.8337808438833569, 0.46911644042691275, 0.6832430594189415]",16.24801338940132,0.6816281679199963,419.18736140553546,8,"nsga-2382244-[0.623389, 3.63165, 0.581799, 0.401733, 0.334167, 0.201066, 2.46526, 0.261544, 3.12272, -0.367613, 0.25, 3.20729, 3.16756, 2, -1.58378]",0,419.18736140553546,300.0,16.24801338940132,0.843420622116182,300.32916196497473,13.54432598207055,0.6816281679199963,405.6547547317133,11.715414828788944,0.7085735291969485,419.18736140553546,0.0,0.0,0.0,0.0,0.0,0.0,0.0,0.0,0.0,0.0,308.4334716796875,0.0
1764794412.1581988,"[0.577212118208076, 0.3036855488357523, 0.6260424349218683, 0.45339899078694457, 0.3416246895330791, 0.40804474980613736, 0.47246403791536457, 0.9315283363590159, 0.7277665649133646, 0.5585989386872695, 0.48153811354328535, 0.5015279176128127, 0.3413998546325857, 0.9584236716656532, 0.9280902958860826]",17.391856644793254,0.7837641936976735,486.8865389195884,8,"nsga-2382244-[0.623164, 2.5629, 0.637813, 0.43602, 0.402487, 0.404022, 3.15362, 0.379459, 3.31942, 1.17198, 0.25, 2.50306, 2.1828, 2, -0.359549]",0,486.8865389195884,300.0,17.391856644793254,0.934874862577857,317.2815566644436,12.402215050487984,0.7837641936976735,456.85845642089845,10.69684151905339,0.8128931228707477,486.8865389195884,0.0,0.0,0.0,0.0,0.0,0.0,0.0,0.0,0.0,0.0,425.0907897949219,0.0
1764794412.159348,"[0.5874129494493754, 0.4733178304859588, 0.6252327582028743, 0.11217954002522287, 0.2819383204774819, 0.002979651739675071, 0.2748795093427031, 0.45919226777433797, 0.2508057102032829, 0.48131165717848895, 0.3061372109215525, 0.4786299735890778, 0.4461030127401703, 0.9560809189050261, 0.9416611246172572]",17.21648520958133,0.7040083297869054,415.39550044362136,8,"nsga-2382244-[0.626224, 3.15661, 0.63757, 0.333654, 0.384581, 0.20149, 2.46208, 0.237758, 2.12701, -0.373767, 0.25, 2.45726, 2.39221, 2, -0.291694]",0,415.39550044362136,300.0,17.21648520958133,0.8713736679495835,300.66848706501287,12.286301594245725,0.7040083297869054,398.52811532369475,12.696892677865378,0.7069070784057059,415.39550044362136,0.0,0.0,0.0,0.0,0.0,0.0,0.0,0.0,0.0,0.0,296.8072204589844,0.0
1764794412.1604652,"[0.954462560440167, 0.47788902148444384, 0.442696580903119, 0.3380129919741446, 0.3430993517321753, 0.0038596978287614714, 0.3098258709213752, 0.4591565588983112, 0.7275579601838578, 0.4810025342529269, 0.922113379170193, 0.8861171092577371, 0.7874526429249298, 0.9274921756384702, 0.7261238433759112]",16.837174155072468,0.6557066466750168,355.50677713533724,8,"nsga-2382244-[0.736339, 3.17261, 0.582809, 0.401404, 0.40293, 0.20193, 2.58439, 0.237747, 3.31889, -0.379949, 0.25, 3.27223, 3.07491, 2, -1.36938]",0,355.50677713533724,300.0,16.837174155072468,0.9109435011700886,300.4405799121391,11.669578361511231,0.6557066466750168,343.485146127096,12.0992948299501,0.6584954555441693,355.50677713533724,0.0,0.0,0.0,0.0,0.0,0.0,0.0,0.0,0.0,0.0,271.1339111328125,0.0
1764794412.1615803,"[0.5760071941581836, 0.474299330040127, 0.4372749041627489, 0.4556537949248568, 0.34062214390060447, 0.4082322039480436, 0.3135796117537264, 0.9377585035625868, 0.23613088526148845, 0.5570260849198344, 0.9217284845694984, 0.8951374413803728, 0.3414022007575546, 0.945427771545006, 0.9275879924494154]",17.288663664096738,0.8164530065001511,494.03038709687024,8,"nsga-2382244-[0.622802, 3.16005, 0.581182, 0.436696, 0.402187, 0.404116, 2.59753, 0.381328, 2.09033, 1.14052, 0.25, 3.29027, 2.1828, 2, -0.36206]",0,494.03038709687024,300.0,17.288663664096738,0.9736284852027893,300.79539045008215,12.140838804477598,0.8164530065001511,484.96109068335556,11.794318185201506,0.8207463406934971,494.03038709687024,0.0,0.0,0.0,0.0,0.0,0.0,0.0,0.0,0.0,0.0,365.722900390625,0.0
1764794412.1627047,"[0.5400080424650667, 0.4773276949438668, 0.6194957846305702, 0.27393994479977946, 0.3416246895330791, 0.40804474980613736, 0.27546720421941395, 0.45919328829082884, 0.7290581349708171, 0.5578507013382197, 0.4747110140706517, 0.2150809528808068, 0.3416361664450173, 0.9453593478309039, 0.9347692391294521]",17.851186826752453,0.7648483735759084,442.3021980843893,8,"nsga-2382244-[0.612002, 3.17065, 0.635849, 0.382182, 0.402487, 0.404022, 2.46414, 0.237758, 3.32265, 1.15701, 0.25, 1.93016, 2.18327, 2, -0.326154]",0,442.3021980843893,300.0,17.851186826752453,0.9378795917441205,303.3098164628192,12.53764565630657,0.7648483735759084,432.08488397365664,11.65061833451434,0.7845124009178905,442.3021980843893,0.0,0.0,0.0,0.0,0.0,0.0,0.0,0.0,0.0,0.0,313.43896484375,0.0
1764794412.1638265,"[0.5373535777471432, 0.47512311526642215, 0.4319581391047187, 0.34430009075866097, 0.3406127967827916, 0.41485131162889627, 0.33272727968628185, 0.45919328829082884, 0.25630452382731217, 0.5570590009311396, 0.9217284845694984, 0.21416513350208938, 0.3417288957238066, 0.9453204352685604, 0.7386753636203273]",17.819746250059545,0.8226886196834285,468.73889323909106,8,"nsga-2382244-[0.611206, 3.16293, 0.579587, 0.40329, 0.402184, 0.407426, 2.66455, 0.237758, 2.14076, 1.14118, 0.25, 1.92833, 2.18346, 2, -1.30662]",0,468.73889323909106,300.0,17.819746250059545,0.9645469755661197,303.1317191147223,12.982113107820837,0.8226886196834285,429.2050946119355,11.402945965092357,0.8417713944504901,468.73889323909106,0.0,0.0,0.0,0.0,0.0,0.0,0.0,0.0,0.0,0.0,313.560302734375,0.0
1764794412.1649554,"[0.2006943584313035, 0.47592084404420976, 0.619313388329757, 0.27151872118864584, 0.10619120867630866, 0.4058522196249083, 0.9742918579798601, 0.45919328829082884, 0.7276206089671629, 0.5590322583060574, 0.47624135714838056, 0.8833732189927752, 0.34253146797008993, 0.9429626668288126, 0.9164222833847899]",18.33939066631038,0.6847854608442725,436.2714892131526,8,"nsga-2382244-[0.510208, 3.16572, 0.635794, 0.381456, 0.331857, 0.402926, 4.91002, 0.237758, 3.31905, 1.18065, 0.25, 3.26675, 2.18506, 2, -0.417889]",0,436.2714892131526,300.0,18.33939066631038,0.8267132392743739,300.8239505302615,14.479947722830424,0.6847854608442725,417.2263620888315,12.075476748768876,0.7472694490014054,436.2714892131526,0.0,0.0,0.0,0.0,0.0,0.0,0.0,0.0,0.0,0.0,311.3948974609375,0.0
1764794412.1660705,"[0.36647229165807804, 0.18436400696476163, 0.9562862302595188, 0.33500172381261917, 0.3421423721081659, 0.19172777873163796, 0.9842276157251149, 0.4596354889909886, 0.6415386209022961, 0.8190452702865615, 0.7616703330713481, 0.6289505397068846, 0.3434829558145707, 0.1840218181170113, 0.678575991351954]",16.82087457238174,0.6973318483771347,446.96523820830555,8,"nsga-2382244-[0.559942, 2.14527, 0.736886, 0.400501, 0.402643, 0.295864, 4.9448, 0.237891, 3.10385, 6.38091, 0.25, 2.7579, 2.18697, 2, -1.60712]",0,446.96523820830555,300.0,16.82087457238174,0.8663490629777676,300.1538816498547,12.658932918455543,0.6973318483771347,442.0058762713176,11.79600688189995,0.7092151926784981,446.96523820830555,0.0,0.0,0.0,0.0,0.0,0.0,0.0,0.0,0.0,0.0,321.36737060546875,0.0
1764794412.1672149,"[0.20153839253205538, 0.4758977428481196, 0.6000314618729357, 0.2744504919740285, 0.10575777081011162, 0.2309674123105234, 0.030858278421993512, 0.9451368218894564, 0.7211500183456113, 0.4506417151457491, 0.2762045266791014, 0.20286632630597015, 0.43755420348974966, 0.9579011342062812, 0.2500937785777403]",13.97917427435154,1.0014838803105237,384.54940617258956,8,"nsga-2382244-[0.510462, 3.16564, 0.630009, 0.382335, 0.331727, 0.315484, 1.608, 0.383541, 3.30288, -0.987166, 0.25, 1.90573, 2.37511, 2, -3.74953]",0,384.54940617258956,300.0,13.97917427435154,1.0163240810719931,300.7288918099752,13.4128258961003,1.0014838803105237,353.90389705751,12.239235147615759,1.0658876206816696,384.54940617258956,0.0,0.0,0.0,0.0,0.0,0.0,0.0,0.0,0.0,0.0,139.00686645507812,0.0
1764794412.1686115,"[0.9642759531168164, 0.478370850981948, 0.4415024482124566, 0.3380129919741446, 0.28288429557374345, 0.003199024834121572, 0.3119008426943828, 0.9482678798138364, 0.2493055354156003, 0.4801009775071078, 0.922113379170193, 0.8861171092577371, 0.7874526429249298, 0.956534671652821, 0.7324811692016991]",16.906302614909848,0.7727969410942822,384.1531377280631,8,"nsga-2382244-[0.739283, 3.1743, 0.582451, 0.401404, 0.384865, 0.2016, 2.59165, 0.38448, 2.12326, -0.39798, 0.25, 3.27223, 3.07491, 2, -1.33759]",0,384.1531377280631,300.0,16.906302614909848,0.9825988763716162,301.72062608672354,11.25455604646264,0.7727969410942822,375.4185464998571,10.571038920704911,0.7807269110912229,384.1531377280631,0.0,0.0,0.0,0.0,0.0,0.0,0.0,0.0,0.0,0.0,371.51995849609375,0.0
1764794412.1697319,"[0.3672277957880265, 0.1782955938819355, 0.9562862302595188, 0.33668256439723204, 0.34250669897697444, 0.4132000028267474, 0.031694045793133424, 0.45646041523795206, 0.6418834913143247, 0.8265272177692452, 0.7616703330713481, 0.6289505397068846, 0.4439528122447701, 0.9659576727600077, 0.8862080684884232]",16.840065444388042,0.8003062137743322,477.5583349460509,8,"nsga-2382244-[0.560168, 2.12403, 0.736886, 0.401005, 0.402752, 0.4066, 1.61093, 0.236938, 3.10471, 6.53054, 0.25, 2.7579, 2.38791, 2, -0.56896]",0,477.5583349460509,300.0,16.840065444388042,0.9301952449286857,329.2700862977563,12.408193569648557,0.8003062137743322,434.03997505001905,11.279449193070574,0.8209070330712853,477.5583349460509,0.0,0.0,0.0,0.0,0.0,0.0,0.0,0.0,0.0,0.0,356.0777587890625,0.0
1764794412.1708508,"[0.5771041029237155, 0.4741446977549187, 0.6195019451293984, 0.27393994479977946, 0.3416246895330791, 0.40804474980613736, 0.9518213133211479, 0.45919328829082884, 0.7290581349708171, 0.558254210980912, 0.47462741627096583, 0.4935990948656036, 0.3416361664450173, 0.9453593478309039, 0.9291096235716056]",18.086556453239627,0.6984480663043696,424.55759165694076,8,"nsga-2382244-[0.623131, 3.15951, 0.635851, 0.382182, 0.402487, 0.404022, 4.83137, 0.237758, 3.32265, 1.16508, 0.25, 2.4872, 2.18327, 2, -0.354452]",0,424.55759165694076,300.0,18.086556453239627,0.9022556418325843,302.08277390642866,12.395660958639006,0.6984480663043696,416.82762064119663,12.754978282277177,0.6995448458485487,424.55759165694076,0.0,0.0,0.0,0.0,0.0,0.0,0.0,0.0,0.0,0.0,355.87103271484375,0.0
1764794412.1719718,"[0.20193363334091044, 0.6074817292430277, 0.6225962874803372, 0.27267935191672954, 0.3416246895330791, 0.40804474980613736, 0.27050924265877635, 0.45919328829082884, 0.7390730836930385, 0.5578491367170649, 0.5115676701632741, 0.2155525035504419, 0.4426758052985329, 0.9428742763171544, 0.3902455953747055]",18.468680800461186,0.8341814026599977,414.1928781648962,8,"nsga-2382244-[0.51058, 3.62619, 0.636779, 0.381804, 0.402487, 0.404022, 2.44678, 0.237758, 3.34768, 1.15698, 0.25, 1.93111, 2.38535, 2, -3.04877]",0,414.1928781648962,300.0,18.468680800461186,0.9134798634343031,300.8394506687071,15.027232184061189,0.8341814026599977,386.3314525325124,13.026033685265517,0.8617701228072003,414.1928781648962,0.0,0.0,0.0,0.0,0.0,0.0,0.0,0.0,0.0,0.0,262.3411865234375,0.0
1764794412.173088,"[0.36355892308895654, 0.3073786378811118, 0.956972720434003, 0.11256860586646367, 0.34162008624101686, 0.20318535320769837, 0.2762848217420102, 0.4610495332410107, 0.641924133512719, 0.8163706600865949, 0.75706987360065, 0.6289505397068846, 0.34451409199310373, 0.20139549793269, 0.2497333469651429]",17.296678938516756,0.747859121531975,445.3759516274057,8,"nsga-2382244-[0.559068, 2.57583, 0.737092, 0.333771, 0.402486, 0.301593, 2.467, 0.238315, 3.10481, 6.32741, 0.25, 2.7579, 2.18903, 2, -3.75133]",0,445.3759516274057,300.0,17.296678938516756,0.890640975789326,300.08677909664993,12.83105724148634,0.747859121531975,439.05054853485854,12.267756103887791,0.7540247210642187,445.3759516274057,0.0,0.0,0.0,0.0,0.0,0.0,0.0,0.0,0.0,0.0,338.9527893066406,0.0
1764794412.174202,"[0.5756857645942645, 0.47506054127427305, 0.6257380719317616, 0.2718537918772867, 0.3416246895330791, 1.7322689314980266e-05, 0.2748795093427031, 0.9421284567987248, 0.7290581349708171, 0.48100625990269963, 0.3061372109215525, 0.4786299735890778, 0.4450718765616373, 0.9270384228906753, 0.9352993509506519]",17.430221292449207,0.7261692314613156,440.7860321789253,8,"nsga-2382244-[0.622706, 3.16271, 0.637721, 0.381556, 0.402487, 0.200009, 2.46208, 0.382639, 3.32265, -0.379875, 0.25, 2.45726, 2.39014, 2, -0.323503]",0,440.7860321789253,300.0,17.430221292449207,0.9083707768742632,300.151485424507,13.021198742564131,0.7261692314613156,423.91207498689977,11.323069721314965,0.7522136728938033,440.7860321789253,0.0,0.0,0.0,0.0,0.0,0.0,0.0,0.0,0.0,0.0,365.0338134765625,0.0
1764794412.175326,"[0.5774428406791987, 0.399404065591288, 0.878004347864278, 0.11238326406565083, 0.10553807033334976, 0.0020639922182609893, 0.2709799362391342, 0.4222182536609276, 0.6494180540783833, 0.48127576211567874, 0.2826080902567537, 0.4867926912021303, 0.4429128180463183, 0.46949579265962615, 0.6921751823535943]",17.91973481992396,0.6762485870500891,403.32854655196024,8,"nsga-2382244-[0.623233, 2.89791, 0.713401, 0.333715, 0.331661, 0.201032, 2.44843, 0.226665, 3.12355, -0.374485, 0.25, 2.47359, 2.38583, 2, -1.53912]",0,403.32854655196024,300.0,17.91973481992396,0.8747430804299146,300.4433722147127,12.86109677291498,0.6762485870500891,400.0712340192097,12.6258275334428,0.676656757331476,403.32854655196024,0.0,0.0,0.0,0.0,0.0,0.0,0.0,0.0,0.0,0.0,332.779541015625,0.0
1764794412.1764488,"[0.5738314694272226, 0.399404065591288, 0.878004347864278, 0.11238326406565083, 0.27971984703642944, 0.004004534141638299, 0.2709799362391342, 0.45794543531447507, 0.6494180540783833, 0.48127576211567874, 0.3040333905329903, 0.8944773633713, 0.4429128180463183, 0.46949579265962615, 0.6921751823535943]",17.423370147332914,0.6555655380574669,392.759312848347,8,"nsga-2382244-[0.622149, 2.89791, 0.713401, 0.333715, 0.383916, 0.202002, 2.44843, 0.237384, 3.12355, -0.374485, 0.25, 3.28895, 2.38583, 2, -1.53912]",0,392.759312848347,300.0,17.423370147332914,0.8335007530886952,300.67900424119904,12.208528611718155,0.6555655380574669,384.73134259479804,12.15846572503811,0.6570289818252005,392.759312848347,0.0,0.0,0.0,0.0,0.0,0.0,0.0,0.0,0.0,0.0,308.684814453125,0.0
1764794886.9462893,"[0.3661915802590513, 0.48776906941213805, 0.9562862302595188, 0.33668256439723204, 0.3419780118741398, 0.4075408380830192, 0.262697552958959, 0.517670093877504, 0.6418834913143247, 0.4787784369781461, 0.7325938260353474, 0.4897739365187347, 0.4905910607902032, 0.4635591979479121, 0.7173993756280947]",18.612662855008754,0.7910824633226162,446.32782838402727,9,"nsga-2382244-[0.559857, 3.20719, 0.736886, 0.401005, 0.402593, 0.40377, 2.41944, 0.255301, 3.10471, -0.424431, 0.25, 2.47955, 2.48118, 2, -1.413]",0,446.32782838402727,300.0,18.612662855008754,0.8850669715462661,316.76865571184857,14.186791815408846,0.7910824633226162,414.43720762671495,12.393669616885301,0.8140857274939374,446.32782838402727,0.0,0.0,0.0,0.0,0.0,0.0,0.0,0.0,0.0,0.0,337.9692077636719,0.0
1764794886.9533563,"[0.19964080531903403, 0.16958746678699863, 0.6191520844657356, 0.27208029150569035, 0.3392316746994035, 0.4084283585239521, 0.0483314717773604, 0.9459240083041127, 0.645586090960663, 0.8290382776027088, 0.5078892000950107, 0.6262651757575742, 0.4429128180463183, 0.9727031467050097, 0.8864333870009433]",15.00321526411103,0.8665185236349339,486.093086391542,9,"nsga-2382244-[0.509892, 2.09356, 0.635746, 0.381624, 0.40177, 0.404214, 1.66916, 0.383777, 3.11397, 6.58077, 0.25, 2.75253, 2.38583, 2, -0.567833]",0,486.093086391542,300.0,15.00321526411103,0.9639387476734999,300.2566491103754,12.867240966238626,0.8665185236349339,441.9983812285633,11.051224866727503,0.9098572547842817,486.093086391542,0.0,0.0,0.0,0.0,0.0,0.0,0.0,0.0,0.0,0.0,326.63238525390625,0.0
1764794886.9550374,"[0.21081554778947498, 0.4767255965486124, 0.6189738562968659, 0.11253121981192128, 0.10553807033334976, 0.4040501394302327, 0.27557694267558797, 0.42215792726545986, 0.7275328464804632, 0.5577599970230894, 0.3022092118771045, 0.20505884110261682, 0.4429128180463183, 0.46949579265962615, 0.9188337026318861]",18.426167818395104,0.7896530485734707,438.1224630216273,9,"nsga-2382244-[0.513245, 3.16854, 0.635692, 0.333759, 0.331661, 0.402025, 2.46452, 0.226647, 3.31883, 1.1552, 0.25, 1.91012, 2.38583, 2, -0.405831]",0,438.1224630216273,300.0,18.426167818395104,0.9061114503116142,300.5286006834449,14.265332659279428,0.7896530485734707,419.44937997213225,12.174195089572814,0.8340201976822643,438.1224630216273,0.0,0.0,0.0,0.0,0.0,0.0,0.0,0.0,0.0,0.0,295.28790283203125,0.0
1764794886.956192,"[0.565869832741628, 0.3985762118907951, 0.8783438798943857, 0.27152089322786954, 0.10505856233003226, 0.006773743450076614, 0.9761753042808077, 0.45925361468629655, 0.649505816565083, 0.48211470377985893, 0.2831078134913032, 0.4911113927186779, 0.34282530837038916, 0.9428553305523669, 0.6861197087188181]",17.41364483251804,0.6657223227547436,417.92498764410254,9,"nsga-2382244-[0.619761, 2.89502, 0.713503, 0.381456, 0.331518, 0.203387, 4.91661, 0.237776, 3.12376, -0.357706, 0.25, 2.48222, 2.18565, 2, -1.5694]",0,417.92498764410254,300.0,17.41364483251804,0.8263557689945872,300.3453654033382,12.651431097635408,0.6657223227547436,413.9832688866592,12.273208325083663,0.6707607074481685,417.92498764410254,0.0,0.0,0.0,0.0,0.0,0.0,0.0,0.0,0.0,0.0,266.578369140625,0.0
1764794886.9573276,"[0.21756658613838964, 0.6073413491298577, 0.6226024479791654, 0.2756292918119896, 0.3416246895330791, 0.40804474980613736, 0.9452148236748723, 0.9315112786714974, 0.727833143456004, 0.5582526463597574, 0.48254042594275426, 0.4870928596058586, 0.44230950274668707, 0.9428742763171544, 0.384524620810988]",14.680577938731124,0.8532778655610433,411.09896872915874,9,"nsga-2382244-[0.51527, 3.62569, 0.636781, 0.382689, 0.402487, 0.404022, 4.80825, 0.379453, 3.31958, 1.16505, 0.25, 2.47419, 2.38462, 2, -3.07738]",0,411.09896872915874,300.0,14.680577938731124,0.8864686410601547,300.192704959032,13.936874496646043,0.8532778655610433,377.33629608154297,12.5695812039259,0.8928862257701594,411.09896872915874,0.0,0.0,0.0,0.0,0.0,0.0,0.0,0.0,0.0,0.0,219.20057678222656,0.0
1764794886.9584675,"[0.5614734280380582, 0.3036855488357523, 0.6260424349218683, 0.4504490508916845, 0.3416246895330791, 0.40804474980613736, 0.47481400935320117, 0.45920892264822044, 0.739006505150399, 0.5585989386872695, 0.5104817599641194, 0.5015279176128127, 0.34176615718443154, 0.9584236716656532, 0.9280902958860826]",17.506372521563275,0.7238988033155116,444.8751201350515,9,"nsga-2382244-[0.618442, 2.5629, 0.637813, 0.435135, 0.402487, 0.404022, 3.16185, 0.237763, 3.34752, 1.17198, 0.25, 2.50306, 2.18353, 2, -0.359549]",0,444.8751201350515,300.0,17.506372521563275,0.924459856021695,302.79088097549067,12.06787531317734,0.7238988033155116,444.8751201350515,12.06787531317734,0.7238988033155116,444.8751201350515,0.0,0.0,0.0,0.0,0.0,0.0,0.0,0.0,0.0,0.0,372.83135986328125,0.0
1764794886.9595976,"[0.5734792839100203, 0.47746266427888606, 0.878004347864278, 0.27092191870618954, 0.10424785047002962, 0.008478615470519618, 0.9483511548017503, 0.45789138920505235, 0.7260104379871194, 0.48127576211567874, 0.27614423762268586, 0.2057920868844561, 0.4429128180463183, 0.9556709889008442, 0.6921751823535943]",17.603031632958388,0.6774324577029158,389.02221847162014,9,"nsga-2382244-[0.622044, 3.17112, 0.713401, 0.381277, 0.331274, 0.204239, 4.81923, 0.237367, 3.31503, -0.374485, 0.25, 1.91158, 2.38583, 2, -1.53912]",0,389.02221847162014,300.0,17.603031632958388,0.8264477532084396,300.59351929455266,12.933791630442549,0.6774324577029158,369.06354437106995,11.551775248457746,0.7174990290548743,389.02221847162014,0.0,0.0,0.0,0.0,0.0,0.0,0.0,0.0,0.0,0.0,256.599853515625,0.0
1764794886.9606993,"[0.20189057804965513, 0.39783914416052146, 0.6000314618729357, 0.11313019433360132, 0.28122976737657823, 0.22715322328181325, 0.30505710860709445, 0.45924733440025156, 0.6442127640248466, 0.4533163253481996, 0.30409367958940586, 0.8915501696774013, 0.43755420348974966, 0.45656145065983195, 0.6789364229644126]",18.54597115865568,0.7310077594547737,412.29132593666634,9,"nsga-2382244-[0.510567, 2.89244, 0.630009, 0.333939, 0.384369, 0.313577, 2.5677, 0.237774, 3.11053, -0.933673, 0.25, 3.2831, 2.37511, 2, -1.60532]",0,412.29132593666634,300.0,18.54597115865568,0.8580714429297098,300.0727638802877,14.59837078931855,0.7310077594547737,367.92194385063357,12.65156052752239,0.7506565335320263,412.29132593666634,0.0,0.0,0.0,0.0,0.0,0.0,0.0,0.0,0.0,0.0,299.5162353515625,0.0
1764794886.96181,"[0.5737796061367376, 0.3036855488357523, 0.8799164862699106, 0.10141141146743365, 0.341624896288297, 0.40804474980613736, 0.47246403791536457, 0.46369480323151824, 0.7277665649133646, 0.5617806614126715, 0.48871040500611374, 0.8664744993574194, 0.3415755218191059, 0.9455721658863194, 0.9280902958860826]",17.562332074235126,0.7302267237407405,431.33806010920824,9,"nsga-2382244-[0.622134, 2.5629, 0.713975, 0.330423, 0.402487, 0.404022, 3.15362, 0.239108, 3.31942, 1.23561, 0.25, 3.23295, 2.18315, 2, -0.359549]",0,431.33806010920824,300.0,17.562332074235126,0.914560080446848,300.68892688286013,11.935618893693134,0.7302267237407405,431.33806010920824,11.935618893693134,0.7302267237407405,431.33806010920824,0.0,0.0,0.0,0.0,0.0,0.0,0.0,0.0,0.0,0.0,383.58941650390625,0.0
1764794886.962927,"[0.5772752940183535, 0.399404065591288, 0.6277735721472886, 0.46509243565807096, 0.27971984703642944, 0.003968322824795305, 0.2709799362391342, 0.9346505405676011, 0.6494180540783833, 0.48127576211567874, 0.2831518357580359, 0.8944773633713, 0.44273715085979815, 0.46949579265962615, 0.6921751823535943]",17.26254819079143,0.7141255788686799,449.3048332400438,9,"nsga-2382244-[0.623183, 2.89791, 0.638332, 0.439528, 0.383916, 0.201984, 2.44843, 0.380395, 3.12355, -0.374485, 0.25, 3.28895, 2.38547, 2, -1.53912]",0,449.3048332400438,300.0,17.26254819079143,0.9324269672719444,300.2539417359887,12.831510446129776,0.7141255788686799,435.32175784227326,10.670683618871177,0.7768102390010182,449.3048332400438,0.0,0.0,0.0,0.0,0.0,0.0,0.0,0.0,0.0,0.0,336.2201843261719,0.0
1764794886.9640243,"[0.5388053963270336, 0.4768504615053521, 0.4372749041627489, 0.43522785340318193, 0.27780013613297905, 0.012346850690583278, 0.2701584383642821, 0.9377585035625868, 0.23613088526148845, 0.5558253837999947, 0.3396397125262167, 0.8881615979155619, 0.3414022007575546, 0.9518608736227807, 0.9314497260358081]",0.0,100.0,84.65027698889011,9,"nsga-2382244-[0.611642, 3.16898, 0.581182, 0.430568, 0.38334, 0.206173, 2.44555, 0.381328, 2.09033, 1.11651, 0.25, 3.27632, 2.1828, 2, -0.342751]",0,84.65027698889011,300.0,0.0,100.0,0.0,0.0,100.0,0.0,9.517943963771913,1.4078703249373088,84.65027698889011,0.0,0.0,0.0,0.0,0.0,0.0,0.0,0.0,0.0,0.0,21.962743759155273,0.0
1764794886.9651341,"[0.5738314694272226, 0.399895551201841, 0.878004347864278, 0.13280920599119633, 0.34254185480405486, 0.4018858090587817, 0.3149888045052893, 0.45794543531447507, 0.6494180540783833, 0.48247646323551846, 0.8861181526404596, 0.8944773633713, 0.4429128180463183, 0.4630392477381877, 0.6882461071622692]",17.95768414939322,0.7494181042764245,426.1690456483422,9,"nsga-2382244-[0.622149, 2.89963, 0.713401, 0.339843, 0.402763, 0.400943, 2.60246, 0.237384, 3.12355, -0.350471, 0.25, 3.28895, 2.38583, 2, -1.55877]",0,426.1690456483422,300.0,17.95768414939322,0.9044460244295074,301.3840071887505,12.737978232779154,0.7494181042764245,417.0662550763386,10.575202346429592,0.8109802499050047,426.1690456483422,0.0,0.0,0.0,0.0,0.0,0.0,0.0,0.0,0.0,0.0,368.7339782714844,0.0
1764794886.9662325,"[0.3646517128301876, 0.19191943327181146, 0.4319581391047187, 0.3444618407988221, 0.3405390805653007, 0.41157942290673416, 0.33272727968628185, 0.45919328829082884, 0.639931720878173, 0.5570590009311396, 0.7437716552462326, 0.21416513350208938, 0.3417288957238066, 0.9454072673211373, 0.8762255600834817]",17.559203036238507,0.8018896704766808,441.1286519120379,9,"nsga-2382244-[0.559396, 2.17172, 0.579587, 0.403339, 0.402162, 0.40579, 2.66455, 0.237758, 3.09983, 1.14118, 0.25, 1.92833, 2.18346, 2, -0.618872]",0,441.1286519120379,300.0,17.559203036238507,0.9583225128127307,328.3012778119343,12.69135657519829,0.8018896704766808,438.9654343767864,12.83785487849538,0.8033772491827244,441.1286519120379,0.0,0.0,0.0,0.0,0.0,0.0,0.0,0.0,0.0,0.0,307.6127014160156,0.0
1764794886.9676282,"[0.5396893441233298, 0.4666468538760675, 0.9562862302595188, 0.336520814357071, 0.34205172809163076, 0.19672416778405077, 0.033763452272115316, 0.9455865143190201, 0.2582562942634765, 0.8253202637491556, 0.9396271613150495, 0.6289505397068846, 0.3481772192277132, 0.9658708407074308, 0.7377425022038041]",15.5083118857407,0.8320285247593391,439.82831018959604,9,"nsga-2382244-[0.611907, 3.13326, 0.736886, 0.400956, 0.402616, 0.298362, 1.61817, 0.383676, 2.14564, 6.50641, 0.25, 2.7579, 2.19635, 2, -1.31129]",0,439.82831018959604,300.0,15.5083118857407,0.9419202580684569,300.8162018194431,12.67190877867908,0.8320285247593391,418.0162468886957,11.309295738034132,0.86654826257287,439.82831018959604,0.0,0.0,0.0,0.0,0.0,0.0,0.0,0.0,0.0,0.0,277.6352233886719,0.0
1764794886.9687376,"[0.577212118208076, 0.6118614453139859, 0.43819214836646203, 0.44818755637146707, 0.3416246895330791, 0.4081214858997806, 0.30590075545420675, 0.523657457066304, 0.7279936874318618, 0.5574584160491655, 0.9229635004074173, 0.8664744993574194, 0.4408823525583001, 0.9456486393465061, 0.6813416183155186]",18.11362908991372,0.7050928746781698,436.066949090725,9,"nsga-2382244-[0.623164, 3.64152, 0.581458, 0.434456, 0.402487, 0.404061, 2.57065, 0.257097, 3.31998, 1.14917, 0.25, 3.23295, 2.38176, 2, -1.59329]",0,436.066949090725,300.0,18.11362908991372,0.8972457728734831,300.1759022038157,13.19760968743301,0.7050928746781698,404.1471107668993,11.057760024652248,0.747674566943471,436.066949090725,0.0,0.0,0.0,0.0,0.0,0.0,0.0,0.0,0.0,0.0,368.47967529296875,0.0
1764794886.9698467,"[0.9646821650875068, 0.6081918087864724, 0.6291743644226825, 0.3449565157351652, 0.2834129826765781, 0.0038596978287614714, 0.47425324674605124, 0.45915553838182027, 0.2493055354156003, 0.48148711501790886, 0.4806870823862354, 0.8874001270022187, 0.786053195355909, 0.956534671652821, 0.7191450232716682]",16.59636767317609,0.665987010118438,384.70626749178257,9,"nsga-2382244-[0.739405, 3.62867, 0.638752, 0.403487, 0.385024, 0.20193, 3.15989, 0.237747, 2.12326, -0.370258, 0.25, 3.2748, 3.07211, 2, -1.40427]",0,384.70626749178257,300.0,16.59636767317609,0.8571709516571789,300.1686478963712,11.929711039473371,0.665987010118438,377.36786785590937,10.509148783800079,0.6946805174757794,384.70626749178257,0.0,0.0,0.0,0.0,0.0,0.0,0.0,0.0,0.0,0.0,370.95526123046875,0.0
1764794886.9709547,"[0.36017562304195194, 0.47734194711590516, 0.43497898394691265, 0.4556537949248568, 0.34192915021305387, 0.4082322039480436, 0.3141673066304372, 0.9377585035625868, 0.6448706732574048, 0.5570260849198344, 0.919208328307975, 0.8881615979155619, 0.3416680014919255, 0.4682672300069276, 0.9290582587350221]",15.942187569781048,0.7749950440918527,485.2913412698885,9,"nsga-2382244-[0.558053, 3.1707, 0.580494, 0.436696, 0.402579, 0.404116, 2.59959, 0.381328, 3.11218, 1.14052, 0.25, 3.27632, 2.18334, 2, -0.354709]",0,485.2913412698885,300.0,15.942187569781048,0.8946060605165435,300.2578034563762,13.196844677808809,0.7749950440918527,457.1206899875548,10.71334966333901,0.8679868398643121,485.2913412698885,0.0,0.0,0.0,0.0,0.0,0.0,0.0,0.0,0.0,0.0,352.9102783203125,0.0
1764794886.9720504,"[0.5401777684165195, 0.1915922579759587, 0.9585272155365426, 0.3368088090879285, 0.34067100556169044, 0.4083709480557767, 0.03650537664709269, 0.9460356536703178, 0.23390994792060316, 0.8253202637491556, 0.7641904893320517, 0.6297007320134153, 0.4436870115103993, 0.9491837392101277, 0.8841467110982563]",15.931726544077803,0.8601604041529864,473.859068707722,9,"nsga-2382244-[0.612053, 2.17057, 0.737558, 0.401043, 0.402201, 0.404185, 1.62777, 0.383811, 2.08477, 6.50641, 0.25, 2.7594, 2.38737, 2, -0.579266]",0,473.859068707722,300.0,15.931726544077803,0.9552003345838407,348.31928013127026,15.066708066986829,0.8601604041529864,300.1862079062113,9.82007517000524,0.9921393784081064,473.859068707722,0.0,0.0,0.0,0.0,0.0,0.0,0.0,0.0,0.0,0.0,323.64300537109375,0.0
1764794886.9731398,"[0.36813422027691245, 0.1844026163476384, 0.955510021354162, 0.33836306203240774, 0.3419780118741398, 0.0035145044039978646, 0.2810130366430146, 0.9455865143190201, 0.6491384243455476, 0.8240107757825964, 0.7590837385396193, 0.6289505397068846, 0.3439205096941903, 0.9351025262733643, 0.8879700945571821]",15.502214962098657,0.750541408178283,442.9997338643888,9,"nsga-2382244-[0.56044, 2.14541, 0.736653, 0.401509, 0.402593, 0.201757, 2.48355, 0.383676, 3.12285, 6.48022, 0.25, 2.7579, 2.18784, 2, -0.56015]",0,442.9997338643888,300.0,15.502214962098657,0.8694892150599782,300.9261399804092,12.784618056692729,0.750541408178283,423.675811693145,11.273985309135623,0.777067016973728,442.9997338643888,0.0,0.0,0.0,0.0,0.0,0.0,0.0,0.0,0.0,0.0,300.80230712890625,0.0
1764794886.9742434,"[0.5768175418560534, 0.6080846660098203, 0.4400728289786056, 0.33670795843285817, 0.11389133939397603, 0.19295844764627162, 0.028544153760089175, 0.5306167127728612, 0.6418350129753816, 0.4829288542332332, 0.3055279692236983, 0.4886987729399215, 0.8380375524957668, 0.48202327348006035, 0.6829800121690776]",16.72024149080602,0.7631477699047182,433.55432564339986,9,"nsga-2382244-[0.623045, 3.6283, 0.582022, 0.401012, 0.334167, 0.296479, 1.5999, 0.259185, 3.10459, -0.341423, 0.25, 2.4774, 3.17608, 2, -1.5851]",0,433.55432564339986,300.0,16.72024149080602,0.9345060743936678,300.71453433153107,13.061537198322576,0.7631477699047182,433.55432564339986,13.061537198322576,0.7631477699047182,433.55432564339986,0.0,0.0,0.0,0.0,0.0,0.0,0.0,0.0,0.0,0.0,332.39849853515625,0.0
1764794886.9753633,"[0.36836064666802304, 0.3036855488357523, 0.6260424349218683, 0.3424236844083816, 0.3416246895330791, 0.41163685332283206, 0.47246403791536457, 0.5258887325531606, 0.2612463106613146, 0.5567457052138608, 0.48153811354328535, 0.8664744993574194, 0.3413998546325857, 0.9455721658863194, 0.7410754734041018]",18.03144588005252,0.7717282623779483,472.12846806223797,9,"nsga-2382244-[0.560508, 2.5629, 0.637813, 0.402727, 0.402487, 0.405818, 3.15362, 0.257767, 2.15312, 1.13491, 0.25, 3.23295, 2.1828, 2, -1.29462]",0,472.12846806223797,300.0,18.03144588005252,0.9259775783957505,314.783522405857,12.842136350492153,0.7717282623779483,454.01689159114187,11.545052267865437,0.7971874487109301,472.12846806223797,0.0,0.0,0.0,0.0,0.0,0.0,0.0,0.0,0.0,0.0,372.319580078125,0.0
1764794886.9764555,"[0.5771568469103115, 0.6082262160077927, 0.4361851323504335, 0.4507203876982507, 0.2844889629409027, 0.0036902807123331827, 0.03087096822496288, 0.9425125807646085, 0.7158257896683291, 0.4758063279880905, 0.922113379170193, 0.884552478192969, 0.7622933984906028, 0.47058843061580147, 0.9291354626368148]",16.114665054693454,0.7390271329298252,432.5488164390006,9,"nsga-2382244-[0.623147, 3.62879, 0.580856, 0.435216, 0.385347, 0.201845, 1.60805, 0.382754, 3.28956, -0.483873, 0.25, 3.2691, 3.02459, 2, -0.354323]",0,432.5488164390006,300.0,16.114665054693454,0.8786969077296374,300.07920431741854,13.470278302634634,0.7390271329298252,410.24062872165587,12.470783675589212,0.7519090277392689,432.5488164390006,0.0,0.0,0.0,0.0,0.0,0.0,0.0,0.0,0.0,0.0,311.2806701660156,0.0
1764794886.9775445,"[0.35893097690499376, 0.18966655296694496, 0.9562862302595188, 0.3356698638034524, 0.1122063680363815, 0.4083709480557767, 0.03585522438110267, 0.4488395970602706, 0.7236088148854898, 0.828948824020345, 0.7616703330713481, 0.19404266646362386, 0.4439528122447701, 0.9451925292421551, 0.9163490564519934]",15.934222188810024,0.8250544606185541,422.61497676198076,9,"nsga-2382244-[0.557679, 2.16383, 0.736886, 0.400701, 0.333662, 0.404185, 1.62549, 0.234652, 3.30902, 6.57898, 0.25, 1.88809, 2.38791, 2, -0.418255]",0,422.61497676198076,300.0,15.934222188810024,0.9433647920445698,302.27535832102706,12.818927681155321,0.8250544606185541,417.25725521925017,13.030958803688607,0.8274364203941531,422.61497676198076,0.0,0.0,0.0,0.0,0.0,0.0,0.0,0.0,0.0,0.0,282.4966125488281,0.0
1764794886.9789288,"[0.20185955807776135, 0.47784654905323876, 0.619313388329757, 0.2726576664731219, 0.33596285251813846, 0.4058522196249083, 0.980860624368596, 0.9563377690720857, 0.646661529997943, 0.5554073591676381, 0.47624135714838056, 0.64503560819901, 0.34253146797008993, 0.4696923073496966, 0.8857575428450126]",14.615553925677043,0.8193046034836188,443.16481271139,9,"nsga-2382244-[0.510558, 3.17246, 0.635794, 0.381797, 0.400789, 0.402926, 4.93301, 0.386901, 3.11665, 1.10815, 0.25, 2.79007, 2.18506, 2, -0.571212]",0,443.16481271139,300.0,14.615553925677043,0.8596023111808591,300.4159998823957,13.668885607835723,0.8193046034836188,395.9852850937262,11.57093563079834,0.8902916274419646,443.16481271139,0.0,0.0,0.0,0.0,0.0,0.0,0.0,0.0,0.0,0.0,266.27227783203125,0.0
1764794886.980029,"[0.5760071941581836, 0.4768760113720865, 0.6282903431477229, 0.4556537949248568, 0.340100099410988, 0.4082322039480436, 0.4726726356072801, 0.9372143147809748, 0.23613088526148845, 0.5600207288831638, 0.9347947353265571, 0.8951374413803728, 0.44323508277227575, 0.9306400183284997, 0.9291633917011559]",17.218399727053757,0.8193339429250578,479.81861892328027,9,"nsga-2382244-[0.622802, 3.16907, 0.638487, 0.436696, 0.40203, 0.404116, 3.15435, 0.381164, 2.09033, 1.20041, 0.25, 3.29027, 2.38647, 2, -0.354183]",0,479.81861892328027,300.0,17.218399727053757,0.9631794659102836,304.15786237018864,12.158563520850205,0.8193339429250578,465.4344833001858,11.182886728426306,0.8412794776079131,479.81861892328027,0.0,0.0,0.0,0.0,0.0,0.0,0.0,0.0,0.0,0.0,323.2318115234375,0.0
1764794886.981118,"[0.5772333866554445, 0.6092503567607062, 0.4330222172477313, 0.45412057718989635, 0.2781143263331824, 0.40719783154724715, 0.3133710140618109, 0.524200681991296, 0.6490700734078211, 0.5569279231858457, 0.46846802795694165, 0.8952840050088361, 0.33766172931101934, 0.9456575718134819, 0.6904425331464759]",16.93246130594393,0.7053321669741375,450.60764696074693,9,"nsga-2382244-[0.62317, 3.63238, 0.579907, 0.436236, 0.383434, 0.403599, 2.5968, 0.25726, 3.12268, 1.13856, 0.25, 3.29057, 2.17532, 2, -1.54779]",0,450.60764696074693,300.0,16.93246130594393,0.8656180309086311,300.04582768882193,12.749626527181485,0.7053321669741375,436.40800829631524,12.286223495297316,0.7103353546886909,450.60764696074693,0.0,0.0,0.0,0.0,0.0,0.0,0.0,0.0,0.0,0.0,361.6136474609375,0.0
1764794886.9821954,"[0.5373535777471432, 0.47512311526642215, 0.4319581391047187, 0.3448350293400107, 0.3406127967827916, 0.41485131162889627, 0.33272727968628185, 0.45919328829082884, 0.25630452382731217, 0.5570587164341707, 0.9217284845694984, 0.20255688329332905, 0.34140827666772106, 0.9453204352685604, 0.9207097708987366]",17.723043241733457,0.8072727781970327,447.6962393411776,9,"nsga-2382244-[0.611206, 3.16293, 0.579587, 0.403451, 0.402184, 0.407426, 2.66455, 0.237758, 2.14076, 1.14117, 0.25, 1.90511, 2.18282, 2, -0.396451]",0,447.6962393411776,300.0,17.723043241733457,0.9659548105263128,300.40554299703456,12.596002936944728,0.8072727781970327,444.6935260307498,12.303686737432713,0.810523675709236,447.6962393411776,0.0,0.0,0.0,0.0,0.0,0.0,0.0,0.0,0.0,0.0,312.89605712890625,0.0
1764794886.9832833,"[0.5760071941581836, 0.474299330040127, 0.4372749041627489, 0.45511885634350707, 0.34062214390060447, 0.4082322039480436, 0.3135796117537264, 0.9377585035625868, 0.23613088526148845, 0.5570263694168034, 0.9217284845694984, 0.9067392810999326, 0.3417228198136402, 0.945427771545006, 0.7455535851402044]",16.843526235440883,0.8299038625344998,494.1871206144007,9,"nsga-2382244-[0.622802, 3.16005, 0.581182, 0.436536, 0.402187, 0.404116, 2.59753, 0.381328, 2.09033, 1.14053, 0.25, 3.31348, 2.18345, 2, -1.27223]",0,494.1871206144007,300.0,16.843526235440883,0.9864182416985675,300.52163530675375,12.719182502932664,0.8299038625344998,460.9156335225919,10.495164568831282,0.8911602392429259,494.1871206144007,0.0,0.0,0.0,0.0,0.0,0.0,0.0,0.0,0.0,0.0,351.2782287597656,0.0
1764794886.984375,"[0.19885868377830052, 0.6089228669384363, 0.6191520844657356, 0.27208029150569035, 0.33924389486594886, 0.40759824855119464, 0.27726469640074203, 0.5311215254276578, 0.7383276819418301, 0.48249645083453185, 0.4788126930590101, 0.4870885725694244, 0.4429128180463183, 0.46503449443257494, 0.3890435452552697]",18.376633574322955,0.8280337720382505,415.9543180140053,9,"nsga-2382244-[0.509658, 3.63123, 0.635746, 0.381624, 0.401773, 0.403799, 2.47043, 0.259336, 3.34582, -0.350071, 0.25, 2.47418, 2.38583, 2, -3.05478]",0,415.9543180140053,300.0,18.376633574322955,0.8962099473650863,300.16192842809164,15.170867036028605,0.8280337720382505,393.51311474311643,13.964052777174043,0.8357617372419776,415.9543180140053,0.0,0.0,0.0,0.0,0.0,0.0,0.0,0.0,0.0,0.0,279.89715576171875,0.0
1764794886.9854877,"[0.20182789596796125, 0.47233184650827736, 0.6226024479791654, 0.27267935191672954, 0.3416124693665338, 0.40804474980613736, 0.9475726372415127, 0.45919328829082884, 0.6463314927118713, 0.5582526463597574, 0.5114840723635883, 0.4870928596058586, 0.4426758052985329, 0.9484099191940805, 0.6865125697765917]",19.25848015575874,0.7420035696611171,445.9406809737043,9,"nsga-2382244-[0.510548, 3.15316, 0.636781, 0.381804, 0.402484, 0.404022, 4.8165, 0.237758, 3.11583, 1.16505, 0.25, 2.47419, 2.38535, 2, -1.56744]",0,445.9406809737043,300.0,19.25848015575874,0.878964219442228,301.1326694395484,13.967692910171136,0.7420035696611171,417.0027777322909,13.111167670459283,0.7476639878459093,445.9406809737043,0.0,0.0,0.0,0.0,0.0,0.0,0.0,0.0,0.0,0.0,326.7293395996094,0.0
1764794886.9865947,"[0.5774427652119243, 0.39454890810913007, 0.8726909390680319, 0.34544275676209923, 0.10553807033334976, 0.0020641445940764625, 0.2709799362391342, 0.4222182536609276, 0.6494180540783833, 0.4812718102646613, 0.28290565424638153, 0.4867926912021303, 0.4429128180463183, 0.44515145246481147, 0.6921751823535943]",16.87001694469917,0.6864139603405464,423.61639270317266,9,"nsga-2382244-[0.623233, 2.88092, 0.711807, 0.403633, 0.331661, 0.201032, 2.44843, 0.226665, 3.12355, -0.374564, 0.25, 2.47359, 2.38583, 2, -1.53912]",0,423.61639270317266,300.0,16.87001694469917,0.8176235643828788,320.45994969809925,12.986134142991974,0.6864139603405464,397.4642119616997,11.099140906915432,0.7254061980945308,423.61639270317266,0.0,0.0,0.0,0.0,0.0,0.0,0.0,0.0,0.0,0.0,281.1701965332031,0.0
1764794886.9876888,"[0.5774327296810526, 0.6115306293155716, 0.4429473898785342, 0.111177597885199, 0.11255038663154417, 0.0021312136614867728, 0.2700316822980903, 0.44938271337032254, 0.6573248204253607, 0.4812758648964453, 0.3026438107032596, 0.4867926912021303, 0.4429128180463183, 0.469533021352094, 0.6921751823535943]",17.562525390997166,0.6778342383663829,387.44948510891055,9,"nsga-2382244-[0.62323, 3.64036, 0.582884, 0.333353, 0.333765, 0.201066, 2.44511, 0.234815, 3.14331, -0.374483, 0.25, 2.47359, 2.38583, 2, -1.53912]",0,387.44948510891055,300.0,17.562525390997166,0.8216147603058234,301.74319740853656,12.829838687617604,0.6778342383663829,385.1457784513148,13.633139135779404,0.6814050904134424,387.44948510891055,0.0,0.0,0.0,0.0,0.0,0.0,0.0,0.0,0.0,0.0,295.513671875,0.0
1764794886.9887674,"[0.574776110136639, 0.6102885511698402, 0.6195840875226153, 0.27527090647589464, 0.1140441330446459, 1.8119337099054e-06, 0.27578738967585903, 0.538723912312765, 0.6490899460066045, 0.4816193662676675, 0.3029413746928874, 0.8537368127831633, 0.8683286402351935, 0.5026650894658371, 0.6832430594189415]",16.439648079290624,0.6816679739370579,410.56775237292777,9,"nsga-2382244-[0.622433, 3.63601, 0.635875, 0.382581, 0.334213, 0.200001, 2.46526, 0.261617, 3.12272, -0.367613, 0.25, 3.20747, 3.23666, 2, -1.58378]",0,410.56775237292777,300.0,16.439648079290624,0.8329564295163969,300.786625224788,13.210268881262802,0.6816679739370579,387.7990308435952,12.674441812096573,0.6875771484723905,410.56775237292777,0.0,0.0,0.0,0.0,0.0,0.0,0.0,0.0,0.0,0.0,300.1894836425781,0.0
1764794886.990175,"[0.2038825312217812, 0.4746764033358095, 0.4390587291467291, 0.33535785718373695, 0.10603841502563878, 0.46591726300204817, 0.9742918579798601, 0.4589494371261164, 0.7276206089671629, 0.5590322583060574, 0.47624135714838056, 0.8832817607143411, 0.3079836132939059, 0.9094099260284945, 0.9164222833847899]",18.195488404064644,0.6882115890340107,430.48751023455367,9,"nsga-2382244-[0.511165, 3.16137, 0.581718, 0.400607, 0.331812, 0.432959, 4.91002, 0.237685, 3.31905, 1.18065, 0.25, 3.26656, 2.11597, 2, -0.417889]",0,430.48751023455367,300.0,18.195488404064644,0.8347993022058068,300.24660999949384,14.409425307483207,0.6882115890340107,395.4076969425853,12.674853762184702,0.7170363638459183,430.48751023455367,0.0,0.0,0.0,0.0,0.0,0.0,0.0,0.0,0.0,0.0,310.65625,0.0
1764794886.9913058,"[0.5738848569061697, 0.6090441104614399, 0.8721539565159722, 0.33911004247098575, 0.28349897464812945, 0.0021234169658941207, 0.27088700879383903, 0.5384800611480526, 0.6490967428210871, 0.48129866591973697, 0.3029413746928874, 0.8521203692779156, 0.4428645626448666, 0.46911644042691275, 0.6922790035430446]",18.04271799878376,0.6484044127347993,428.6633180943931,9,"nsga-2382244-[0.622165, 3.63165, 0.711646, 0.401733, 0.38505, 0.201062, 2.4481, 0.261544, 3.12274, -0.374027, 0.25, 3.20424, 2.38573, 2, -1.5386]",0,428.6633180943931,300.0,18.04271799878376,0.8015981967856244,300.0216785896115,13.196905592011243,0.6484044127347993,413.61757116550353,12.609144824888649,0.6538928595984854,428.6633180943931,0.0,0.0,0.0,0.0,0.0,0.0,0.0,0.0,0.0,0.0,346.71429443359375,0.0
1764794886.992425,"[0.577922207967437, 0.399404065591288, 0.44517981586012123, 0.11238326406565083, 0.11011221178229849, 0.00397627189620343, 0.2758803171211542, 0.45891875030613316, 0.6494112572639007, 0.48159646246360927, 0.2831518357580359, 0.8960023485981137, 0.8338290992682402, 0.46949579265962615, 0.6831392382294912]",18.36808311183278,0.673812857779061,403.4993092978873,9,"nsga-2382244-[0.623377, 2.89791, 0.583554, 0.333715, 0.333034, 0.201988, 2.46558, 0.237676, 3.12353, -0.368071, 0.25, 3.292, 3.16766, 2, -1.5843]",0,403.4993092978873,300.0,18.36808311183278,0.9077290017430375,300.58084203208364,13.032305587210306,0.673812857779061,403.4993092978873,13.032305587210306,0.673812857779061,403.4993092978873,0.0,0.0,0.0,0.0,0.0,0.0,0.0,0.0,0.0,0.0,339.94158935546875,0.0
1764794886.9935184,"[0.5779642829265916, 0.6090441104614399, 0.4440165010654421, 0.3383884560680339, 0.11389133939397603, 0.0021313660373022455, 0.27578738967585903, 0.5306167127728612, 0.6493545280444887, 0.4820638393866465, 0.7639648641798958, 0.4886987729399215, 0.8337808438833569, 0.49355644805806576, 0.6832430594189415]",17.879691291436917,0.6982404964726145,403.44400404022963,9,"nsga-2382244-[0.623389, 3.63165, 0.583205, 0.401517, 0.334167, 0.201066, 2.46526, 0.259185, 3.12339, -0.358723, 0.25, 2.4774, 3.16756, 2, -1.58378]",0,403.44400404022963,300.0,17.879691291436917,0.8503566090653583,300.0472622755097,13.50545253288455,0.6982404964726145,395.08060272961126,12.201144772041134,0.7068249810032728,403.44400404022963,0.0,0.0,0.0,0.0,0.0,0.0,0.0,0.0,0.0,0.0,323.67706298828125,0.0
1764794886.9946156,"[0.36697370179978483, 0.18344317188143278, 0.9515668512753725, 0.33668256439723204, 0.3419780118741398, 0.4083709480557767, 0.033763452272115316, 0.9455865143190201, 0.6416189092764405, 0.824875790629178, 0.3006468435827242, 0.6289505397068846, 0.4439528122447701, 0.9543614399597309, 0.8862036158382889]",16.77256846544219,0.8426403864127834,504.1013135956555,9,"nsga-2382244-[0.560092, 2.14205, 0.73547, 0.401005, 0.402593, 0.404185, 1.61817, 0.383676, 3.10405, 6.49752, 0.25, 2.7579, 2.38791, 2, -0.568982]",0,504.1013135956555,300.0,16.77256846544219,0.9312967390548892,347.9625907153618,15.900414020259205,0.8426403864127834,300.4076424203268,10.994904922857517,0.8890288946105213,504.1013135956555,0.0,0.0,0.0,0.0,0.0,0.0,0.0,0.0,0.0,0.0,376.71185302734375,0.0
1764795322.926108,"[0.19353807092920255, 0.47592084404420976, 0.43005267840790573, 0.27151872118864584, 0.10619120867630866, 0.4073226765922361, 0.2971918337630615, 0.45919328829082884, 0.7276206089671629, 0.4820624999373046, 0.47624135714838056, 0.8833732189927752, 0.8222384918924801, 0.4754947363179092, 0.9164222833847899]",18.756682330806083,0.7408115433483589,440.30067655982043,10,"nsga-2382244-[0.508061, 3.16572, 0.579016, 0.381456, 0.331857, 0.403661, 2.54017, 0.237758, 3.31905, -0.35875, 0.25, 3.26675, 3.14448, 2, -0.417889]",0,440.30067655982043,300.0,18.756682330806083,0.8872683507640188,314.39881147059,14.259460830688477,0.7408115433483589,414.2153143161681,12.144073811973014,0.801421974054197,440.30067655982043,0.0,0.0,0.0,0.0,0.0,0.0,0.0,0.0,0.0,0.0,311.7796325683594,0.0
1764795322.9304996,"[0.5851205704316552, 0.6090441104614399, 0.6285901382614387, 0.33911004247098575, 0.11389133939397603, 0.0038454951762275646, 0.9522863159207127, 0.5384800611480526, 0.6490899460066045, 0.5585891246364204, 0.3029413746928874, 0.8536453545047291, 0.35407381954535044, 0.9365797325266623, 0.6832430594189415]",0.0,100.0,16.792488209794207,10,"nsga-2382244-[0.625536, 3.63165, 0.638577, 0.401733, 0.334167, 0.201923, 4.833, 0.261544, 3.12272, 1.17178, 0.25, 3.20729, 2.20815, 2, -1.58378]",0,16.792488209794207,300.0,0.0,100.0,0.0,0.0,100.0,0.0,8.422222528225038,1.0733163129992602,16.792488209794207,0.0,0.0,0.0,0.0,0.0,0.0,0.0,0.0,0.0,0.0,2.822033166885376,0.0
1764795322.9317446,"[0.565947491603171, 0.6118015881924137, 0.622921738249737, 0.27267935191672954, 0.3416246895330791, 0.40804474980613736, 0.28494929136806413, 0.45919328829082884, 0.7390730836930385, 0.5582526463597574, 0.5114840723635883, 0.8599259302643946, 0.34233199329467057, 0.9428742768914066, 0.3565218087035051]",17.907179553334306,0.7385634442655051,421.94985247356135,10,"nsga-2382244-[0.619784, 3.64131, 0.636877, 0.381804, 0.402487, 0.404022, 2.49732, 0.237758, 3.34768, 1.16505, 0.25, 3.21985, 2.18466, 2, -3.21739]",0,421.94985247356135,300.0,17.907179553334306,0.8825991898048214,300.13992558921257,12.662861461174197,0.7385634442655051,411.5644732963748,10.93582879508414,0.7997362226974674,421.94985247356135,0.0,0.0,0.0,0.0,0.0,0.0,0.0,0.0,0.0,0.0,352.3564453125,0.0
1764795322.9329178,"[0.21309252257328748, 0.2992253097731964, 0.6225901914383665, 0.27191080081069885, 0.3416246895330791, 0.40804474980613736, 0.939868145334952, 0.8141164651560622, 0.7275164638393713, 0.5585989386872695, 0.4764344305849683, 0.4936414285013953, 0.44199577637868337, 0.9428701352064851, 0.955957696542173]",16.770465734528333,0.7802932945693412,475.87564064584126,10,"nsga-2382244-[0.513928, 2.54729, 0.636777, 0.381573, 0.402487, 0.404022, 4.78954, 0.344235, 3.31879, 1.17198, 0.25, 2.48728, 2.38399, 2, -0.220212]",0,475.87564064584126,300.0,16.770465734528333,0.8872700455712109,300.67575547753313,13.487728286370999,0.7802932945693412,439.82045887272534,12.014325062821552,0.8083692585549703,475.87564064584126,0.0,0.0,0.0,0.0,0.0,0.0,0.0,0.0,0.0,0.0,354.185546875,0.0
1764795322.9340725,"[0.5739033524569841, 0.6054515166315125, 0.6296857105556687, 0.45412057718989635, 0.341624896288297, 0.4080149593987633, 0.27201392327363966, 0.9177047747947964, 0.7277665649133646, 0.562500169254599, 0.3080350995942574, 0.8664744993574194, 0.3413998546325857, 0.4734221771140909, 0.9280902958860826]",17.491545784182666,0.7457694748552834,474.53376539276866,10,"nsga-2382244-[0.622171, 3.61908, 0.638906, 0.436236, 0.402487, 0.404007, 2.45205, 0.375311, 3.31942, 1.25, 0.25, 3.23295, 2.1828, 2, -0.359549]",0,474.53376539276866,300.0,17.491545784182666,0.9173383363863317,305.0242415265339,12.781215016434832,0.7457694748552834,467.6541442126763,12.689077465708662,0.746078467659834,474.53376539276866,0.0,0.0,0.0,0.0,0.0,0.0,0.0,0.0,0.0,0.0,397.78753662109375,0.0
1764795322.935209,"[0.5771936226572616, 0.30727814266567965, 0.8721539565159722, 0.33911004247098575, 0.28349897464812945, 0.005075111849050573, 0.47133712343556394, 0.5602046462364956, 0.6490967428210871, 0.4805791580778093, 0.48361668010474373, 0.8521203692779156, 0.4428645626448666, 0.9412600235857929, 0.6922790035430446]",17.753435181408392,0.6626019114401283,422.2783191587867,10,"nsga-2382244-[0.623158, 2.57547, 0.711646, 0.401733, 0.38505, 0.202538, 3.14968, 0.268061, 3.12274, -0.388417, 0.25, 3.20424, 2.38573, 2, -1.5386]",0,422.2783191587867,300.0,17.753435181408392,0.8886694719151753,300.3898049331293,12.21547740843238,0.6626019114401283,396.77619889422164,10.499580490298387,0.7115673559467967,422.2783191587867,0.0,0.0,0.0,0.0,0.0,0.0,0.0,0.0,0.0,0.0,358.88470458984375,0.0
1764795322.9367416,"[0.36699068555772224, 0.1915922579759587, 0.9563135063566897, 0.33681246149202143, 0.3419780118741398, 0.4083709480557767, 0.03650537664709269, 0.9460202325065197, 0.64264973591627, 0.8248636242643044, 0.30577003732216723, 0.6297430508526051, 0.4439528122447701, 0.4720373229742576, 0.8862127110375047]",16.87356103106243,0.8220982418554585,505.49534606933594,10,"nsga-2382244-[0.560097, 2.17057, 0.736894, 0.401044, 0.402593, 0.404185, 1.62777, 0.383806, 3.10662, 6.49727, 0.25, 2.75949, 2.38791, 2, -0.568936]",0,505.49534606933594,300.0,16.87356103106243,0.9276207449959546,349.6557252093059,15.82042151660454,0.8220982418554585,300.8336310875125,10.459142289510588,0.9160179452198308,505.49534606933594,0.0,0.0,0.0,0.0,0.0,0.0,0.0,0.0,0.0,0.0,375.8724670410156,0.0
1764795322.9378934,"[0.36153101137350047, 0.18344317188143278, 0.9515395751782016, 0.3366789119931391, 0.3419780118741398, 0.4083709480557767, 0.033763452272115316, 0.9456019354828182, 0.6416189092764405, 0.8253324301140292, 0.7565471393309211, 0.6289082208676949, 0.4439528122447701, 0.9543614399597309, 0.8856752207130003]",16.867186495152914,0.8263439135580528,493.0266917158918,10,"nsga-2382244-[0.558459, 2.14205, 0.735462, 0.401004, 0.402593, 0.404185, 1.61817, 0.383681, 3.10405, 6.50665, 0.25, 2.75782, 2.38791, 2, -0.571624]",0,493.0266917158918,300.0,16.867186495152914,0.9277135610580445,350.6015038467035,15.841383901456508,0.8263439135580528,300.3823833837742,11.370603854481766,0.8734703817018649,493.0266917158918,0.0,0.0,0.0,0.0,0.0,0.0,0.0,0.0,0.0,0.0,377.47509765625,0.0
1764795322.9389925,"[0.5722153082114672, 0.474299330040127, 0.4372749041627489, 0.4556537949248568, 0.34062214390060447, 0.4082322039480436, 0.3135796117537264, 0.9456620697153253, 0.23613088526148845, 0.8238409156648442, 0.9217284845694984, 0.8951374413803728, 0.44656696498655296, 0.947102875633927, 0.9275879924494154]",14.69204841706811,0.803607733365966,481.53590601479135,10,"nsga-2382244-[0.621665, 3.16005, 0.581182, 0.436696, 0.402187, 0.404116, 2.59753, 0.383699, 2.09033, 6.47682, 0.25, 3.29027, 2.39313, 2, -0.36206]",0,481.53590601479135,300.0,14.69204841706811,0.9713755537823933,300.6725440420756,12.126278542309272,0.803607733365966,458.35170027570024,11.727821308229029,0.8064470358011199,481.53590601479135,0.0,0.0,0.0,0.0,0.0,0.0,0.0,0.0,0.0,0.0,314.179443359375,0.0
1764795322.9401064,"[0.37076558774650126, 0.18344317188143278, 0.9562862302595188, 0.33668256439723204, 0.3419780118741398, 0.4083709480557767, 0.033763452272115316, 0.9376829481662816, 0.6418834913143247, 0.5585054330041331, 0.7616703330713481, 0.6289505397068846, 0.33878804801577184, 0.9642825686710867, 0.8862036158382889]",16.969084860638873,0.8644235244611415,499.5863850663348,10,"nsga-2382244-[0.56123, 2.14205, 0.736886, 0.401005, 0.402593, 0.404185, 1.61817, 0.381305, 3.10471, 1.17011, 0.25, 2.7579, 2.17758, 2, -0.568982]",0,499.5863850663348,300.0,16.969084860638873,0.9238311776300756,336.44752320080266,16.260236847109912,0.8644235244611415,300.78241497598043,10.975269196673137,0.9156436891090579,499.5863850663348,0.0,0.0,0.0,0.0,0.0,0.0,0.0,0.0,0.0,0.0,399.8070373535156,0.0
1764795322.9412332,"[0.5765816470339115, 0.474299330040127, 0.9544170821214418, 0.3440366713368643, 0.34197116921908716, 0.4082322039480436, 0.3135796117537264, 0.9377585035625868, 0.23613088526148845, 0.5570555357387078, 0.9217284845694984, 0.8951374413803728, 0.3414022007575546, 0.945427771545006, 0.8757360674690351]",17.328894638433688,0.8424166615416364,490.85353590802447,10,"nsga-2382244-[0.622974, 3.16005, 0.736325, 0.403211, 0.402591, 0.404116, 2.59753, 0.381328, 2.09033, 1.14111, 0.25, 3.29027, 2.1828, 2, -0.62132]",0,490.85353590802447,300.0,17.328894638433688,0.9342303406901475,301.5798863852896,12.61866087099401,0.8424166615416364,469.27951771805925,10.543428327979111,0.9213605845846781,490.85353590802447,0.0,0.0,0.0,0.0,0.0,0.0,0.0,0.0,0.0,0.0,322.15240478515625,0.0
1764795322.9423368,"[0.5382309434513058, 0.47512311526642215, 0.42977468503414284, 0.4559172143466535, 0.34064015771325257, 0.41485131162889627, 0.03462333529139344, 0.4580822211763927, 0.28031375093027366, 0.5570258889794547, 0.9217284845694984, 0.8850188611979434, 0.3481612370146569, 0.9658609061907026, 0.9252373197444568]",17.70912718423983,0.7560673873598983,445.93732690578554,10,"nsga-2382244-[0.611469, 3.16293, 0.578932, 0.436775, 0.402192, 0.407426, 1.62118, 0.237425, 2.20078, 1.14052, 0.25, 3.27004, 2.19632, 2, -0.373813]",0,445.93732690578554,300.0,17.70912718423983,0.9446247691061439,301.5676863135361,12.58233697937756,0.7560673873598983,441.76433146406964,12.538449985225027,0.7566633422200273,445.93732690578554,0.0,0.0,0.0,0.0,0.0,0.0,0.0,0.0,0.0,0.0,367.58563232421875,0.0
1764795322.9434347,"[0.2038825312217812, 0.3059730085683693, 0.629518103893182, 0.33535785718373695, 0.10274581892167715, 0.46591726300204817, 0.4742348392983406, 0.4589494371261164, 0.7276206089671629, 0.5618111308079786, 0.47624135714838056, 0.8832323470112042, 0.3078368471810154, 0.9094099260284945, 0.9164222833847899]",17.729467587354705,0.7195440687784335,435.44088960973227,10,"nsga-2382244-[0.511165, 2.57091, 0.638855, 0.400607, 0.330824, 0.432959, 3.15982, 0.237685, 3.31905, 1.23622, 0.25, 3.26646, 2.11567, 2, -0.417889]",0,435.44088960973227,300.0,17.729467587354705,0.8540208790360427,300.57930666295493,13.332482747333806,0.7195440687784335,414.31469380448505,12.403675623637874,0.7373089581001095,435.44088960973227,0.0,0.0,0.0,0.0,0.0,0.0,0.0,0.0,0.0,0.0,316.93524169921875,0.0
1764795322.945434,"[0.577212118208076, 0.4723889436031925, 0.4392263358092158, 0.45412057718989635, 0.3449174924087095, 0.40804474980613736, 0.9723233625544832, 0.9394301644910356, 0.7277665649133646, 0.5590017889107503, 0.48871040500611374, 0.8665239130605562, 0.3415466207454762, 0.9455721658863194, 0.9280902958860826]",17.50520110711819,0.7152791168631577,465.470795719798,10,"nsga-2382244-[0.623164, 3.15336, 0.581768, 0.436236, 0.403475, 0.404022, 4.90313, 0.381829, 3.31942, 1.18004, 0.25, 3.23305, 2.18309, 2, -0.359549]",0,465.470795719798,300.0,17.50520110711819,0.9396961206343116,300.21689979739307,12.798678830774818,0.7152791168631577,463.3612200481136,12.61805277568538,0.7161515884283113,465.470795719798,0.0,0.0,0.0,0.0,0.0,0.0,0.0,0.0,0.0,0.0,401.5986633300781,0.0
1764795322.9468882,"[0.36830537537025854, 0.6082262160077927, 0.4361851323504335, 0.3372614498626274, 0.2844889629409027, 0.0038596978287614714, 0.03087096822496288, 0.5290110345569865, 0.24305113191136865, 0.4739530945146817, 0.9220523908298345, 0.8844960058355394, 0.758859489763405, 0.468297418633356, 0.7414355173640744]",18.289791028092548,0.7203114428171298,414.17457089307834,10,"nsga-2382244-[0.560492, 3.62879, 0.580856, 0.401178, 0.385347, 0.20193, 1.60805, 0.258703, 2.10763, -0.520938, 0.25, 3.26899, 3.01772, 2, -1.29282]",0,414.17457089307834,300.0,18.289791028092548,0.8661863402622502,300.76760981489974,14.412242154377262,0.7203114428171298,390.9712629364758,11.864893917921112,0.7813615540178811,414.17457089307834,0.0,0.0,0.0,0.0,0.0,0.0,0.0,0.0,0.0,0.0,320.8828125,0.0
1764795322.948029,"[0.36017562304195194, 0.47734194711590516, 0.43497898394691265, 0.4574158399789653, 0.34192915021305387, 0.4082322039480436, 0.3141673066304372, 0.9377585035625868, 0.6511250767617826, 0.5570260849198344, 0.9192693166483336, 0.8882180702729915, 0.345101910218904, 0.47055824198937307, 0.9297433815224067]",15.815625646637708,0.7691376907069508,510.98911720834127,10,"nsga-2382244-[0.558053, 3.1707, 0.580494, 0.437225, 0.402579, 0.404116, 2.59959, 0.381328, 3.12781, 1.14052, 0.25, 3.27644, 2.1902, 2, -0.351283]",0,510.98911720834127,300.0,15.815625646637708,0.8900317055423085,301.0557830624464,13.394221119764374,0.7691376907069508,455.45619320753144,12.153091621398925,0.78690240702978,510.98911720834127,0.0,0.0,0.0,0.0,0.0,0.0,0.0,0.0,0.0,0.0,355.86578369140625,0.0
1764795322.9494534,"[0.19898264127813894, 0.4739049356376764, 0.6191520844657356, 0.2726841108485517, 0.33930861994743877, 0.40759824855119464, 0.2864694440787615, 0.5311215254276578, 0.645586090960663, 0.48249645083453185, 0.4788126930590101, 0.48708856848341336, 0.44267286535641864, 0.4705848053802866, 0.677121059647336]",19.0125488746457,0.8098401848862811,446.9772480662276,10,"nsga-2382244-[0.509695, 3.15867, 0.635746, 0.381805, 0.401793, 0.403799, 2.50264, 0.259336, 3.11397, -0.350071, 0.25, 2.47418, 2.38535, 2, -1.61439]",0,446.9772480662276,300.0,19.0125488746457,0.9050230770576291,302.6196864058332,14.623480810770173,0.8098401848862811,412.14258627542637,12.818959682743724,0.8345674567106294,446.9772480662276,0.0,0.0,0.0,0.0,0.0,0.0,0.0,0.0,0.0,0.0,312.7734069824219,0.0
1764795322.9505687,"[0.20170393846812282, 0.6073497778090372, 0.6226024479791654, 0.2720755325738682, 0.34154774428504386, 0.40804474980613736, 0.938309645914533, 0.45919328829082884, 0.7390730836930385, 0.5582526463597574, 0.5114840723635883, 0.4870928636918696, 0.4429157579884326, 0.9428742763171544, 0.3984350553845253]",19.005130730605707,0.7502548752761469,419.6804389209282,10,"nsga-2382244-[0.510511, 3.62572, 0.636781, 0.381623, 0.402464, 0.404022, 4.78408, 0.237758, 3.34768, 1.16505, 0.25, 2.47419, 2.38583, 2, -3.00782]",0,419.6804389209282,300.0,19.005130730605707,0.8552024573814578,301.02370419385954,14.965777029642245,0.7502548752761469,398.5898411634492,13.68969642360036,0.7607954019453468,419.6804389209282,0.0,0.0,0.0,0.0,0.0,0.0,0.0,0.0,0.0,0.0,299.5331726074219,0.0
1764795322.951663,"[0.5738848569061697, 0.39940259611318285, 0.4448327740540911, 0.33911004247098575, 0.2814221119759998, 0.0021234169658941207, 0.23888401051335523, 0.4572403672821529, 0.6490967428210871, 0.48129866591973697, 0.28330088086159444, 0.8521203692779156, 0.4428645626448666, 0.4694986007957298, 0.6923073864372743]",17.091505008790552,0.6429760953275169,395.3058249868998,10,"nsga-2382244-[0.622165, 2.89791, 0.58345, 0.401733, 0.384427, 0.201062, 2.33609, 0.237172, 3.12274, -0.374027, 0.25, 3.20424, 2.38573, 2, -1.53846]",0,395.3058249868998,300.0,17.091505008790552,0.8243975595730108,300.15418511367426,12.155999267392042,0.6429760953275169,369.45290099353326,12.744449717824052,0.6455557491721177,395.3058249868998,0.0,0.0,0.0,0.0,0.0,0.0,0.0,0.0,0.0,0.0,314.48016357421875,0.0
1764795322.9527652,"[0.577922207967437, 0.6090455799395451, 0.8725009964923862, 0.11238326406565083, 0.11218907445444064, 0.00397627189620343, 0.2759106931065269, 0.5401584441720328, 0.6494112572639007, 0.48159646246360927, 0.3027923295893289, 0.8960023485981137, 0.8338290992682402, 0.46911363229080916, 0.6831108553352615]",17.274793192235435,0.6881283591433269,405.74286681384575,10,"nsga-2382244-[0.623377, 3.63166, 0.71175, 0.333715, 0.333657, 0.201988, 2.46569, 0.262048, 3.12353, -0.368071, 0.25, 3.292, 3.16766, 2, -1.58445]",0,405.74286681384575,300.0,17.274793192235435,0.817161438232515,300.3230902695074,13.59281286844393,0.6881283591433269,394.48754815822696,11.422025029252215,0.7504896041823597,405.74286681384575,0.0,0.0,0.0,0.0,0.0,0.0,0.0,0.0,0.0,0.0,329.3634033203125,0.0
1764795322.953871,"[0.577922207967437, 0.4013086035630188, 0.44517981586012123, 0.33823873669203564, 0.11011221178229849, 0.4070633210919629, 0.2758803171211542, 0.9438654737223579, 0.6496381535878172, 0.48159646246360927, 0.2831518357580359, 0.8960023485981137, 0.8338290992682402, 0.9381477335872577, 0.6806661734146651]",16.83357381588075,0.9640603539420337,401.9981085800543,10,"nsga-2382244-[0.623377, 2.90458, 0.583554, 0.401472, 0.333034, 0.403532, 2.46558, 0.38316, 3.1241, -0.368071, 0.25, 3.292, 3.16766, 2, -1.59667]",0,401.9981085800543,300.0,16.83357381588075,0.9804008050662715,305.0808312392816,16.681428202187142,0.9640603539420337,300.3565781197897,9.338704751177533,1.0577664590463405,401.9981085800543,0.0,0.0,0.0,0.0,0.0,0.0,0.0,0.0,0.0,0.0,217.5924530029297,0.0
1764795322.9549763,"[0.36697370179978483, 0.18153863390970212, 0.9515668512753725, 0.11082709177255554, 0.3419780118741398, 0.007342865383931724, 0.033763452272115316, 0.4606323102806781, 0.641392012952524, 0.824875790629178, 0.3006468435827242, 0.6289505397068846, 0.4439528122447701, 0.4856921009154165, 0.888676680652707]",17.950315028865163,0.7149289174777705,410.5577222870617,10,"nsga-2382244-[0.560092, 2.13539, 0.73547, 0.333248, 0.402593, 0.203671, 1.61817, 0.23819, 3.10348, 6.49752, 0.25, 2.7579, 2.38791, 2, -0.556617]",0,410.5577222870617,300.0,17.950315028865163,0.9067275614273257,307.8042174176472,12.382399842797255,0.7149289174777705,393.12410940775055,13.714320745700743,0.7331332654487795,410.5577222870617,0.0,0.0,0.0,0.0,0.0,0.0,0.0,0.0,0.0,0.0,280.4377746582031,0.0
1764795322.9561024,"[0.36017562304195194, 0.4817342941248237, 0.6212465338944664, 0.454132123842869, 0.34192915021305387, 0.4082322039480436, 0.3141673066304372, 0.9377585035625868, 0.6449158438440284, 0.559923677779199, 0.48299290247249543, 0.8881615979155619, 0.3416680014919255, 0.4682672300069276, 0.9290582587350221]",16.135335308167992,0.7756348676797821,483.05743795255336,10,"nsga-2382244-[0.558053, 3.18607, 0.636374, 0.43624, 0.402579, 0.404116, 2.59959, 0.381328, 3.11229, 1.19847, 0.25, 3.27632, 2.18334, 2, -0.354709]",0,483.05743795255336,300.0,16.135335308167992,0.8918584797440505,300.2200466807296,13.448078136909299,0.7756348676797821,447.120344208508,12.125192818990568,0.7991537608751437,483.05743795255336,0.0,0.0,0.0,0.0,0.0,0.0,0.0,0.0,0.0,0.0,348.1724853515625,0.0
1764795322.9572034,"[0.5772333866554445, 0.6074346910837469, 0.4377701062851516, 0.4556422482718841, 0.277592281843566, 0.40719783154724715, 0.47246403791536457, 0.523657457066304, 0.6490249028211973, 0.5570249742898105, 0.9177527986667985, 0.8952840050088361, 0.4394946113257404, 0.9308698185969757, 0.6920179337727325]",17.60109725579983,0.6893179689965597,449.65091225228656,10,"nsga-2382244-[0.62317, 3.62602, 0.581331, 0.436693, 0.383278, 0.403599, 3.15362, 0.257097, 3.12256, 1.1405, 0.25, 3.29057, 2.37899, 2, -1.53991]",0,449.65091225228656,300.0,17.60109725579983,0.8862304649701933,300.596485975312,13.05760302194735,0.6893179689965597,436.51158752441404,11.535668796446265,0.7155398996864877,449.65091225228656,0.0,0.0,0.0,0.0,0.0,0.0,0.0,0.0,0.0,0.0,368.94110107421875,0.0
1764795322.9583216,"[0.36697370179978483, 0.18418170793154362, 0.6313488318271436, 0.33668256439723204, 0.34162504602124916, 0.4083709480557767, 0.033763452272115316, 0.9455865143190201, 0.6429072076381043, 0.8253202637491556, 0.7729940612892873, 0.5032790231951482, 0.3428721658874292, 0.9659576727600077, 0.8862036158382889]",16.867331193133097,0.851318655072189,478.17098001619667,10,"nsga-2382244-[0.560092, 2.14464, 0.639405, 0.401005, 0.402488, 0.404185, 1.61817, 0.383676, 3.10727, 6.50641, 0.25, 2.50656, 2.18574, 2, -0.568982]",0,478.17098001619667,300.0,16.867331193133097,0.9504651514495291,320.14839855287136,12.506133991334497,0.851318655072189,451.5978063443812,10.458853647185535,0.8934969413571241,478.17098001619667,0.0,0.0,0.0,0.0,0.0,0.0,0.0,0.0,0.0,0.0,382.3199462890625,0.0
1764795322.9594405,"[0.577212118208076, 0.3029470127856414, 0.9509780579409349, 0.45339899078694457, 0.34197765538596975, 0.40804474980613736, 0.47246403791536457, 0.9315283363590159, 0.7267428485895849, 0.5585989386872695, 0.47021438532534393, 0.6271994341245491, 0.44248050098992664, 0.9584236716656532, 0.9280902958860826]",17.391884524647782,0.7767969268124278,472.5002393769055,10,"nsga-2382244-[0.623164, 2.56031, 0.735293, 0.43602, 0.402593, 0.404022, 3.15362, 0.379459, 3.31686, 1.17198, 0.25, 2.7544, 2.38496, 2, -0.359549]",0,472.5002393769055,300.0,17.391884524647782,0.9101318586163405,333.59814501506526,12.950273285842524,0.7767969268124278,449.3470061511528,10.825583569596454,0.8145885999609784,472.5002393769055,0.0,0.0,0.0,0.0,0.0,0.0,0.0,0.0,0.0,0.0,399.7651062011719,0.0
1764795322.9605498,"[0.2006943584313035, 0.47592084404420976, 0.619313388329757, 0.27151872118864584, 0.10619120867630866, 0.4058522196249083, 0.9742918579798601, 0.45919328829082884, 0.7276206089671629, 0.5590322583060574, 0.47624135714838056, 0.8833732189927752, 0.445786486383033, 0.9429456797189092, 0.9196159281012888]",18.77953001347984,0.6832110640479298,451.9779467326839,10,"nsga-2382244-[0.510208, 3.16572, 0.635794, 0.381456, 0.331857, 0.402926, 4.91002, 0.237758, 3.31905, 1.18065, 0.25, 3.26675, 2.39157, 2, -0.40192]",0,451.9779467326839,300.0,18.77953001347984,0.8467318383658805,303.0836267983041,13.672727031242557,0.6832110640479298,444.1878461884289,13.138945626049507,0.6943065282775135,451.9779467326839,0.0,0.0,0.0,0.0,0.0,0.0,0.0,0.0,0.0,0.0,317.6417541503906,0.0
1764795322.9619374,"[0.20182789596796125, 0.47233184650827736, 0.6226024479791654, 0.27267935191672954, 0.3416124693665338, 0.40804474980613736, 0.9475726372415127, 0.45919328829082884, 0.6463314927118713, 0.5582526463597574, 0.5114840723635883, 0.4870928596058586, 0.33942078688558985, 0.9484269063039837, 0.6833189247517173]",18.901161831181224,0.7408692057539777,441.092255383003,10,"nsga-2382244-[0.510548, 3.15316, 0.636781, 0.381804, 0.402484, 0.404022, 4.8165, 0.237758, 3.11583, 1.16505, 0.25, 2.47419, 2.17884, 2, -1.58341]",0,441.092255383003,300.0,18.901161831181224,0.8740425025544516,302.06654573766195,14.268073272705077,0.7408692057539777,413.88004213658775,12.405372126509503,0.775030264912582,441.092255383003,0.0,0.0,0.0,0.0,0.0,0.0,0.0,0.0,0.0,0.0,318.09259033203125,0.0
1764795322.9630606,"[0.20153839253205538, 0.4758977428481196, 0.6000314618729357, 0.27166884897413823, 0.10575777081011162, 0.2327987229584842, 0.2735841650276733, 0.45919328829082884, 0.7208051479335827, 0.45344200242746635, 0.2762045266791014, 0.9104876217060822, 0.43755420348974966, 0.48033919265450187, 0.6920382459807822]",18.2552865470328,0.7116135425683928,417.16124639743714,10,"nsga-2382244-[0.510462, 3.16564, 0.630009, 0.381501, 0.331727, 0.316399, 2.45754, 0.237758, 3.30201, -0.93116, 0.25, 3.32098, 2.37511, 2, -1.53981]",0,417.16124639743714,300.0,18.2552865470328,0.8290754757276395,318.39534543665445,14.39090321238448,0.7116135425683928,386.097544004859,12.534140028604646,0.7522142413185864,417.16124639743714,0.0,0.0,0.0,0.0,0.0,0.0,0.0,0.0,0.0,0.0,283.02484130859375,0.0
1764795322.9641669,"[0.5738314694272226, 0.399404065591288, 0.878004347864278, 0.11238326406565083, 0.27971984703642944, 0.003391498392138939, 0.9796872398293388, 0.45794543531447507, 0.6494180540783833, 0.481150085036412, 0.3040333905329903, 0.18684527224276926, 0.4429128180463183, 0.931934708689341, 0.6790733593372246]",0.0,100.0,243.47095057789872,10,"nsga-2382244-[0.622149, 2.89791, 0.713401, 0.333715, 0.383916, 0.201696, 4.92891, 0.237384, 3.12355, -0.376998, 0.25, 1.87369, 2.38583, 2, -1.60463]",0,243.47095057789872,300.0,0.0,100.0,0.0,0.0,100.0,0.0,15.955349736097382,0.7801947273859163,243.47095057789872,0.0,0.0,0.0,0.0,0.0,0.0,0.0,0.0,0.0,0.0,134.04135131835938,0.0
1764795322.9652658,"[0.5779642829265916, 0.6090441104614399, 0.4376908294239208, 0.3383884560680339, 0.11389133939397603, 0.41531724506717693, 0.27578738967585903, 0.5306167127728612, 0.649593295134715, 0.4816193662676675, 0.3029413746928874, 0.4781736284058536, 0.8337808438833569, 0.48202327348006035, 0.6832430594189415]",17.538505419289194,0.7959210174839672,443.0189398788824,10,"nsga-2382244-[0.623389, 3.63165, 0.581307, 0.401517, 0.334167, 0.407659, 2.46526, 0.259185, 3.12398, -0.367613, 0.25, 2.45635, 3.16756, 2, -1.58378]",0,443.0189398788824,300.0,17.538505419289194,0.9504397258525942,300.2036735348585,12.929529306365222,0.7959210174839672,434.3499906214272,12.842832262923078,0.7963805480701167,443.0189398788824,0.0,0.0,0.0,0.0,0.0,0.0,0.0,0.0,0.0,0.0,325.8355407714844,0.0
1764795322.9663572,"[0.36836064666802304, 0.3036855488357523, 0.6276810338375352, 0.3424236844083816, 0.3416246895330791, 0.002769705853914395, 0.47246403791536457, 0.5258887325531606, 0.2607429615332161, 0.5567457052138608, 0.48153811354328535, 0.8769996419076489, 0.3413998546325857, 0.9455721658863194, 0.7410754734041018]",17.011449762670004,0.6970017072631092,446.72696689512674,10,"nsga-2382244-[0.560508, 2.5629, 0.638304, 0.402727, 0.402487, 0.201385, 3.15362, 0.257767, 2.15186, 1.13491, 0.25, 3.254, 2.1828, 2, -1.29462]",0,446.72696689512674,300.0,17.011449762670004,0.850360301064282,301.0077439098823,13.456310728119641,0.6970017072631092,402.937907744617,11.442094849377144,0.7216885403888982,446.72696689512674,0.0,0.0,0.0,0.0,0.0,0.0,0.0,0.0,0.0,0.0,333.6221008300781,0.0
1764795322.9674735,"[0.5779642829265916, 0.6090441104614399, 0.43932942833958755, 0.4563601152078466, 0.3429601204989992, 0.0021313660373022455, 0.47120303039095723, 0.5384800611480526, 0.6492779539170083, 0.4816193662676675, 0.3029413746928874, 0.8536343579981478, 0.8337808438833569, 0.46911644042691275, 0.6795677863225585]",17.845899419086734,0.6488196887621065,400.33436696122334,10,"nsga-2382244-[0.623389, 3.63165, 0.581799, 0.436908, 0.402888, 0.201066, 3.14921, 0.261544, 3.12319, -0.367613, 0.25, 3.20727, 3.16756, 2, -1.60216]",0,400.33436696122334,300.0,17.845899419086734,0.8104899034267519,300.12980302019815,13.676413117385492,0.6488196887621065,395.13609674965466,13.182203674316407,0.6502875546129738,400.33436696122334,0.0,0.0,0.0,0.0,0.0,0.0,0.0,0.0,0.0,0.0,324.6219482421875,0.0
1764795322.9685733,"[0.577212118208076, 0.6118270380926656, 0.6258640645766879, 0.33687050445303546, 0.11255590842966923, 0.4081214858997806, 0.2770483972002663, 0.523657457066304, 0.7278056795214581, 0.5585989386872695, 0.48153757911558487, 0.8664854958640007, 0.4394829049893291, 0.9456486393465061, 0.6832374449404367]",17.21992963000042,0.7065090888884009,441.6052176870951,10,"nsga-2382244-[0.623164, 3.64139, 0.637759, 0.401061, 0.333767, 0.404061, 2.46967, 0.257097, 3.31951, 1.17198, 0.25, 3.23297, 2.37897, 2, -1.58381]",0,441.6052176870951,300.0,17.21992963000042,0.8838869644374382,300.75903078404866,12.854760597973335,0.7065090888884009,437.30671159697744,12.3838140627233,0.7133899191530739,441.6052176870951,0.0,0.0,0.0,0.0,0.0,0.0,0.0,0.0,0.0,0.0,326.4569091796875,0.0
1764795776.7473075,"[0.19898264127813894, 0.4739049356376764, 0.6271061129218164, 0.27493083967548415, 0.3419456986074026, 0.40761275416772286, 0.2864694440787615, 0.5311215254276578, 0.6427312821889266, 0.47632582800068124, 0.47963287256737686, 0.48708856848341336, 0.44267286535641864, 0.47199701621167556, 0.8878721084878143]",18.83624577871183,0.79306126164227,437.87850512993043,11,"nsga-2382244-[0.509695, 3.15867, 0.638132, 0.382479, 0.402584, 0.403806, 2.50264, 0.259336, 3.10683, -0.473483, 0.25, 2.47418, 2.38535, 2, -0.560639]",0,437.87850512993043,300.0,18.83624577871183,0.9047179041839227,300.31533223594107,14.060836559388695,0.79306126164227,424.3125803505502,12.52101198056849,0.8284504582242268,437.87850512993043,0.0,0.0,0.0,0.0,0.0,0.0,0.0,0.0,0.0,0.0,314.3279724121094,0.0
1764795776.7506814,"[0.36154799513143787, 0.1915922579759587, 0.9483301638605779, 0.3345620802609961, 0.33934093321417597, 0.40835644243924846, 0.03650537664709269, 0.9460356536703178, 0.6455045446880063, 0.8314908865780501, 0.7608501535629811, 0.6297007320134153, 0.4439528122447701, 0.4706251121428686, 0.6749332670712148]",16.77700482345209,0.8625994523123997,499.1810641405059,11,"nsga-2382244-[0.558464, 2.17057, 0.734499, 0.400369, 0.401802, 0.404178, 1.62777, 0.383811, 3.11376, 6.62982, 0.25, 2.7594, 2.38791, 2, -1.62533]",0,499.1810641405059,300.0,16.77700482345209,0.9336484246137665,335.92285807539776,16.067181131316396,0.8625994523123997,300.22749738460635,11.275459382592178,0.8810395653654889,499.1810641405059,0.0,0.0,0.0,0.0,0.0,0.0,0.0,0.0,0.0,0.0,363.3315124511719,0.0
1764795776.7518258,"[0.19246859690723242, 0.18344317188143278, 0.9562862302595188, 0.33668256439723204, 0.10440101858727605, 0.4083709480557767, 0.9327921544522666, 0.9376829481662816, 0.6418834913143247, 0.5590370709950595, 0.4761813046200007, 0.8819081757538567, 0.3389547337321586, 0.9642825686710867, 0.8864441470391604]",0.0,100.0,242.46437644028083,11,"nsga-2382244-[0.507741, 2.14205, 0.736886, 0.401005, 0.33132, 0.404185, 4.76477, 0.381305, 3.10471, 1.18074, 0.25, 3.26382, 2.17791, 2, -0.567779]",0,242.46437644028083,300.0,0.0,100.0,0.0,0.0,100.0,0.0,9.409303525599038,1.247742107437878,242.46437644028083,0.0,0.0,0.0,0.0,0.0,0.0,0.0,0.0,0.0,0.0,28.927047729492188,0.0
1764795776.7533472,"[0.3789913492705723, 0.47592084404420976, 0.619313388329757, 0.27151872118864584, 0.3437682019727155, 0.4058522196249083, 0.0746969198064974, 0.45919328829082884, 0.7276206089671629, 0.5585006203151309, 0.7617303855997279, 0.6304155829422774, 0.44561980066664625, 0.9429456797189092, 0.9193753969004173]",18.654798591427685,0.7594666073961955,443.9512740716702,11,"nsga-2382244-[0.563697, 3.16572, 0.635794, 0.381456, 0.40313, 0.402926, 1.76144, 0.237758, 3.31905, 1.17001, 0.25, 2.76083, 2.39124, 2, -0.403123]",0,443.9512740716702,300.0,18.654798591427685,0.9057540765622767,308.7645759024271,13.4092603171744,0.7594666073961955,430.61509432908963,11.998186204491592,0.7844705517699079,443.9512740716702,0.0,0.0,0.0,0.0,0.0,0.0,0.0,0.0,0.0,0.0,353.04150390625,0.0
1764795776.754489,"[0.19867775409920457, 0.3933357450126007, 0.44517981586012123, 0.11353399858415039, 0.3409715647620686, 0.004493717062618335, 0.29070925945498366, 0.45891875030613316, 0.6494112572639007, 0.48159646246360927, 0.5085456105270973, 0.8768873759146895, 0.8338290992682402, 0.46949579265962615, 0.39770485897784047]",18.41600110123797,0.6907571871106217,351.31484955578316,11,"nsga-2382244-[0.509603, 2.87668, 0.583554, 0.33406, 0.402291, 0.202247, 2.51748, 0.237676, 3.12353, -0.368071, 0.25, 3.25377, 3.16766, 2, -3.01148]",0,351.31484955578316,300.0,18.41600110123797,0.8232563260124951,302.65923221867257,13.648798686702078,0.6907571871106217,342.47328513540873,14.06765253020496,0.6939921117410427,351.31484955578316,0.0,0.0,0.0,0.0,0.0,0.0,0.0,0.0,0.0,0.0,211.48158264160156,0.0
1764795776.7556076,"[0.5809483923374443, 0.6134180983877244, 0.6226024479791654, 0.2709247980553705, 0.11068839130712307, 0.41011391052649726, 0.938309645914533, 0.45919328829082884, 0.7390730836930385, 0.5582526463597574, 0.28609029759452675, 0.4870928636918696, 0.4429157579884326, 0.9428742763171544, 0.683869434636176]",17.572075885679663,0.6989387497669313,449.49849697206076,11,"nsga-2382244-[0.624285, 3.64696, 0.636781, 0.381277, 0.333207, 0.405057, 4.78408, 0.237758, 3.34768, 1.16505, 0.25, 2.47419, 2.38583, 2, -1.58065]",0,449.49849697206076,300.0,17.572075885679663,0.8783433632152836,300.42806351824504,13.048252175493937,0.6989387497669313,432.4320633306736,11.506762774397687,0.7327237149564231,449.49849697206076,0.0,0.0,0.0,0.0,0.0,0.0,0.0,0.0,0.0,0.0,341.8322448730469,0.0
1764795776.7567213,"[0.5388053963270336, 0.47734194711590516, 0.4372749041627489, 0.4556537949248568, 0.34062214390060447, 0.4082322039480436, 0.3141673066304372, 0.9377585035625868, 0.23613088526148845, 0.47999724905366886, 0.9217284845694984, 0.8881615979155619, 0.3414022007575546, 0.945427771545006, 0.9275206539210622]",16.975625214925625,0.8411069907793185,491.5150137552401,11,"nsga-2382244-[0.611642, 3.1707, 0.581182, 0.436696, 0.402187, 0.404116, 2.59959, 0.381328, 2.09033, -0.400055, 0.25, 3.27632, 2.1828, 2, -0.362397]",0,491.5150137552401,300.0,16.975625214925625,0.9903784522196142,300.152754360292,12.731051203099693,0.8411069907793185,454.1749416072194,10.92582783582734,0.8824603700056308,491.5150137552401,0.0,0.0,0.0,0.0,0.0,0.0,0.0,0.0,0.0,0.0,353.0068359375,0.0
1764795776.7578316,"[0.19898264127813894, 0.4739049356376764, 0.6191520844657356, 0.2726841108485517, 0.33930861994743877, 0.40759824855119464, 0.2864694440787615, 0.5311215254276578, 0.645586090960663, 0.5595252867006973, 0.4788126930590101, 0.48708856848341336, 0.44267286535641864, 0.4705848053802866, 0.677121059647336]",18.881626538532537,0.7993753430319995,452.296009417278,11,"nsga-2382244-[0.509695, 3.15867, 0.635746, 0.381805, 0.401793, 0.403799, 2.50264, 0.259336, 3.11397, 1.19051, 0.25, 2.47418, 2.38535, 2, -1.61439]",0,452.296009417278,300.0,18.881626538532537,0.905095698193806,300.5221840463034,13.45376712519948,0.7993753430319995,434.67798082305166,12.2367851443407,0.8358513044147957,452.296009417278,0.0,0.0,0.0,0.0,0.0,0.0,0.0,0.0,0.0,0.0,324.0821533203125,0.0
1764795776.7589562,"[0.36017562304195194, 0.47734194711590516, 0.9684065564665019, 0.4574158399789653, 0.34192915021305387, 0.1920399113281764, 0.31119124304735013, 0.9377585035625868, 0.6511250767617826, 0.5570260849198344, 0.7638244252039013, 0.635834774112992, 0.34512651974688846, 0.47055824198937307, 0.8741750185111562]",16.38956928253174,0.770677826171968,482.18823480373476,11,"nsga-2382244-[0.558053, 3.1707, 0.740522, 0.437225, 0.402579, 0.29602, 2.58917, 0.381328, 3.12781, 1.14052, 0.25, 2.77167, 2.19025, 2, -0.629125]",0,482.18823480373476,300.0,16.38956928253174,0.878182822029765,301.2442928965499,13.869899400850622,0.770677826171968,437.89248082230733,12.114460642744856,0.8069398417705442,482.18823480373476,0.0,0.0,0.0,0.0,0.0,0.0,0.0,0.0,0.0,0.0,284.498779296875,0.0
1764795776.7600796,"[0.3669874792063742, 0.18344317188143278, 0.42259510945224854, 0.33668256439723204, 0.3419780118741398, 0.4096445716817559, 0.036742271358165435, 0.9455865143190201, 0.6418834913143247, 0.8253202637491556, 0.9171152245153856, 0.8813338358584671, 0.3481526096997287, 0.9659576727600077, 0.930861061678209]",16.917667765733672,0.8160513680155684,493.5913234803735,11,"nsga-2382244-[0.560096, 2.14205, 0.576779, 0.401005, 0.402593, 0.404822, 1.6286, 0.383676, 3.10471, 6.50641, 0.25, 3.26267, 2.19631, 2, -0.345695]",0,493.5913234803735,300.0,16.917667765733672,0.9588265796987022,319.9518178055926,12.03918456100836,0.8160513680155684,480.8057525634766,10.980761211674388,0.832395798985551,493.5913234803735,0.0,0.0,0.0,0.0,0.0,0.0,0.0,0.0,0.0,0.0,389.5696105957031,0.0
1764795776.7612174,"[0.36154799513143787, 0.1916145359110916, 0.950655359301575, 0.3368088090879285, 0.3419780118741398, 0.4083709480557767, 0.03650537664709269, 0.9226109403674212, 0.6464011622294156, 0.8253202637491556, 0.7472681256878946, 0.6290052069031367, 0.33925330374147017, 0.4720373229742576, 0.8856843159122161]",16.94767153670148,0.8287135782038293,508.1091138886242,11,"nsga-2382244-[0.558464, 2.17065, 0.735197, 0.401043, 0.402593, 0.404185, 1.62777, 0.376783, 3.116, 6.50641, 0.25, 2.75801, 2.17851, 2, -0.571578]",0,508.1091138886242,300.0,16.94767153670148,0.9250160880205108,346.18023782125334,15.990872764587403,0.8287135782038293,300.6950878282873,11.134380461529988,0.8621596664917178,508.1091138886242,0.0,0.0,0.0,0.0,0.0,0.0,0.0,0.0,0.0,0.0,384.8263244628906,0.0
1764795776.762346,"[0.20182789596796125, 0.4723095685731504, 0.6282314039351969, 0.27267935191672954, 0.3416124693665338, 0.40804474980613736, 0.9475726372415127, 0.48261084931318843, 0.6425800663987257, 0.5582526463597574, 0.5258862797470418, 0.4877883847161373, 0.4441202953888898, 0.9484269063039837, 0.6833189247517173]",18.72243172250143,0.7384531867213365,448.212444175162,11,"nsga-2382244-[0.510548, 3.15308, 0.638469, 0.381804, 0.402484, 0.404022, 4.8165, 0.244783, 3.10645, 1.16505, 0.25, 2.47558, 2.38824, 2, -1.58341]",0,448.212444175162,300.0,18.72243172250143,0.871033957527905,300.5254024598657,14.211177988750178,0.7384531867213365,434.66457895418495,13.09763439922798,0.7500555750800342,448.212444175162,0.0,0.0,0.0,0.0,0.0,0.0,0.0,0.0,0.0,0.0,329.3556213378906,0.0
1764795776.763446,"[0.5738848569061697, 0.39940259611318285, 0.4448327740540911, 0.33911004247098575, 0.2814221119759998, 0.0021234169658941207, 0.23888401051335523, 0.5307279967555995, 0.6490967428210871, 0.48129866591973697, 0.28314700993081593, 0.48660207321601756, 0.4428645626448666, 0.4694986007957298, 0.6923601217450621]",16.773461997799757,0.6771714114561314,404.4524123401177,11,"nsga-2382244-[0.622165, 2.89791, 0.58345, 0.401733, 0.384427, 0.201062, 2.33609, 0.259218, 3.12274, -0.374027, 0.25, 2.4732, 2.38573, 2, -1.5382]",0,404.4524123401177,300.0,16.773461997799757,0.8465301173489268,300.5766322810475,12.490637011644317,0.6771714114561314,391.0439580405631,13.220735312671197,0.6868024381195627,404.4524123401177,0.0,0.0,0.0,0.0,0.0,0.0,0.0,0.0,0.0,0.0,305.5173034667969,0.0
1764795776.764549,"[0.5779642829265916, 0.6090441104614399, 0.43932942833958755, 0.3383884560680339, 0.11389133939397603, 0.0021313660373022455, 0.27578738967585903, 0.4571290832994146, 0.6490899460066045, 0.4816193662676675, 0.3030952456236659, 0.8542170689488869, 0.8337808438833569, 0.48202327348006035, 0.6831903241111537]",16.353755960231872,0.6616101703992704,408.5354260328339,11,"nsga-2382244-[0.623389, 3.63165, 0.581799, 0.401517, 0.334167, 0.201066, 2.46526, 0.237139, 3.12272, -0.367613, 0.25, 3.20843, 3.16756, 2, -1.58405]",0,408.5354260328339,300.0,16.353755960231872,0.8289385757795195,300.03023216433644,13.647956355025128,0.6616101703992704,393.3269974499214,12.00104443154684,0.684360659122467,408.5354260328339,0.0,0.0,0.0,0.0,0.0,0.0,0.0,0.0,0.0,0.0,309.515380859375,0.0
1764795776.76729,"[0.5765816470339115, 0.474299330040127, 0.9544170821214418, 0.3440999731818933, 0.1119203021144629, 0.4082322039480436, 0.3135796117537264, 0.9362889076532898, 0.6388984446655589, 0.5569346377856305, 0.9217284845694984, 0.8951374413803728, 0.8312619483799487, 0.945427771545006, 0.8843081452690413]",16.874143498118332,0.9238902632783099,312.72979933575886,11,"nsga-2382244-[0.622974, 3.16005, 0.736325, 0.40323, 0.333576, 0.404116, 2.59753, 0.380887, 3.09725, 1.13869, 0.25, 3.29027, 3.16252, 2, -0.578459]",0,312.72979933575886,300.0,16.874143498118332,0.9532482042545225,311.195854670827,16.582547457625225,0.9238902632783099,301.08213236738993,16.796958914035706,0.9582599026400869,312.72979933575886,0.0,0.0,0.0,0.0,0.0,0.0,0.0,0.0,0.0,0.0,94.66439819335938,0.0
1764795776.7684367,"[0.5779642829265916, 0.6090441104614399, 0.43932942833958755, 0.33832515422300496, 0.3439422065007359, 0.0021313660373022455, 0.27578738967585903, 0.5320854739243568, 0.24632238660270567, 0.48174026422074473, 0.3029413746928874, 0.4886987729399215, 0.34392109581572283, 0.48202327348006035, 0.6746709816186185]",16.72869388766405,0.7238010976372695,415.44064349662966,11,"nsga-2382244-[0.623389, 3.63165, 0.581799, 0.401498, 0.403183, 0.201066, 2.46526, 0.259626, 2.11581, -0.365195, 0.25, 2.4774, 2.18784, 2, -1.62665]",0,415.44064349662966,300.0,16.72869388766405,0.8349930934789704,300.08601762725084,13.31694024248821,0.7238010976372695,397.58699366871906,12.004325927176126,0.7376412894667649,415.44064349662966,0.0,0.0,0.0,0.0,0.0,0.0,0.0,0.0,0.0,0.0,297.06414794921875,0.0
1764795776.76956,"[0.3669872244860577, 0.18344317188143278, 0.9561967445781424, 0.33668256439723204, 0.3419780118741398, 0.4083709480557767, 0.033763452272115316, 0.9455865143190201, 0.6416189092764405, 0.824875790629178, 0.3073109124214234, 0.6289505397068846, 0.4439528122447701, 0.9659406895074119, 0.8752341804808832]",16.794891394638434,0.8560368677464927,490.7865267869903,11,"nsga-2382244-[0.560096, 2.14205, 0.736859, 0.401005, 0.402593, 0.404185, 1.61817, 0.383676, 3.10405, 6.49752, 0.25, 2.7579, 2.38791, 2, -0.623829]",0,490.7865267869903,300.0,16.794891394638434,0.9293566846266026,332.85548925632384,12.472372762168327,0.8560368677464927,468.9335727226443,9.800060002396746,0.9774970476220294,490.7865267869903,0.0,0.0,0.0,0.0,0.0,0.0,0.0,0.0,0.0,0.0,376.75897216796875,0.0
1764795776.770699,"[0.36697395652010134, 0.18344317188143278, 0.9516563369567489, 0.33668256439723204, 0.3419780118741398, 0.19345227906188864, 0.033763452272115316, 0.9455865143190201, 0.6418834913143247, 0.8253202637491556, 0.7550062642316716, 0.6289505397068846, 0.3481772192277132, 0.9543784232123267, 0.8862621340243644]",17.108434146788063,0.8040983040158342,465.69514919374046,11,"nsga-2382244-[0.560092, 2.14205, 0.735497, 0.401005, 0.402593, 0.296726, 1.61817, 0.383676, 3.10471, 6.50641, 0.25, 2.7579, 2.19635, 2, -0.568689]",0,465.69514919374046,300.0,17.108434146788063,0.9294249598572893,302.7247518585949,12.446790937098061,0.8040983040158342,448.64435804413586,11.569476015974836,0.8170644271664503,465.69514919374046,0.0,0.0,0.0,0.0,0.0,0.0,0.0,0.0,0.0,0.0,351.8262939453125,0.0
1764795776.771794,"[0.20182789596796125, 0.302158525205629, 0.6226024055182356, 0.27267935191672954, 0.3416124693665338, 0.40804474980613736, 0.9475726372415127, 0.45919328829082884, 0.6463314927118713, 0.5582526463597574, 0.5114840723635883, 0.48709241105904466, 0.4419755506891795, 0.9484269063039837, 0.953277745890336]",19.15349424408703,0.726772952952036,445.57578921434356,11,"nsga-2382244-[0.510548, 2.55755, 0.636781, 0.381804, 0.402484, 0.404022, 4.8165, 0.237758, 3.11583, 1.16505, 0.25, 2.47418, 2.38395, 2, -0.233611]",0,445.57578921434356,300.0,19.15349424408703,0.8935700006601287,300.1526641101372,13.473008365165896,0.726772952952036,439.5153253322694,13.414511187483624,0.7273132475411019,445.57578921434356,0.0,0.0,0.0,0.0,0.0,0.0,0.0,0.0,0.0,0.0,342.8782958984375,0.0
1764795776.7729156,"[0.21309252257328748, 0.4693986310758448, 0.6225902338992962, 0.27191080081069885, 0.3416246895330791, 0.40804474980613736, 0.939868145334952, 0.8141164651560622, 0.7275164638393713, 0.5585989386872695, 0.4764344305849683, 0.49364187704820917, 0.33944101257509374, 0.9428701352064851, 0.6859985086493224]",16.179477789343856,0.7934171382973834,454.3399706584651,11,"nsga-2382244-[0.513928, 3.1429, 0.636777, 0.381573, 0.402487, 0.404022, 4.78954, 0.344235, 3.31879, 1.17198, 0.25, 2.48728, 2.17888, 2, -1.57001]",0,454.3399706584651,300.0,16.179477789343856,0.8599577804891074,301.4467697701803,13.796422446646341,0.7934171382973834,438.26311969291874,12.625369955853719,0.8132183679720251,454.3399706584651,0.0,0.0,0.0,0.0,0.0,0.0,0.0,0.0,0.0,0.0,301.2205505371094,0.0
1764795776.7740362,"[0.363969789551127, 0.6045519441457663, 0.6221714081661853, 0.2739098550546648, 0.3416246895330791, 0.40804474980613736, 0.9475726372415127, 0.9428016341239771, 0.7390730836930385, 0.5570361983192532, 0.5055380377969891, 0.5003693998103461, 0.4426758052985329, 0.9428742763171544, 0.4047890533557972]",15.43773305939465,0.8212127543077237,429.2744516884408,11,"nsga-2382244-[0.559191, 3.61593, 0.636651, 0.382173, 0.402487, 0.404022, 4.8165, 0.38284, 3.34768, 1.14072, 0.25, 2.50074, 2.38535, 2, -2.97605]",0,429.2744516884408,300.0,15.43773305939465,0.8789294103296792,300.1354381096072,14.42804747325618,0.8212127543077237,389.3656533590177,11.631898182194407,0.8911509246360965,429.2744516884408,0.0,0.0,0.0,0.0,0.0,0.0,0.0,0.0,0.0,0.0,282.6354675292969,0.0
1764795776.7751365,"[0.19803372945878617, 0.4801313520999966, 0.4354100237598928, 0.45618533684103, 0.34192915021305387, 0.4082322039480436, 0.3141673066304372, 0.4541415837036057, 0.6511250767617826, 0.5582425329603385, 0.9252149276809152, 0.8749415267859532, 0.345101910218904, 0.47055824198937307, 0.9094756178092469]",18.586204812584853,0.716774009786001,420.2200450990258,11,"nsga-2382244-[0.50941, 3.18046, 0.580623, 0.436856, 0.402579, 0.404116, 2.59959, 0.236242, 3.12781, 1.16485, 0.25, 3.24988, 2.1902, 2, -0.452622]",0,420.2200450990258,300.0,18.586204812584853,0.859110512966063,300.0890766422923,14.109762968668123,0.716774009786001,408.1149037430926,12.577192957808332,0.7418345535673746,420.2200450990258,0.0,0.0,0.0,0.0,0.0,0.0,0.0,0.0,0.0,0.0,317.7342529296875,0.0
1764795776.7762308,"[0.36153177504983275, 0.18344317188143278, 0.9542905315708654, 0.3366789119931391, 0.3419780118741398, 0.4082332553613056, 0.033763452272115316, 0.9456019354828182, 0.6416189092764405, 0.569420735132053, 0.7565471393309211, 0.6289082208676949, 0.44462586174703805, 0.46430962255117403, 0.8853007880138237]",16.999358809866557,0.7906389575905917,489.31219601514863,11,"nsga-2382244-[0.55846, 2.14205, 0.736287, 0.401004, 0.402593, 0.404117, 1.61817, 0.383681, 3.10405, 1.38841, 0.25, 2.75782, 2.38925, 2, -0.573496]",0,489.31219601514863,300.0,16.999358809866557,0.9238531412147895,369.13371905815313,15.531558627617068,0.7906389575905917,301.66499696592007,12.470541460921124,0.870297822719667,489.31219601514863,0.0,0.0,0.0,0.0,0.0,0.0,0.0,0.0,0.0,0.0,387.45001220703125,0.0
1764795776.7773294,"[0.3601748593656196, 0.4817342941248237, 0.618493402391727, 0.454132123842869, 0.34192915021305387, 0.40836989664251466, 0.3141673066304372, 0.9377585035625868, 0.6449158438440284, 0.8158353727611654, 0.48299290247249543, 0.8881615979155619, 0.3409949519896575, 0.9582749932526755, 0.9294326914341988]",14.61415789069199,0.7539728414721605,479.3822360155059,11,"nsga-2382244-[0.558052, 3.18607, 0.635548, 0.43624, 0.402579, 0.404185, 2.59959, 0.381328, 3.11229, 6.31671, 0.25, 3.27632, 2.18199, 2, -0.352837]",0,479.3822360155059,300.0,14.61415789069199,0.8292740019356332,300.5261450232529,13.302687682175055,0.7539728414721605,430.7575405213891,10.985470720616783,0.8228193687229621,479.3822360155059,0.0,0.0,0.0,0.0,0.0,0.0,0.0,0.0,0.0,0.0,291.9063720703125,0.0
1764795776.7787323,"[0.3669874792063742, 0.18344317188143278, 0.9260771742114654, 0.33668256439723204, 0.3419780118741398, 0.19345227906188864, 0.033763452272115316, 0.9564028994279656, 0.6418834913143247, 0.8253202637491556, 0.7616703330713481, 0.6289505397068846, 0.3481772192277132, 0.4654357424702014, 0.6827461205699056]",16.173106593620485,0.8127188025451288,480.53314707686263,11,"nsga-2382244-[0.560096, 2.14205, 0.727823, 0.401005, 0.402593, 0.296726, 1.61817, 0.386921, 3.10471, 6.50641, 0.25, 2.7579, 2.19635, 2, -1.58627]",0,480.53314707686263,300.0,16.173106593620485,0.9504965601897821,300.1857124886862,13.307304396280427,0.8127188025451288,444.52808756014196,11.445257940524963,0.8279489749815406,480.53314707686263,0.0,0.0,0.0,0.0,0.0,0.0,0.0,0.0,0.0,0.0,350.9930114746094,0.0
1764795776.7800796,"[0.5779642829265916, 0.6090441104614399, 0.46950942323994505, 0.4563601152078466, 0.3429601204989992, 0.0021313660373022455, 0.47120303039095723, 0.5276436218226429, 0.6492779539170083, 0.4816193662676675, 0.3029413746928874, 0.8536343579981478, 0.8337808438833569, 0.9694764760471233, 0.8721143644195983]",17.709860862173684,0.647297576578652,405.57957235196744,11,"nsga-2382244-[0.623389, 3.63165, 0.590853, 0.436908, 0.402888, 0.201066, 3.14921, 0.258293, 3.12319, -0.367613, 0.25, 3.20727, 3.16756, 2, -0.639428]",0,405.57957235196744,300.0,17.709860862173684,0.7961655477198158,301.0636416179378,13.296264327444682,0.647297576578652,387.9123375869379,12.233886048851943,0.658009711998265,405.57957235196744,0.0,0.0,0.0,0.0,0.0,0.0,0.0,0.0,0.0,0.0,318.38140869140625,0.0
1764795776.7811887,"[0.5738848569061697, 0.1919792551324871, 0.8688963984967624, 0.33911004247098575, 0.28349897464812945, 0.0021234169658941207, 0.27088700879383903, 0.5384800611480526, 0.6493929359081921, 0.4883776388775486, 0.3029413746928874, 0.8520661167551464, 0.44396790713360373, 0.9727040487916794, 0.8892418540724688]",17.374806729758657,0.6862405294325293,419.85754945336316,11,"nsga-2382244-[0.622165, 2.17193, 0.710669, 0.401733, 0.38505, 0.201062, 2.4481, 0.261544, 3.12348, -0.232447, 0.25, 3.20413, 2.38794, 2, -0.553791]",0,419.85754945336316,300.0,17.374806729758657,0.9232422340206984,300.2103092100562,11.693271478792516,0.6862405294325293,413.33235696932167,11.799342667184225,0.6868127218106898,419.85754945336316,0.0,0.0,0.0,0.0,0.0,0.0,0.0,0.0,0.0,0.0,363.0826416015625,0.0
1764795776.7822917,"[0.36697370179978483, 0.60050802722445, 0.9548244092943015, 0.33668256439723204, 0.3419780118741398, 0.4083709480557767, 0.033763452272115316, 0.9455865143190201, 0.6413227161893355, 0.8177968176704495, 0.3006468435827242, 0.6290047922296459, 0.442849467756033, 0.45039920935548083, 0.6892407653086255]",14.855124734087688,0.8595702956362469,456.158269407691,11,"nsga-2382244-[0.560092, 3.60178, 0.736447, 0.401005, 0.402593, 0.404185, 1.61817, 0.383676, 3.10331, 6.35594, 0.25, 2.75801, 2.3857, 2, -1.5538]",0,456.158269407691,300.0,14.855124734087688,0.9110291568244376,300.1961202109732,13.19966244581269,0.8595702956362469,412.7383329065835,11.116207104194455,0.937551995893804,456.158269407691,0.0,0.0,0.0,0.0,0.0,0.0,0.0,0.0,0.0,0.0,271.3465881347656,0.0
1764795776.7834187,"[0.5779642829265916, 0.6092864574221017, 0.43932942833958755, 0.4563601152078466, 0.3429601204989992, 0.4043708162660735, 0.47120303039095723, 0.5384800611480526, 0.22627284533743391, 0.4820575220207972, 0.9244970056133481, 0.8954297224833889, 0.8573469535802958, 0.46911644042691275, 0.6795677863225585]",18.527970774580794,0.7691255488046785,447.6935718815501,11,"nsga-2382244-[0.623389, 3.6325, 0.581799, 0.436908, 0.402888, 0.402185, 3.14921, 0.261544, 2.06568, -0.35885, 0.25, 3.29086, 3.21469, 2, -1.60216]",0,447.6935718815501,300.0,18.527970774580794,0.9243414878845215,310.20468638350326,13.217197557774986,0.7691255488046785,419.23447496367663,12.298665563071646,0.777570212178114,447.6935718815501,0.0,0.0,0.0,0.0,0.0,0.0,0.0,0.0,0.0,0.0,353.8797912597656,0.0
1764795776.7845197,"[0.5765816470339115, 0.4740569830794652, 0.9544170821214418, 0.3440366713368643, 0.34197116921908716, 0.008856976583418968, 0.3135796117537264, 0.9377585035625868, 0.6591359938424902, 0.556617379985578, 0.30016527024433215, 0.8533420768951316, 0.31783607478392645, 0.945427771545006, 0.8757360674690351]",17.145462012872464,0.7036969176152857,450.0326147312071,11,"nsga-2382244-[0.622974, 3.1592, 0.736325, 0.403211, 0.402591, 0.204428, 2.59753, 0.381328, 3.14784, 1.13235, 0.25, 3.20668, 2.13567, 2, -0.62132]",0,450.0326147312071,300.0,17.145462012872464,0.86521483776046,300.17228337729847,13.289951678020199,0.7036969176152857,417.55632428425116,11.198026694321051,0.7405328994844018,450.0326147312071,0.0,0.0,0.0,0.0,0.0,0.0,0.0,0.0,0.0,0.0,358.85791015625,0.0
1764795776.785647,"[0.36017562304195194, 0.4817342941248237, 0.6212465338944664, 0.454132123842869, 0.3416240869681412, 0.4082322039480436, 0.3141673066304372, 0.45251029200556564, 0.7286503171133565, 0.559923677779199, 0.4832462164028885, 0.8794989504364743, 0.3434899177881682, 0.20917613919641329, 0.9290582587350221]",18.47118400015482,0.6960992629935102,426.8617934064167,11,"nsga-2382244-[0.558053, 3.18607, 0.636374, 0.43624, 0.402487, 0.404116, 2.59959, 0.235753, 3.32163, 1.19847, 0.25, 3.259, 2.18698, 2, -0.354709]",0,426.8617934064167,300.0,18.47118400015482,0.8700987365187668,300.8232057710973,13.670337556048137,0.6960992629935102,407.51745679901865,11.197447674448897,0.7653185443180364,426.8617934064167,0.0,0.0,0.0,0.0,0.0,0.0,0.0,0.0,0.0,0.0,347.51641845703125,0.0
1764795776.7867582,"[0.5772098402962168, 0.4754274618110048, 0.6175612173181827, 0.27541256935674807, 0.3419297527779917, 0.4054148264360302, 0.2753509034141792, 0.9444301924235915, 0.645323661701489, 0.5578507013382197, 0.4744577001402586, 0.23072072520511977, 0.34167912175102066, 0.4661545444381451, 0.9348365776578051]",16.839063723494366,0.8574179189961131,496.24746778534677,11,"nsga-2382244-[0.623163, 3.164, 0.635268, 0.382624, 0.402579, 0.402707, 2.46373, 0.383329, 3.11331, 1.15701, 0.25, 1.96144, 2.18336, 2, -0.325817]",0,496.24746778534677,300.0,16.839063723494366,0.9801649829236473,300.39196717797256,13.404467526877799,0.8574179189961131,426.762503796089,10.60370299176472,0.9040994010320524,496.24746778534677,0.0,0.0,0.0,0.0,0.0,0.0,0.0,0.0,0.0,0.0,382.64495849609375,0.0
1764795776.7878768,"[0.36699068555772224, 0.1915922579759587, 0.6188050340172239, 0.33681246149202143, 0.3419780118741398, 0.1766449910205682, 0.03650537664709269, 0.8224687909185366, 0.64264973591627, 0.5707955696788084, 0.3040877308775911, 0.6404122056159584, 0.4439528122447701, 0.47572497521516544, 0.8930366204606549]",17.603375248792695,0.7913694963222597,485.63426591826646,11,"nsga-2382244-[0.560097, 2.17057, 0.635642, 0.401044, 0.402593, 0.288322, 1.62777, 0.346741, 3.10662, 1.41591, 0.25, 2.78082, 2.38791, 2, -0.534817]",0,485.63426591826646,300.0,17.603375248792695,0.9342318997150514,341.9174259837081,12.344104459809094,0.7913694963222597,476.51948688786206,11.111746946195277,0.8185976796033906,485.63426591826646,0.0,0.0,0.0,0.0,0.0,0.0,0.0,0.0,0.0,0.0,406.1177062988281,0.0
1764795776.7889907,"[0.5760377586294446, 0.4761670880085418, 0.9604113721190871, 0.2722601636718109, 0.34294790228292815, 0.4156439702816444, 0.9879446912315011, 0.9376679067357825, 0.7275164638393713, 0.8126595242436883, 0.4772473947145712, 0.8532709335125782, 0.341651964374821, 0.17186410704689728, 0.39657823986147567]",14.93158187866211,0.7411009974595977,448.87345212610757,11,"nsga-2382244-[0.622811, 3.16658, 0.738123, 0.381678, 0.402884, 0.407822, 4.95781, 0.3813, 3.31879, 6.25319, 0.25, 3.20654, 2.1833, 2, -3.01711]",0,448.87345212610757,300.0,14.93158187866211,0.8283657373451605,300.544862589022,13.078920904019984,0.7411009974595977,407.19181339915207,10.912137599107696,0.7870346179822596,448.87345212610757,0.0,0.0,0.0,0.0,0.0,0.0,0.0,0.0,0.0,0.0,338.122314453125,0.0
1764795776.790093,"[0.5738848569061697, 0.39940259611318285, 0.4338637083850664, 0.45243667536823795, 0.34470747425722376, 0.0021234169658941207, 0.23888401051335523, 0.4572403672821529, 0.6490967428210871, 0.5566562281966401, 0.28330088086159444, 0.8521203692779156, 0.4428645626448666, 0.4694986007957298, 0.9202371868881293]",16.675316070928805,0.6392318272009129,395.42317475109564,11,"nsga-2382244-[0.622165, 2.89791, 0.580159, 0.435731, 0.403412, 0.201062, 2.33609, 0.237172, 3.12274, 1.13312, 0.25, 3.20424, 2.38573, 2, -0.398814]",0,395.42317475109564,300.0,16.675316070928805,0.8025421264694959,300.88866164044634,12.440158448568205,0.6392318272009129,382.8459096769007,12.030739137603016,0.6405732413617576,395.42317475109564,0.0,0.0,0.0,0.0,0.0,0.0,0.0,0.0,0.0,0.0,318.7181396484375,0.0
1764795776.7914782,"[0.36017562304195194, 0.47734194711590516, 0.44594804961593737, 0.3423271620276046, 0.2786437879318299, 0.4082322039480436, 0.3141673066304372, 0.9377585035625868, 0.6448706732574048, 0.4816685226429314, 0.919208328307975, 0.8881615979155619, 0.3416680014919255, 0.4682672300069276, 0.7011284574418867]",15.761733669187965,0.8086127973184353,470.9723736646699,11,"nsga-2382244-[0.558053, 3.1707, 0.583784, 0.402698, 0.383593, 0.404116, 2.59959, 0.381328, 3.11218, -0.36663, 0.25, 3.27632, 2.18334, 2, -1.49436]",0,470.9723736646699,300.0,15.761733669187965,0.9196615044663592,300.34478696497473,13.457719551644674,0.8086127973184353,431.9966566132336,11.649446305996035,0.8494496246663535,470.9723736646699,0.0,0.0,0.0,0.0,0.0,0.0,0.0,0.0,0.0,0.0,325.3504333496094,0.0
1764796260.0747845,"[0.5738848569061697, 0.6090441104614399, 0.8721539565159722, 0.33957291216783364, 0.28349897464812945, 0.0021234169658941207, 0.28049289651547415, 0.5404519556170368, 0.6490967428210871, 0.4826006393877514, 0.48084769779955094, 0.5072406518915954, 0.34134208705927915, 0.46911644042691275, 0.6922790035430446]",17.893421075402237,0.6760922612213507,421.5994587223704,12,"nsga-2382244-[0.622165, 3.63165, 0.711646, 0.401872, 0.38505, 0.201062, 2.48173, 0.262136, 3.12274, -0.347987, 0.25, 2.51448, 2.18268, 2, -1.5386]",0,421.5994587223704,300.0,17.893421075402237,0.8253457895139369,300.94294582459986,12.92507864324058,0.6760922612213507,407.60234676454127,12.447365388637635,0.6852174785079026,421.5994587223704,0.0,0.0,0.0,0.0,0.0,0.0,0.0,0.0,0.0,0.0,325.57818603515625,0.0
1764796260.076693,"[0.577212118208076, 0.3036855488357523, 0.6366758255018702, 0.4529361210900967, 0.3416246895330791, 0.40804474980613736, 0.46285815019372945, 0.9295561453122709, 0.7277665649133646, 0.5572969652192552, 0.3036317904366218, 0.8289303992818212, 0.4429223302181732, 0.9584236716656532, 0.9280902958860826]",17.467248470027272,0.7542017486037278,482.6656601324314,12,"nsga-2382244-[0.623164, 2.5629, 0.641003, 0.435881, 0.402487, 0.404022, 3.12, 0.378867, 3.31942, 1.14594, 0.25, 3.15786, 2.38584, 2, -0.359549]",0,482.6656601324314,300.0,17.467248470027272,0.9270084468329826,327.85618978360804,12.217756341143351,0.7542017486037278,456.5260295588796,10.556430444484803,0.7946791741906143,482.6656601324314,0.0,0.0,0.0,0.0,0.0,0.0,0.0,0.0,0.0,0.0,433.60809326171875,0.0
1764796260.0782385,"[0.20182789596796125, 0.19174709207778234, 0.6188252662556737, 0.2720414772711473, 0.34161651208149574, 0.4052600861706221, 0.9475726372415127, 0.827606142927989, 0.6463314927118713, 0.5709589024287071, 0.5114840723635883, 0.5612694988613398, 0.4419990825714717, 0.9575321852408437, 0.953277745890336]",16.960735455954946,0.7919846052076759,478.7233954452887,12,"nsga-2382244-[0.510548, 2.17111, 0.635648, 0.381612, 0.402485, 0.40263, 4.8165, 0.348282, 3.11583, 1.41918, 0.25, 2.62254, 2.384, 2, -0.233611]",0,478.7233954452887,300.0,16.960735455954946,0.9237688617008488,300.74605696143175,12.95087041622255,0.7919846052076759,478.1406104855421,12.964125726281143,0.7925853578055777,478.7233954452887,0.0,0.0,0.0,0.0,0.0,0.0,0.0,0.0,0.0,0.0,377.391845703125,0.0
1764796260.0799356,"[0.36699068555772224, 0.30200369110380537, 0.6225821732797858, 0.3374503361376037, 0.3419739691591778, 0.17942965465608404, 0.03650537664709269, 0.4540559362738971, 0.64264973591627, 0.5580893136098587, 0.3040877308775911, 0.6376583676807686, 0.4439292803624779, 0.4665719511086105, 0.8930366204606549]",18.308948502889493,0.7244926423561282,457.5699579006288,12,"nsga-2382244-[0.560097, 2.55701, 0.636775, 0.401235, 0.402592, 0.289715, 1.62777, 0.236217, 3.10662, 1.16179, 0.25, 2.77532, 2.38786, 2, -0.534817]",0,457.5699579006288,300.0,18.308948502889493,0.9106793316399179,312.02304925685974,12.748213470272901,0.7244926423561282,431.52723801775676,11.866226191636994,0.7350329169412938,457.5699579006288,0.0,0.0,0.0,0.0,0.0,0.0,0.0,0.0,0.0,0.0,359.500244140625,0.0
1764796260.0810845,"[0.568307495316041, 0.6100968551790096, 0.6226024479791654, 0.3390979333429418, 0.2813894660225241, 0.3923994723584888, 0.9475726372415127, 0.45919328829082884, 0.647659422768972, 0.5582526463597574, 0.5183359950820394, 0.8545746499851415, 0.4426758052985329, 0.9528790225390249, 0.6899473868230321]",17.96150386159013,0.6709006748548368,437.38025661561545,12,"nsga-2382244-[0.620492, 3.63534, 0.636781, 0.401729, 0.384417, 0.3962, 4.8165, 0.237758, 3.11915, 1.16505, 0.25, 3.20915, 2.38535, 2, -1.55026]",0,437.38025661561545,300.0,17.96150386159013,0.8589220395902308,301.0414405636671,12.812730803140779,0.6709006748548368,432.3954132080078,12.387184719923066,0.6753742831509287,437.38025661561545,0.0,0.0,0.0,0.0,0.0,0.0,0.0,0.0,0.0,0.0,365.24285888671875,0.0
1764796260.0821943,"[0.20740525755846345, 0.39664709006403087, 0.4448327740540911, 0.2726914610447735, 0.34165733548655475, 0.002529965099242304, 0.23888401051335523, 0.4572403672821529, 0.7405104037451535, 0.48129866591973697, 0.2764489581431433, 0.48463857883675565, 0.4428645626448666, 0.45946339215879284, 0.3868846204252301]",17.95383896246189,0.7013717258848795,377.64881896972656,12,"nsga-2382244-[0.512222, 2.88826, 0.58345, 0.381807, 0.402497, 0.201265, 2.33609, 0.237172, 3.35128, -0.374027, 0.25, 2.46928, 2.38573, 2, -3.06558]",0,377.64881896972656,300.0,17.95383896246189,0.8134650361247179,300.2334977126703,13.974722676160859,0.7013717258848795,373.93712303347706,14.219102775759813,0.7038720869436497,377.64881896972656,0.0,0.0,0.0,0.0,0.0,0.0,0.0,0.0,0.0,0.0,240.13206481933594,0.0
1764796260.0833004,"[0.19898264127813894, 0.47375419621259013, 0.5870201754298531, 0.27058056464537467, 0.33930861994743877, 0.010619430347669545, 0.2753836180698319, 0.46014696441989505, 0.645586090960663, 0.4815985191428051, 0.4788126930590101, 0.4508452043033494, 0.43236832873061615, 0.4705848053802866, 0.6770425486916587]",18.26554550543064,0.6963017611968808,395.11564100312023,12,"nsga-2382244-[0.509695, 3.15814, 0.626106, 0.381174, 0.401793, 0.20531, 2.46384, 0.238044, 3.11397, -0.36803, 0.25, 2.40169, 2.36474, 2, -1.61479]",0,395.11564100312023,300.0,18.26554550543064,0.8089782502593064,300.2721312360066,14.221533896283406,0.6963017611968808,383.1771954792302,13.691012433680092,0.7031853678749829,395.11564100312023,0.0,0.0,0.0,0.0,0.0,0.0,0.0,0.0,0.0,0.0,252.6466827392578,0.0
1764796260.084407,"[0.577922207967437, 0.39955480501637425, 0.44969723744242157, 0.11448681026882986, 0.11011221178229849, 0.40297338867862453, 0.28696614313008384, 0.5298933113138959, 0.6494112572639007, 0.48249439415533596, 0.2831518357580359, 0.9322421689071634, 0.8441336357401485, 0.46949579265962615, 0.6832177491851685]",17.505076794508028,0.7744847248240215,453.38865460651675,12,"nsga-2382244-[0.623377, 2.89844, 0.584909, 0.334346, 0.333034, 0.401487, 2.50438, 0.258968, 3.12353, -0.350112, 0.25, 3.36448, 3.18827, 2, -1.58391]",0,453.38865460651675,300.0,17.505076794508028,0.9479728870275544,302.7038296583222,12.606178376732803,0.7744847248240215,428.4749266833794,11.638238027619153,0.786934013483001,453.38865460651675,0.0,0.0,0.0,0.0,0.0,0.0,0.0,0.0,0.0,0.0,365.6134033203125,0.0
1764796260.085484,"[0.36836064666802304, 0.3036855488357523, 0.6260424349218683, 0.45341826423299747, 0.3419225551068711, 0.4081874416825571, 0.47338560634761156, 0.5296688592949239, 0.2612463106613146, 0.5567479456474197, 0.48153811354328535, 0.8664744993574194, 0.3413998546325857, 0.9364016547525981, 0.7410754734041018]",17.647242448388077,0.7669654471118276,474.9287187529773,12,"nsga-2382244-[0.560508, 2.5629, 0.637813, 0.436025, 0.402577, 0.404094, 3.15685, 0.258901, 2.15312, 1.13496, 0.25, 3.23295, 2.1828, 2, -1.29462]",0,474.9287187529773,300.0,17.647242448388077,0.9334525561914211,300.34002704155154,13.353980594728052,0.7669654471118276,430.74428502524773,11.699861684659632,0.7835651173824217,474.9287187529773,0.0,0.0,0.0,0.0,0.0,0.0,0.0,0.0,0.0,0.0,352.0212097167969,0.0
1764796260.08698,"[0.36017562304195194, 0.47734194711590516, 0.43497898394691265, 0.3464212601543494, 0.34163128463926185, 0.41168161558831856, 0.3132457381981902, 0.9339774691825857, 0.6511250767617826, 0.5570238444862755, 0.9192693166483336, 0.8882180702729915, 0.345101910218904, 0.47972260877973893, 0.9297433815224067]",15.62907828819461,0.7795071578607327,480.3939318401058,12,"nsga-2382244-[0.558053, 3.1707, 0.580494, 0.403926, 0.402489, 0.405841, 2.59636, 0.380193, 3.12781, 1.14048, 0.25, 3.27644, 2.1902, 2, -0.351283]",0,480.3939318401058,300.0,15.62907828819461,0.8856027219353653,300.52555608981993,13.29495565833115,0.7795071578607327,454.96589593654727,11.401899514547209,0.8297347975940239,480.3939318401058,0.0,0.0,0.0,0.0,0.0,0.0,0.0,0.0,0.0,0.0,355.69732666015625,0.0
1764796260.088097,"[0.20543934397746433, 0.39741190188068687, 0.6226024479791654, 0.27236270994548084, 0.3416246895330791, 0.0017215728616954695, 0.9475726372415127, 0.4572504235464946, 0.7390730836930385, 0.5582529452285121, 0.5111145452519786, 0.4870928596058586, 0.4426758052985329, 0.9428742763171544, 0.384524620810988]",17.838420151501168,0.6683754659280544,378.4898932666313,12,"nsga-2382244-[0.511632, 2.89094, 0.636781, 0.381709, 0.402487, 0.200861, 4.8165, 0.237175, 3.34768, 1.16506, 0.25, 2.47419, 2.38535, 2, -3.07738]",0,378.4898932666313,300.0,17.838420151501168,0.7645919122347018,300.3402773973418,14.179328862632193,0.6683754659280544,373.4156712601825,13.68512731412562,0.6710735664135072,378.4898932666313,0.0,0.0,0.0,0.0,0.0,0.0,0.0,0.0,0.0,0.0,249.5470733642578,0.0
1764796260.0891685,"[0.570273408897044, 0.6093320433623536, 0.4338637083850664, 0.45275331733948665, 0.34470747425722376, 0.4050953442975499, 0.23888401051335523, 0.45918323202648714, 0.6490967428210871, 0.5566559293278852, 0.2836704079732041, 0.8521203692779156, 0.4428645626448666, 0.4694986007957298, 0.9202371868881293]",18.691973942082104,0.6977654457092285,436.6862664943788,12,"nsga-2382244-[0.621082, 3.63266, 0.580159, 0.435826, 0.403412, 0.402548, 2.33609, 0.237755, 3.12274, 1.13312, 0.25, 3.20424, 2.38573, 2, -0.398814]",0,436.6862664943788,300.0,18.691973942082104,0.9081022038692381,316.6937496278344,12.844641238887135,0.6977654457092285,416.017261709818,10.958157878968773,0.7455283435379586,436.6862664943788,0.0,0.0,0.0,0.0,0.0,0.0,0.0,0.0,0.0,0.0,362.41424560546875,0.0
1764796260.090262,"[0.37076558774650126, 0.6060767686070712, 0.9562862302595188, 0.33668256439723204, 0.3419927259231314, 0.4083709480557767, 0.9089352771290902, 0.9376829481662816, 0.6444073472810729, 0.5585054330041331, 0.7606441096534611, 0.4902702192662221, 0.33878804801577184, 0.9642825686710867, 0.8862036158382889]",15.922028388046638,0.8063915889437606,467.3900353036276,12,"nsga-2382244-[0.56123, 3.62127, 0.736886, 0.401005, 0.402598, 0.404185, 4.68127, 0.381305, 3.11102, 1.17011, 0.25, 2.48054, 2.17758, 2, -0.568982]",0,467.3900353036276,300.0,15.922028388046638,0.8783020147463171,300.11750125419803,14.134201408014064,0.8063915889437606,419.05707669141816,12.054859863839498,0.8492613492942438,467.3900353036276,0.0,0.0,0.0,0.0,0.0,0.0,0.0,0.0,0.0,0.0,293.67474365234375,0.0
1764796260.0913577,"[0.20182789596796125, 0.18470775241791373, 0.6226024479791654, 0.27267935191672954, 0.3416099754840875, 0.40804474980613736, 0.07292691259856504, 0.45919328829082884, 0.7365492277262903, 0.5582526463597574, 0.5125102957814753, 0.6257731800465212, 0.4426758052985329, 0.9428742763171544, 0.384524620810988]",17.745601677313083,0.8295018018745794,445.0010322384718,12,"nsga-2382244-[0.510548, 2.14648, 0.636781, 0.381804, 0.402483, 0.404022, 1.75524, 0.237758, 3.34137, 1.16505, 0.25, 2.75155, 2.38535, 2, -3.07738]",0,445.0010322384718,300.0,17.745601677313083,0.9296004650069446,337.1275796843738,13.146428894415134,0.8295018018745794,444.7692552520008,13.10776051777165,0.8301193353606433,445.0010322384718,0.0,0.0,0.0,0.0,0.0,0.0,0.0,0.0,0.0,0.0,333.657470703125,0.0
1764796260.0924318,"[0.20182789596796125, 0.47442988990647583, 0.6202348071470065, 0.27267935191672954, 0.341612303116345, 0.4083512307189059, 0.04856457771192069, 0.45919328829082884, 0.646329960861854, 0.5582526463597574, 0.5114840723635883, 0.631645829249041, 0.4426758052985329, 0.4773264535406725, 0.6865125697765917]",18.894236801891793,0.799995367992215,432.7060644382384,12,"nsga-2382244-[0.510548, 3.1605, 0.63607, 0.381804, 0.402484, 0.404176, 1.66998, 0.237758, 3.11582, 1.16505, 0.25, 2.76329, 2.38535, 2, -1.56744]",0,432.7060644382384,300.0,18.894236801891793,0.9053967885854768,320.53088114668685,14.65365247959044,0.799995367992215,421.560733329959,11.924000274844285,0.8580521025308748,432.7060644382384,0.0,0.0,0.0,0.0,0.0,0.0,0.0,0.0,0.0,0.0,317.5911865234375,0.0
1764796260.093506,"[0.36154799513143787, 0.18951649251290592, 0.9530213637837041, 0.3368088090879285, 0.34197817812432857, 0.40806446714300815, 0.9359383364730396, 0.9226109403674212, 0.646402694079433, 0.8253202637491556, 0.7472681256878946, 0.4844522372599542, 0.33925330374147017, 0.9431121691451042, 0.8856843159122161]",16.38574133617122,0.7916307408635209,504.987966695646,12,"nsga-2382244-[0.558464, 2.16331, 0.735906, 0.401043, 0.402593, 0.404032, 4.77578, 0.376783, 3.11601, 6.50641, 0.25, 2.4689, 2.17851, 2, -0.571578]",0,504.987966695646,300.0,16.38574133617122,0.9352184949851617,300.00399378334606,12.546637911912871,0.7916307408635209,446.7707026039682,10.968667779317716,0.8267997212526275,504.987966695646,0.0,0.0,0.0,0.0,0.0,0.0,0.0,0.0,0.0,0.0,346.9421081542969,0.0
1764796260.094586,"[0.5779642829265916, 0.6090441104614399, 0.6213249445174511, 0.4562053246309753, 0.3429607708497876, 0.183761603809575, 0.45355104398997825, 0.5276436218226429, 0.6492779539170083, 0.4816193662676675, 0.3029413746928874, 0.8536343579981478, 0.8337808438833569, 0.9694764760471233, 0.8572013462662303]",16.742701456023426,0.6827530718431241,430.9350158691406,12,"nsga-2382244-[0.623389, 3.63165, 0.636397, 0.436862, 0.402888, 0.291881, 3.08743, 0.258293, 3.12319, -0.367613, 0.25, 3.20727, 3.16756, 2, -0.713993]",0,430.9350158691406,300.0,16.742701456023426,0.8258976302495817,301.2537087045065,13.343585609808201,0.6827530718431241,416.0224236465082,12.294693039684761,0.6992803867270306,430.9350158691406,0.0,0.0,0.0,0.0,0.0,0.0,0.0,0.0,0.0,0.0,362.11676025390625,0.0
1764796260.095676,"[0.5760377586294446, 0.4761670880085418, 0.4710939604314321, 0.2724149542486821, 0.3429472519321398, 0.0031017948463089584, 0.9966865554135134, 0.8141164651560622, 0.7275164638393713, 0.5585914696582018, 0.47556508826999516, 0.863940088276003, 0.341651964374821, 0.175551759287561, 0.41831525737959513]",16.707268477649222,0.6621887131435115,431.2992007371856,12,"nsga-2382244-[0.622811, 3.16658, 0.591328, 0.381724, 0.402884, 0.201551, 4.9884, 0.344235, 3.31879, 1.17183, 0.25, 3.22788, 2.1833, 2, -2.90842]",0,431.2992007371856,300.0,16.707268477649222,0.8102942597575304,300.4815799992259,12.793101133951327,0.6621887131435115,403.94868357588604,10.838020301446683,0.7143195498280409,431.2992007371856,0.0,0.0,0.0,0.0,0.0,0.0,0.0,0.0,0.0,0.0,338.1790771484375,0.0
1764796260.0967498,"[0.5738848569061697, 0.6073461750818904, 0.87129419052184, 0.2722798208302711, 0.34126965533710946, 0.0021234169658941207, 0.27088700879383903, 0.5379446983420253, 0.652353926890008, 0.48031274837520466, 0.3029413746928874, 0.8521203692779156, 0.4426674404950225, 0.46911644042691275, 0.6922790035430446]",18.181309225501085,0.654917935045754,415.16284462533343,12,"nsga-2382244-[0.622165, 3.62571, 0.711388, 0.381684, 0.402381, 0.201062, 2.4481, 0.261383, 3.13088, -0.393745, 0.25, 3.20424, 2.38533, 2, -1.5386]",0,415.16284462533343,300.0,18.181309225501085,0.8127528519165225,300.148479796619,13.199522362685785,0.654917935045754,395.8606430798042,11.742827722502918,0.681049148338597,415.16284462533343,0.0,0.0,0.0,0.0,0.0,0.0,0.0,0.0,0.0,0.0,335.5684814453125,0.0
1764796260.0981011,"[0.20182789596796125, 0.6090392845094074, 0.6234622139726604, 0.3395095735574442, 0.2838540088440991, 0.40804474980613736, 0.9475726372415127, 0.4597286510968561, 0.7358158996241175, 0.5592385639042897, 0.5114840723635883, 0.4870928596058586, 0.44287292744837703, 0.9428742763171544, 0.384524620810988]",18.866862808785786,0.7435359556500505,417.7239036373976,12,"nsga-2382244-[0.510548, 3.63164, 0.637039, 0.401853, 0.385156, 0.404022, 4.8165, 0.237919, 3.33954, 1.18477, 0.25, 2.47419, 2.38575, 2, -3.07738]",0,417.7239036373976,300.0,18.866862808785786,0.8487221240997315,300.9030201423459,14.309717443512707,0.7435359556500505,409.468964367378,13.196746919213272,0.7698778579874737,417.7239036373976,0.0,0.0,0.0,0.0,0.0,0.0,0.0,0.0,0.0,0.0,294.49713134765625,0.0
1764796260.0991876,"[0.5389594850861763, 0.47734194711590516, 0.4372749041627489, 0.4556537949248568, 0.34062214390060447, 0.4082322039480436, 0.3141673066304372, 0.9377585035625868, 0.23613088526148845, 0.5570256768351228, 0.9217284845694984, 0.8952293742700049, 0.3414022007575546, 0.945427771545006, 0.9271239089887913]",16.533284219881384,0.8178009030295581,497.95409880847467,12,"nsga-2382244-[0.611688, 3.1707, 0.581182, 0.436696, 0.402187, 0.404116, 2.59959, 0.381328, 2.09033, 1.14051, 0.25, 3.29046, 2.1828, 2, -0.36438]",0,497.95409880847467,300.0,16.533284219881384,0.989319510866956,300.2729293451077,12.771472502917778,0.8178009030295581,466.24574800816976,10.762436359684642,0.8707632439892466,497.95409880847467,0.0,0.0,0.0,0.0,0.0,0.0,0.0,0.0,0.0,0.0,354.1631774902344,0.0
1764796260.1002653,"[0.5764275582747689, 0.474299330040127, 0.9544170821214418, 0.3440366713368643, 0.34197116921908716, 0.4082322039480436, 0.3135796117537264, 0.9377585035625868, 0.23613088526148845, 0.5570559438234194, 0.9217284845694984, 0.8880696650259298, 0.3414022007575546, 0.945427771545006, 0.8761328124013059]",17.277162984522377,0.8532130977002585,483.69921246040155,12,"nsga-2382244-[0.622928, 3.16005, 0.736325, 0.403211, 0.402591, 0.404116, 2.59753, 0.381328, 2.09033, 1.14112, 0.25, 3.27614, 2.1828, 2, -0.619336]",0,483.69921246040155,300.0,17.277162984522377,0.9361382432100249,301.2593755954649,12.98771461393775,0.8532130977002585,427.59341601860234,11.377580419400843,0.8743734635957857,483.69921246040155,0.0,0.0,0.0,0.0,0.0,0.0,0.0,0.0,0.0,0.0,316.3059997558594,0.0
1764796260.1013353,"[0.5771244027867213, 0.39877638494160683, 0.4451263270746672, 0.11238326406565083, 0.11011221178229849, 0.00397627189620343, 0.27096779793389186, 0.9637731307266131, 0.6851746492128035, 0.5601086989070366, 0.487798947183112, 0.8666885541023799, 0.35048667408299805, 0.47387515486266923, 0.6831392382294912]",16.42729641053735,0.719789250013305,468.95015184355947,12,"nsga-2382244-[0.623137, 2.89572, 0.583538, 0.333715, 0.333034, 0.201988, 2.44839, 0.389132, 3.21294, 1.20217, 0.25, 3.23338, 2.20097, 2, -1.5843]",0,468.95015184355947,300.0,16.42729641053735,0.9062242920805769,300.38409548503597,12.536347570651914,0.719789250013305,445.54609360113375,11.060508881545648,0.750940919503933,468.95015184355947,0.0,0.0,0.0,0.0,0.0,0.0,0.0,0.0,0.0,0.0,364.16949462890625,0.0
1764796260.1024296,"[0.5780099233887919, 0.4730166242528737, 0.4392798245946698, 0.45412057718989635, 0.3449174924087095, 0.40804474980613736, 0.976177721422933, 0.4344183935355622, 0.7277665649133646, 0.4804895524673229, 0.28406329358103755, 0.89583770755629, 0.8248890454967842, 0.9411864346167836, 0.9280902958860826]",18.301079275549913,0.6747220222542926,402.1269380522937,12,"nsga-2382244-[0.623403, 3.15556, 0.581784, 0.436236, 0.403475, 0.404022, 4.91662, 0.230326, 3.31942, -0.390209, 0.25, 3.29168, 3.14978, 2, -0.359549]",0,402.1269380522937,300.0,18.301079275549913,0.8942480971173542,300.8691250498702,13.19619565824183,0.6747220222542926,391.38083723114755,11.417503101069753,0.6968578722418808,402.1269380522937,0.0,0.0,0.0,0.0,0.0,0.0,0.0,0.0,0.0,0.0,366.2043762207031,0.0
1764796260.1036694,"[0.19898264127813894, 0.4739049356376764, 0.6191520844657356, 0.2726841108485517, 0.33930861994743877, 0.40759824855119464, 0.2864694440787615, 0.5311215254276578, 0.645586090960663, 0.4740265483399211, 0.7477123887033834, 0.49183875537512023, 0.44267286535641864, 0.4705848053802866, 0.677121059647336]",19.005330160187512,0.8125862211715884,423.92897837569075,12,"nsga-2382244-[0.509695, 3.15867, 0.635746, 0.381805, 0.401793, 0.403799, 2.50264, 0.259336, 3.11397, -0.519469, 0.25, 2.48368, 2.38535, 2, -1.61439]",0,423.92897837569075,300.0,19.005330160187512,0.9044489485461538,310.70755825507933,14.289775927473858,0.8125862211715884,423.51545164526965,14.285555755801317,0.8126720916934129,423.92897837569075,0.0,0.0,0.0,0.0,0.0,0.0,0.0,0.0,0.0,0.0,301.7973327636719,0.0
1764796260.1047554,"[0.36154799513143787, 0.18036314701267467, 0.950655359301575, 0.3368088090879285, 0.3419780118741398, 0.4083709480557767, 0.03650537664709269, 0.9226109403674212, 0.6464011622294156, 0.8337901662357925, 0.47836843004352103, 0.6242550200114299, 0.33925330374147017, 0.4720373229742576, 0.8856843159122161]",16.886152020896354,0.8366106417120956,499.07619353503713,12,"nsga-2382244-[0.558464, 2.13127, 0.735197, 0.401043, 0.402593, 0.404185, 1.62777, 0.376783, 3.116, 6.6758, 0.25, 2.74851, 2.17851, 2, -0.571578]",0,499.07619353503713,300.0,16.886152020896354,0.9255922343672776,340.09341516262145,12.746282065786966,0.8366106417120956,477.08560560272963,11.443191495755825,0.8503929341711649,499.07619353503713,0.0,0.0,0.0,0.0,0.0,0.0,0.0,0.0,0.0,0.0,383.492431640625,0.0
1764796260.1058993,"[0.576574982655479, 0.4761670880085418, 0.6229094817089381, 0.2722601636718109, 0.34294790228292815, 0.40498738585156546, 0.9805688105942193, 0.8141164651560622, 0.23957704141877417, 0.5585914696582018, 0.9405180218483391, 0.863940088276003, 0.34140213153166304, 0.175551759287561, 0.4034022440806827]",17.295906918223313,0.79974129287208,478.1267788026391,12,"nsga-2382244-[0.622972, 3.16658, 0.636873, 0.381678, 0.402884, 0.402494, 4.93199, 0.344235, 2.09894, 1.17183, 0.25, 3.22788, 2.1828, 2, -2.98299]",0,478.1267788026391,300.0,17.295906918223313,0.9558881355494988,303.22784782967915,13.062613022036668,0.79974129287208,433.71562001298116,11.806137131481636,0.8129096667941024,478.1267788026391,0.0,0.0,0.0,0.0,0.0,0.0,0.0,0.0,0.0,0.0,376.28277587890625,0.0
1764796260.1069832,"[0.5760444230078771, 0.474299330040127, 0.9544170821214418, 0.3440366713368643, 0.34197116921908716, 0.1871628313429119, 0.3189893602375622, 0.9377585035625868, 0.7240703076850804, 0.5570555357387078, 0.4567673443598672, 0.8951374413803728, 0.34165203360071256, 0.945427771545006, 0.8757360674690351]",17.893705047049174,0.7268749399882991,484.28933001262385,12,"nsga-2382244-[0.622813, 3.16005, 0.736325, 0.403211, 0.402591, 0.293581, 2.61646, 0.381328, 3.31018, 1.14111, 0.25, 3.29027, 2.1833, 2, -0.62132]",0,484.28933001262385,300.0,17.893705047049174,0.909146665363777,300.36818136819977,13.26527809515232,0.7268749399882991,421.0688555089439,11.491856165630061,0.7462338863349542,484.28933001262385,0.0,0.0,0.0,0.0,0.0,0.0,0.0,0.0,0.0,0.0,391.73760986328125,0.0
1764796260.108068,"[0.577212118208076, 0.3997420337110559, 0.6260424349218683, 0.48210356765660134, 0.34114162147987703, 0.4108282320551868, 0.4755831792378517, 0.9393926958302395, 0.7275690706843033, 0.47628140728327756, 0.4894648554763428, 0.8664744993574194, 0.3413998546325857, 0.4701450912816214, 0.6785093464133725]",17.739372969836722,0.7645260168284904,476.6582329726801,12,"nsga-2382244-[0.623164, 2.8991, 0.637813, 0.444631, 0.402342, 0.405414, 3.16454, 0.381818, 3.31892, -0.474372, 0.25, 3.23295, 2.1828, 2, -1.60745]",0,476.6582329726801,300.0,17.739372969836722,0.9282152835915728,314.76056388296735,12.787367941693562,0.7645260168284904,436.91630025724083,11.610029434576267,0.778201689662003,476.6582329726801,0.0,0.0,0.0,0.0,0.0,0.0,0.0,0.0,0.0,0.0,403.49029541015625,0.0
1764796260.109143,"[0.577922207967437, 0.30334758071598433, 0.44517981586012123, 0.0844003838121084, 0.11059527983736131, 0.004121386848417841, 0.27276117579866704, 0.45891875030613316, 0.6496087514929619, 0.5639139938676011, 0.2752250938249785, 0.8960023485981137, 0.8338290992682402, 0.94491639652385, 0.9327201811180919]",16.97047944417814,0.6918388849351464,427.99587901045635,12,"nsga-2382244-[0.623377, 2.56172, 0.583554, 0.32532, 0.333179, 0.202061, 2.45466, 0.237676, 3.12402, 1.27828, 0.25, 3.292, 3.16766, 2, -0.336399]",0,427.99587901045635,300.0,16.97047944417814,0.8987108149179598,300.38193560344416,12.311836540408251,0.6918388849351464,423.5881396037776,11.833448810112186,0.6954029903179262,427.99587901045635,0.0,0.0,0.0,0.0,0.0,0.0,0.0,0.0,0.0,0.0,366.7043762207031,0.0
1764796260.1105025,"[0.5752900651028762, 0.47592084404420976, 0.43505547679342166, 0.2695453470344914, 0.10619120867630866, 0.4058522196249083, 0.9761122454373735, 0.45919328829082884, 0.7276206089671629, 0.5583500162430138, 0.47624135714838056, 0.8522868600145782, 0.445786486383033, 0.9429456797189092, 0.9196159281012888]",17.226485982755335,0.6594208702808473,440.41616307700554,12,"nsga-2382244-[0.622587, 3.16572, 0.580517, 0.380864, 0.331857, 0.402926, 4.91639, 0.237758, 3.31905, 1.167, 0.25, 3.20457, 2.39157, 2, -0.40192]",0,440.41616307700554,300.0,17.226485982755335,0.8796392903095338,301.74024834981776,12.636665027897532,0.6594208702808473,435.00826765851275,12.34911171052514,0.6631201348653654,440.41616307700554,0.0,0.0,0.0,0.0,0.0,0.0,0.0,0.0,0.0,0.0,367.09527587890625,0.0
1764796260.1115868,"[0.19928915023527866, 0.39940259611318285, 0.6290906855904265, 0.3410834166251402, 0.2814221119759998, 0.0021234169658941207, 0.23597355527800612, 0.4572403672821529, 0.6490967428210871, 0.4819809079827805, 0.28330088086159444, 0.8832067282561126, 0.4428645626448666, 0.4694986007957298, 0.6923073864372743]",18.72428775415188,0.6674364988396807,410.6690054916754,12,"nsga-2382244-[0.509787, 2.89791, 0.638727, 0.402325, 0.384427, 0.201062, 2.32591, 0.237172, 3.12274, -0.360382, 0.25, 3.26641, 2.38573, 2, -1.53846]",0,410.6690054916754,300.0,18.72428775415188,0.8073124623880154,301.0690459460747,14.410993189928009,0.6674364988396807,395.4186763112138,12.960454210420934,0.6881274848449521,410.6690054916754,0.0,0.0,0.0,0.0,0.0,0.0,0.0,0.0,0.0,0.0,297.4806823730469,0.0
1764796260.1126564,"[0.35919731845761305, 0.47600129515132783, 0.6180901298260933, 0.4596805480364592, 0.34192915021305387, 0.4082322039480436, 0.9377749313648587, 0.9403165440649011, 0.646332273734912, 0.5582571972037049, 0.5097066158378398, 0.8881615979155619, 0.3416680014919255, 0.4682672300069276, 0.9290582587350221]",16.12984361881163,0.7413159126188696,482.36320562595273,12,"nsga-2382244-[0.557759, 3.166, 0.635427, 0.437904, 0.402579, 0.404116, 4.78221, 0.382095, 3.11583, 1.16514, 0.25, 3.27632, 2.18334, 2, -0.354709]",0,482.36320562595273,300.0,16.12984361881163,0.8725658346966999,300.47493699236617,13.691291497393353,0.7413159126188696,457.9976679359994,11.814351812223109,0.7831773836438248,482.36320562595273,0.0,0.0,0.0,0.0,0.0,0.0,0.0,0.0,0.0,0.0,322.09552001953125,0.0
1764796260.1137507,"[0.20280620055230014, 0.30349917717020636, 0.43949125963905483, 0.26865259880512715, 0.3416124693665338, 0.40804474980613736, 0.32392203636404543, 0.4566298852200212, 0.6448698922343641, 0.5570215340758868, 0.920985612967752, 0.48709241105904466, 0.4419755506891795, 0.9484269063039837, 0.953277745890336]",18.87503068505264,0.7642012392602315,436.09247302543827,12,"nsga-2382244-[0.510842, 2.56225, 0.581847, 0.380596, 0.402484, 0.404022, 2.63373, 0.236989, 3.11217, 1.14043, 0.25, 2.47418, 2.38395, 2, -0.233611]",0,436.09247302543827,300.0,18.87503068505264,0.9164293065303709,319.47683101747094,13.123410215610411,0.7642012392602315,422.4846744444312,12.603858998926674,0.7773780049347296,436.09247302543827,0.0,0.0,0.0,0.0,0.0,0.0,0.0,0.0,0.0,0.0,334.48590087890625,0.0
1764796260.1148276,"[0.5739033524569841, 0.17358175504698048, 0.6296857105556687, 0.33720173658135855, 0.3419985662497544, 0.40836938413469803, 0.27201392327363966, 0.9378207529094825, 0.6446025116504488, 0.562500169254599, 0.742968373388103, 0.6278749564926872, 0.3414179905776357, 0.9255875286299046, 0.9280902958860826]",16.577930166663194,0.8324512990509592,497.4268256582865,12,"nsga-2382244-[0.622171, 2.10754, 0.638906, 0.401161, 0.4026, 0.404185, 2.45205, 0.381346, 3.11151, 1.25, 0.25, 2.75575, 2.18284, 2, -0.359549]",0,497.4268256582865,300.0,16.577930166663194,0.952804144126613,351.51542589141104,11.656942241947826,0.8324512990509592,480.3267385715392,10.419146170267245,0.8538585889630201,497.4268256582865,0.0,0.0,0.0,0.0,0.0,0.0,0.0,0.0,0.0,0.0,443.5766906738281,0.0
1764796260.1159015,"[0.37076558774650126, 0.61531293356344, 0.9562862302595188, 0.45360140500576984, 0.34160434191268246, 0.40801652331984195, 0.033763452272115316, 0.9175669700515955, 0.7250475445772404, 0.5585054330041331, 0.3267370592767932, 0.8675500825713884, 0.33876991207072177, 0.5120676162814248, 0.8862036158382889]",17.105743389594846,0.8017937017650139,461.14855592308976,12,"nsga-2382244-[0.56123, 3.6536, 0.736886, 0.43608, 0.402481, 0.404008, 1.61817, 0.37527, 3.31262, 1.17011, 0.25, 3.2351, 2.17754, 2, -0.568982]",0,461.14855592308976,300.0,17.105743389594846,0.8979505413916052,300.16914821717796,14.559901228183653,0.8017937017650139,429.5263445598323,13.140948253724634,0.81205715755137,461.14855592308976,0.0,0.0,0.0,0.0,0.0,0.0,0.0,0.0,0.0,0.0,323.7089538574219,0.0
1764796260.1169765,"[0.19953293871036984, 0.47235689035129885, 0.6191520844657356, 0.2732479123501644, 0.3445650433774622, 0.40462911007342806, 0.2864694440787615, 0.45737846725304715, 0.6455746655991788, 0.5567338915289443, 0.4788126930590101, 0.48708856848341336, 0.44286974063285406, 0.4705848053802866, 0.677121059647336]",19.133766648827528,0.7833293763602652,451.1195517935404,12,"nsga-2382244-[0.50986, 3.15325, 0.635746, 0.381974, 0.40337, 0.402315, 2.50264, 0.237214, 3.11394, 1.13468, 0.25, 2.47418, 2.38574, 2, -1.61439]",0,451.1195517935404,300.0,19.133766648827528,0.8972578845373014,309.87433062297544,14.445019359123416,0.7833293763602652,409.6423189861018,13.234156752795707,0.792571318440321,451.1195517935404,0.0,0.0,0.0,0.0,0.0,0.0,0.0,0.0,0.0,0.0,319.4477233886719,0.0
1764796260.1180604,"[0.5733345594744876, 0.4009506413995603, 0.4338637083850664, 0.4518728738666253, 0.3394510508272003, 0.00796764916081344, 0.23888401051335523, 0.5309834254567636, 0.6491081681825714, 0.559447623368393, 0.28330088086159444, 0.8521203692779156, 0.44266768736843126, 0.4694986007957298, 0.9202371868881293]",16.641769078882728,0.646691774158943,432.0780047160823,12,"nsga-2382244-[0.622, 2.90333, 0.580159, 0.435562, 0.401835, 0.203984, 2.33609, 0.259295, 3.12277, 1.18895, 0.25, 3.20424, 2.38534, 2, -0.398814]",0,432.0780047160823,300.0,16.641769078882728,0.8134840892582405,300.2755762984113,12.62835322124202,0.646691774158943,409.7675345816263,11.736409131492056,0.6564569897767975,432.0780047160823,0.0,0.0,0.0,0.0,0.0,0.0,0.0,0.0,0.0,0.0,336.0837097167969,0.0
1764796710.0548778,"[0.577950518232963, 0.6090441104614399, 0.8721539565159722, 0.33911004247098575, 0.28349897464812945, 0.0021234169658941207, 0.27956600793482256, 0.5384800611480526, 0.6492803711293123, 0.4816118053488078, 0.3029413746928874, 0.8521203692779156, 0.4428645626448666, 0.4662273259994095, 0.8758114011330093]",17.995683763085342,0.6450341907943168,423.7910699611757,13,"nsga-2382244-[0.623385, 3.63165, 0.711646, 0.401733, 0.38505, 0.201062, 2.47848, 0.261544, 3.1232, -0.367764, 0.25, 3.20424, 2.38573, 2, -0.620943]",0,423.7910699611757,300.0,17.995683763085342,0.8012043816287343,300.0373713423566,13.309683371753227,0.6450341907943168,416.89038547422825,11.877342256685582,0.6765046041186263,423.7910699611757,0.0,0.0,0.0,0.0,0.0,0.0,0.0,0.0,0.0,0.0,339.78680419921875,0.0
1764796710.0596926,"[0.5738986215997983, 0.6090441104614399, 0.46950942323994505, 0.4563601152078466, 0.3429601204989992, 0.0021313660373022455, 0.46252403124997366, 0.5276436218226429, 0.6490943256087831, 0.48130622683859664, 0.3029413746928874, 0.8536343579981478, 0.8337808438833569, 0.9721549457254719, 0.6885819668296226]",17.746763596883635,0.6449615850681212,393.41467046970274,13,"nsga-2382244-[0.62217, 3.63165, 0.590853, 0.436908, 0.402888, 0.201066, 3.11883, 0.258293, 3.12274, -0.373875, 0.25, 3.20727, 3.16756, 2, -1.55709]",0,393.41467046970274,300.0,17.746763596883635,0.8006931421233386,300.1615130912967,13.385099936694633,0.6449615850681212,385.1009860527225,11.990038313516756,0.6626276449459355,393.41467046970274,0.0,0.0,0.0,0.0,0.0,0.0,0.0,0.0,0.0,0.0,327.08624267578125,0.0
1764796710.0613036,"[0.36157266767539187, 0.47734194711590516, 0.43497898394691265, 0.4582181723508364, 0.3608410450023169, 0.4082322039480436, 0.0391726192436411, 0.9380701557977155, 0.6448505800682591, 0.5655226190036017, 0.46704853870924756, 0.6288854677129501, 0.3416359581061409, 0.47195349842917067, 0.9290582587350221]",16.00184950479647,0.827772198072294,494.9019120007026,13,"nsga-2382244-[0.558472, 3.1707, 0.580494, 0.437465, 0.408252, 0.404116, 1.6371, 0.381421, 3.11213, 1.31045, 0.25, 2.75777, 2.18327, 2, -0.354709]",0,494.9019120007026,300.0,16.00184950479647,0.9417169544754959,300.3792444368688,13.489338572432356,0.827772198072294,462.58789896150915,11.518881514014268,0.8706918826917323,494.9019120007026,0.0,0.0,0.0,0.0,0.0,0.0,0.0,0.0,0.0,0.0,349.3363342285156,0.0
1764796710.06244,"[0.36015095049799795, 0.18036314701267467, 0.950655359301575, 0.33424443166194895, 0.34192854764575803, 0.4083709480557767, 0.31150164454235896, 0.9222992881322926, 0.6464212554185611, 0.8252936321519753, 0.9305262472899779, 0.8835311502028742, 0.3392853471272548, 0.46835105455201453, 0.8856843159122161]",17.179917903062773,0.7861073409638754,495.29660763624236,13,"nsga-2382244-[0.558045, 2.13127, 0.735197, 0.400273, 0.402579, 0.404185, 2.59026, 0.37669, 3.11605, 6.50587, 0.25, 3.26706, 2.17857, 2, -0.571578]",0,495.29660763624236,300.0,17.179917903062773,0.9193943041126903,311.46403131252384,12.526793424094596,0.7861073409638754,471.0795987385075,10.183488538788586,0.8753120579370638,495.29660763624236,0.0,0.0,0.0,0.0,0.0,0.0,0.0,0.0,0.0,0.0,384.518798828125,0.0
1764796710.0635476,"[0.5650891260513962, 0.3036855488357523, 0.6260424349218683, 0.4581988755105523, 0.3416246895330791, 0.40804474980613736, 0.47246403791536457, 0.46548450849802336, 0.7277665649133646, 0.5585989386872695, 0.5102655452031615, 0.5015279176128127, 0.4433941233152868, 0.9428379190976087, 0.9358133170770917]",17.539455576640805,0.7239740723516883,451.36293381481636,13,"nsga-2382244-[0.619527, 2.5629, 0.637813, 0.43746, 0.402487, 0.404022, 3.15362, 0.239645, 3.31942, 1.17198, 0.25, 2.50306, 2.38679, 2, -0.320933]",0,451.36293381481636,300.0,17.539455576640805,0.9222987957117034,311.1897951079578,12.388810804413586,0.7239740723516883,419.94323644870667,11.121568717026129,0.7406484231716249,451.36293381481636,0.0,0.0,0.0,0.0,0.0,0.0,0.0,0.0,0.0,0.0,385.0109558105469,0.0
1764796710.0646572,"[0.2139508881250604, 0.6073413491298577, 0.6226024479791654, 0.26787946719312183, 0.3416246895330791, 0.40804474980613736, 0.9475726372415127, 0.9252357306457847, 0.7390730836930385, 0.5582526463597574, 0.4827566407037122, 0.4870928596058586, 0.3406815366158318, 0.9584600288851989, 0.37678984868696863]",14.513498292318205,0.8609827047441064,411.41425349537917,13,"nsga-2382244-[0.514185, 3.62569, 0.636781, 0.380364, 0.402487, 0.404022, 4.8165, 0.377571, 3.34768, 1.16505, 0.25, 2.47419, 2.18136, 2, -3.11605]",0,411.41425349537917,300.0,14.513498292318205,0.8924056692821224,300.27362283846224,13.652743474448599,0.8609827047441064,384.0201171130669,12.178710132691918,0.9084687573153798,411.41425349537917,0.0,0.0,0.0,0.0,0.0,0.0,0.0,0.0,0.0,0.0,217.04403686523438,0.0
1764796710.0657656,"[0.19735111707065314, 0.47235689035129885, 0.6191520844657356, 0.2732479123501644, 0.3445650433774622, 0.40462911007342806, 0.2914903195967541, 0.45737846725304715, 0.6455746655991788, 0.5567360450254857, 0.4788126930590101, 0.48708856848341336, 0.44286974063285406, 0.4666008585498017, 0.677121059647336]",19.12891277685398,0.7820390823410779,438.827861209032,13,"nsga-2382244-[0.509205, 3.15325, 0.635746, 0.381974, 0.40337, 0.402315, 2.52022, 0.237214, 3.11394, 1.13472, 0.25, 2.47418, 2.38574, 2, -1.61439]",0,438.827861209032,300.0,19.12891277685398,0.8966073530476267,308.62695809341056,14.575735092163086,0.7820390823410779,418.135459676603,12.1175687789917,0.8327880318571882,438.827861209032,0.0,0.0,0.0,0.0,0.0,0.0,0.0,0.0,0.0,0.0,318.63189697265625,0.0
1764796710.0669005,"[0.369172507197439, 0.30200369110380537, 0.6225821732797858, 0.3374503361376037, 0.3419739691591778, 0.17942965465608404, 0.03148879964298407, 0.4540559362738971, 0.64264973591627, 0.5580871601133173, 0.3040877308775911, 0.6376583676807686, 0.4439292803624779, 0.47055589793909536, 0.8930366204606549]",18.27163939592315,0.726726481100408,434.7057838253859,13,"nsga-2382244-[0.560752, 2.55701, 0.636775, 0.401235, 0.402592, 0.289715, 1.61021, 0.236217, 3.10662, 1.16174, 0.25, 2.77532, 2.38786, 2, -0.534817]",0,434.7057838253859,300.0,18.27163939592315,0.9114862011700142,314.18115978706174,12.638152192278605,0.726726481100408,419.6508936440072,11.706569867017793,0.744311952300188,434.7057838253859,0.0,0.0,0.0,0.0,0.0,0.0,0.0,0.0,0.0,0.0,353.11492919921875,0.0
1764796710.0680056,"[0.5738868178973766, 0.39940259611318285, 0.43381385704626385, 0.4529855991083903, 0.2814221119759998, 0.0021234169658941207, 0.23888401051335523, 0.5279141886254007, 0.6490967428210871, 0.48329293241151045, 0.28330088086159444, 0.8521203692779156, 0.4428645626448666, 0.4694986007957298, 0.6923073864372743]",17.420350688841285,0.6540671177026702,418.16199645996096,13,"nsga-2382244-[0.622166, 2.89791, 0.580144, 0.435896, 0.384427, 0.201062, 2.33609, 0.258374, 3.12274, -0.334141, 0.25, 3.20424, 2.38573, 2, -1.53846]",0,418.16199645996096,300.0,17.420350688841285,0.8618207143574226,300.4229862678342,12.481491935543898,0.6540671177026702,413.89199825379904,11.101491648976396,0.6761915110960239,418.16199645996096,0.0,0.0,0.0,0.0,0.0,0.0,0.0,0.0,0.0,0.0,340.70062255859375,0.0
1764796710.0691087,"[0.5733325984832807, 0.4009506413995603, 0.4448826253928936, 0.33799731722922066, 0.3394510508272003, 0.00796764916081344, 0.23888401051335523, 0.46030960411351574, 0.6491081681825714, 0.5574533568766196, 0.28330088086159444, 0.8521203692779156, 0.44266768736843126, 0.4694986007957298, 0.9202371868881293]",16.74406933202976,0.6390694202446356,394.2709136962891,13,"nsga-2382244-[0.622, 2.90333, 0.583465, 0.401399, 0.401835, 0.203984, 2.33609, 0.238093, 3.12277, 1.14907, 0.25, 3.20424, 2.38534, 2, -0.398814]",0,394.2709136962891,300.0,16.74406933202976,0.8096753542016192,301.1467094049221,12.5339392638788,0.6390694202446356,383.7362602792135,11.476336386145615,0.6508124403837251,394.2709136962891,0.0,0.0,0.0,0.0,0.0,0.0,0.0,0.0,0.0,0.0,314.36676025390625,0.0
1764796710.070222,"[0.573740347484175, 0.4759368532326288, 0.4448327740540911, 0.33911004247098575, 0.2814221119759998, 0.4127468368101044, 0.3191552799662823, 0.4500853287480059, 0.24594739716118344, 0.4790389365078293, 0.9040010758807631, 0.8514299479127113, 0.33944191216405367, 0.4694986007957298, 0.9222630881421848]",17.634301878766315,0.7469301075470157,444.2294467832984,13,"nsga-2382244-[0.622122, 3.16578, 0.58345, 0.401733, 0.384427, 0.406373, 2.61704, 0.235026, 2.11487, -0.419221, 0.25, 3.20286, 2.17888, 2, -0.388685]",0,444.2294467832984,300.0,17.634301878766315,0.9394898292494983,300.1289827300281,12.708987584928186,0.7469301075470157,424.0387887349943,10.58391340767465,0.7973429386208697,444.2294467832984,0.0,0.0,0.0,0.0,0.0,0.0,0.0,0.0,0.0,0.0,365.7110595703125,0.0
1764796710.0715978,"[0.5391039945081709, 0.4008076899964592, 0.4372749041627489, 0.4556537949248568, 0.34062214390060447, 0.0024380098459544364, 0.23389603717751012, 0.944901018457988, 0.6392802309215642, 0.5592854062470305, 0.30102286232714837, 0.8959197956352091, 0.4448248512383675, 0.945427771545006, 0.6971682067109435]",16.71274836005234,0.7097439039044264,464.30409136516295,13,"nsga-2382244-[0.611731, 2.90283, 0.581182, 0.436696, 0.402187, 0.201219, 2.31864, 0.38347, 3.0982, 1.18571, 0.25, 3.29184, 2.38965, 2, -1.51416]",0,464.30409136516295,300.0,16.71274836005234,0.888266628544505,300.13463402724847,12.515632136275128,0.7097439039044264,430.69103855040015,11.353816897694658,0.735554163048907,464.30409136516295,0.0,0.0,0.0,0.0,0.0,0.0,0.0,0.0,0.0,0.0,363.2972412109375,0.0
1764796710.0736735,"[0.3757188860381404, 0.474299330040127, 0.42961480608828373, 0.3481723773256251, 0.34197116921908716, 0.40359635415665507, 0.3189857199882735, 0.9377585035625868, 0.6511483884948365, 0.5570555357387078, 0.4567673443598672, 0.8951374413803728, 0.345161451930357, 0.945427771545006, 0.8757360674690351]",15.659049196941096,0.7851366147762392,483.3437321360518,13,"nsga-2382244-[0.562716, 3.16005, 0.578884, 0.404452, 0.402591, 0.401798, 2.61645, 0.381328, 3.12787, 1.14111, 0.25, 3.29027, 2.19032, 2, -0.62132]",0,483.3437321360518,300.0,15.659049196941096,0.889308540123265,301.8217401830162,13.814914982493331,0.7851366147762392,427.9124504647604,12.068707200957508,0.7960697049047889,483.3437321360518,0.0,0.0,0.0,0.0,0.0,0.0,0.0,0.0,0.0,0.0,356.2770690917969,0.0
1764796710.074848,"[0.5605011600116886, 0.47734194711590516, 0.9597028619074319, 0.4532801339902044, 0.34192915021305387, 0.1917986811343005, 0.3141709468797258, 0.9377585035625868, 0.7240469959520265, 0.5570260849198344, 0.9192693166483336, 0.8882180702729915, 0.3415924918892596, 0.47055824198937307, 0.9297433815224067]",17.54587308837146,0.7256471203594673,471.673694964153,13,"nsga-2382244-[0.61815, 3.1707, 0.737911, 0.435984, 0.402579, 0.295899, 2.5996, 0.381328, 3.31012, 1.14052, 0.25, 3.27644, 2.18318, 2, -0.351283]",0,471.673694964153,300.0,17.54587308837146,0.9098642043951081,300.4404038964248,13.182393999797542,0.7256471203594673,421.678370405988,11.139719860728194,0.7703293998066972,471.673694964153,0.0,0.0,0.0,0.0,0.0,0.0,0.0,0.0,0.0,0.0,345.06787109375,0.0
1764796710.075982,"[0.5753253209963223, 0.47592084404420976, 0.4338484524206979, 0.2695453470344914, 0.10619120867630866, 0.4058522196249083, 0.2596746715911772, 0.45919328829082884, 0.7276206089671629, 0.5566695680095609, 0.4743022047856674, 0.8522868600145782, 0.4428048529643415, 0.4572919940776675, 0.9196159281012888]",17.630832290649415,0.6969510965230988,444.5714974752287,13,"nsga-2382244-[0.622598, 3.16572, 0.580155, 0.380864, 0.331857, 0.402926, 2.40886, 0.237758, 3.31905, 1.13339, 0.25, 3.20457, 2.38561, 2, -0.40192]",0,444.5714974752287,300.0,17.630832290649415,0.9116273612510867,306.7576346792826,12.302489238832056,0.6969510965230988,425.5533776260004,11.778701484494093,0.7032112394891135,444.5714974752287,0.0,0.0,0.0,0.0,0.0,0.0,0.0,0.0,0.0,0.0,373.4016418457031,0.0
1764796710.077093,"[0.5738496010127236, 0.39940259611318285, 0.4350707327577902, 0.45243667536823795, 0.34470747425722376, 0.0021234169658941207, 0.9544916035632129, 0.4572403672821529, 0.6490967428210871, 0.5583366764300931, 0.2852400332243076, 0.8521203692779156, 0.4458461960635581, 0.9551101099011696, 0.9202371868881293]",15.632640638584045,0.6233152095864459,381.6899374240782,13,"nsga-2382244-[0.622155, 2.89791, 0.580521, 0.435731, 0.403412, 0.201062, 4.84072, 0.237172, 3.12274, 1.16673, 0.25, 3.20424, 2.39169, 2, -0.398814]",0,381.6899374240782,300.0,15.632640638584045,0.7158005214318997,300.21200669451457,12.611463728183653,0.6233152095864459,380.43871541837365,12.696731102175828,0.6243780301838386,381.6899374240782,0.0,0.0,0.0,0.0,0.0,0.0,0.0,0.0,0.0,0.0,287.33837890625,0.0
1764796710.078232,"[0.1999974252622479, 0.19169011771848987, 0.950655359301575, 0.3368088090879285, 0.3416245218017235, 0.4083709480557767, 0.03650537664709269, 0.9226109403674212, 0.739520446410215, 0.8253202637491556, 0.7472681256878946, 0.6267533760946896, 0.33393866601471234, 0.4720373229742576, 0.382811395741387]",15.717765528981278,0.85718392947825,477.9616541792707,13,"nsga-2382244-[0.509999, 2.17092, 0.735197, 0.401043, 0.402487, 0.404185, 1.62777, 0.376783, 3.3488, 6.50641, 0.25, 2.75351, 2.16788, 2, -3.08594]",0,477.9616541792707,300.0,15.717765528981278,0.9384266463721671,300.3579924048447,13.286448604304615,0.85718392947825,461.27837234124905,11.04817831923322,0.9316280228335683,477.9616541792707,0.0,0.0,0.0,0.0,0.0,0.0,0.0,0.0,0.0,0.0,320.4259033203125,0.0
1764796710.0793402,"[0.3633784658371512, 0.6072657673278306, 0.6226024479791654, 0.27267935191672954, 0.3419781796054954, 0.40804474980613736, 0.9475726372415127, 0.45919328829082884, 0.6459537995122391, 0.5582526463597574, 0.5114840723635883, 0.4893446904143056, 0.4479904430252908, 0.9428742763171544, 0.8873974888564804]",18.498053211119117,0.7139550915578516,432.89938168409395,13,"nsga-2382244-[0.559014, 3.62543, 0.636781, 0.381804, 0.402593, 0.404022, 4.8165, 0.237758, 3.11488, 1.16505, 0.25, 2.47869, 2.39598, 2, -0.563013]",0,432.89938168409395,300.0,18.498053211119117,0.8568934798240662,300.50968583269815,13.823223983950731,0.7139550915578516,425.70871812773913,13.332315193734518,0.7182979755285309,432.89938168409395,0.0,0.0,0.0,0.0,0.0,0.0,0.0,0.0,0.0,0.0,339.79144287109375,0.0
1764796710.0804393,"[0.1959025275834756, 0.474299330040127, 0.9544170821214418, 0.34125441165633463, 0.3363259027952536, 0.4082322039480436, 0.3135796117537264, 0.9413533189081276, 0.24635204205046163, 0.5591377106737258, 0.9325333236899838, 0.8880696650259298, 0.4466913295961266, 0.945427771545006, 0.8740237296843981]",14.81424334456281,0.8987060840536908,458.0000301640208,13,"nsga-2382244-[0.508771, 3.16005, 0.736325, 0.402376, 0.400898, 0.404116, 2.59753, 0.382406, 2.11588, 1.18275, 0.25, 3.27614, 2.39338, 2, -0.629881]",0,458.0000301640208,300.0,14.81424334456281,0.9519651412963868,300.0065345205912,13.804433231818967,0.8987060840536908,429.5096672988519,12.336278347852753,0.9430676451543483,458.0000301640208,0.0,0.0,0.0,0.0,0.0,0.0,0.0,0.0,0.0,0.0,223.88931274414062,0.0
1764796710.0815372,"[0.5812193891243173, 0.47592084404420976, 0.6451968990155474, 0.27430098086917554, 0.11183647510422533, 0.4058522196249083, 0.9742918579798601, 0.4555918943258652, 0.7173994521811087, 0.5569504914557509, 0.4654339627948708, 0.8833732189927752, 0.3404973575444609, 0.9429456797189092, 0.9217250108181966]",17.61465560168755,0.6614393478486597,441.861572265625,13,"nsga-2382244-[0.624366, 3.16572, 0.643559, 0.38229, 0.333551, 0.402926, 4.91002, 0.236678, 3.2935, 1.13901, 0.25, 3.26675, 2.18099, 2, -0.391375]",0,441.861572265625,300.0,17.61465560168755,0.8887365815116138,300.4369871186047,12.44115048385248,0.6614393478486597,433.34733134944264,11.567204708006324,0.6853919709601053,441.861572265625,0.0,0.0,0.0,0.0,0.0,0.0,0.0,0.0,0.0,0.0,344.73187255859375,0.0
1764796710.082654,"[0.19898264127813894, 0.4739049356376764, 0.6191520844657356, 0.27265068562117445, 0.3408695306378424, 0.40759824855119464, 0.2806306472353758, 0.5311215254276578, 0.645004054157164, 0.5590522946368067, 0.4763328286047398, 0.8809414408058739, 0.44267286535641864, 0.9354582887232124, 0.9185023209309711]",19.1260173704566,0.747615517348778,441.4324959359518,13,"nsga-2382244-[0.509695, 3.15867, 0.635746, 0.381795, 0.402261, 0.403799, 2.48221, 0.259336, 3.11251, 1.18105, 0.25, 3.26188, 2.38535, 2, -0.407488]",0,441.4324959359518,300.0,19.1260173704566,0.8839810080644561,300.04867378793114,14.671716490024474,0.747615517348778,412.68850283739044,12.254102283570825,0.7871383940301291,441.4324959359518,0.0,0.0,0.0,0.0,0.0,0.0,0.0,0.0,0.0,0.0,333.6337585449219,0.0
1764796710.083753,"[0.2006943584313035, 0.47592084404420976, 0.619313388329757, 0.2715521464160231, 0.1046302979932502, 0.4058522196249083, 0.9787860122906362, 0.45919328829082884, 0.7282026457706618, 0.5595052503699481, 0.47872122160265085, 0.48952034481779694, 0.445786486383033, 0.47806768944456823, 0.6782346665423497]",18.42318115234375,0.7235572942873326,441.51224722513336,13,"nsga-2382244-[0.510208, 3.16572, 0.635794, 0.381466, 0.331389, 0.402926, 4.92575, 0.237758, 3.32051, 1.19011, 0.25, 2.47904, 2.39157, 2, -1.60883]",0,441.51224722513336,300.0,18.42318115234375,0.8657085479759589,302.9453006651343,14.376913521929485,0.7235572942873326,435.34090218892914,12.293608851549102,0.7726176471244998,441.51224722513336,0.0,0.0,0.0,0.0,0.0,0.0,0.0,0.0,0.0,0.0,303.6148681640625,0.0
1764796710.084889,"[0.5771244027867213, 0.39877638494160683, 0.4455380357459555, 0.10880029955831967, 0.11011221178229849, 0.00397627189620343, 0.03467548323025785, 0.9637594619036877, 0.6989384908185138, 0.5601086989070366, 0.760774212008696, 0.8666885541023799, 0.35082843381172923, 0.47387515486266923, 0.6824726848797998]",16.068732717560557,0.7320246902907767,477.8175843773819,13,"nsga-2382244-[0.623137, 2.89572, 0.583661, 0.33264, 0.333034, 0.201988, 1.62136, 0.389128, 3.24735, 1.20217, 0.25, 3.23338, 2.20166, 2, -1.58764]",0,477.8175843773819,300.0,16.068732717560557,0.8984985133496727,300.0228162067692,12.68558746896139,0.7320246902907767,440.1632091987424,10.547382508254632,0.7890341741282766,477.8175843773819,0.0,0.0,0.0,0.0,0.0,0.0,0.0,0.0,0.0,0.0,377.113037109375,0.0
1764796710.0862968,"[0.37076558774650126, 0.18344317188143278, 0.9558436522502326, 0.34026552890818373, 0.3419780118741398, 0.4083709480557767, 0.27005657192963795, 0.937696616989207, 0.6432348573907882, 0.5585054330041331, 0.48869506824576403, 0.6289505397068846, 0.3384462882870406, 0.9642825686710867, 0.8868701691877995]",17.35205648468762,0.8322762996685215,490.47577670957986,13,"nsga-2382244-[0.56123, 2.14205, 0.736753, 0.40208, 0.402593, 0.404185, 2.4452, 0.381309, 3.10809, 1.17011, 0.25, 2.7579, 2.17689, 2, -0.565649]",0,490.47577670957986,300.0,17.35205648468762,0.9139845574774393,347.6703118673185,16.335763880101645,0.8322762996685215,301.21435342649136,11.428241711128049,0.8680273230482892,490.47577670957986,0.0,0.0,0.0,0.0,0.0,0.0,0.0,0.0,0.0,0.0,403.29461669921875,0.0
1764796710.0874028,"[0.5738848569061697, 0.3996953110205476, 0.4363569186974071, 0.45243667536823795, 0.34470747425722376, 0.0021234169658941207, 0.23806593584076266, 0.4572403672821529, 0.6490967428210871, 0.556663339422684, 0.3044894161320105, 0.8559383551922846, 0.44394130394899073, 0.4694986007957298, 0.9202566839779551]",16.767161313498892,0.6414763799527796,395.49205597668157,13,"nsga-2382244-[0.622165, 2.89893, 0.580907, 0.435731, 0.403412, 0.201062, 2.33323, 0.237172, 3.12274, 1.13327, 0.25, 3.21188, 2.38788, 2, -0.398717]",0,395.49205597668157,300.0,16.767161313498892,0.809817086778036,300.52921607785106,11.987368806978552,0.6414763799527796,384.34277693585653,11.560977391498845,0.650524769178251,395.49205597668157,0.0,0.0,0.0,0.0,0.0,0.0,0.0,0.0,0.0,0.0,319.1950378417969,0.0
1764796710.0885375,"[0.36699068555772224, 0.30171097619644055, 0.6200889629674452, 0.3374503361376037, 0.3419739691591778, 0.17942965465608404, 0.03732356665607847, 0.4540559362738971, 0.64264973591627, 0.5580822023838149, 0.282899195607175, 0.6338403817663807, 0.4428525390583538, 0.4665719511086105, 0.8930171233708291]",18.318422522195956,0.7255080397536114,456.94862358279346,13,"nsga-2382244-[0.560097, 2.55599, 0.636027, 0.401235, 0.402592, 0.289715, 1.63063, 0.236217, 3.10662, 1.16164, 0.25, 2.76768, 2.38571, 2, -0.534914]",0,456.94862358279346,300.0,18.318422522195956,0.910929307995773,318.7840238245522,12.409087850989366,0.7255080397536114,441.3870551132574,11.881321190624702,0.7364199461006536,456.94862358279346,0.0,0.0,0.0,0.0,0.0,0.0,0.0,0.0,0.0,0.0,359.7984313964844,0.0
1764796710.0896537,"[0.20190836072535795, 0.6050588930083537, 0.6290906855904265, 0.2735538455189412, 0.34230633745577477, 0.408491149017647, 0.23076939295745202, 0.4572403672821529, 0.6495067661810275, 0.48152043753842344, 0.28330088086159444, 0.889968064193086, 0.44267256021801465, 0.9457766649405721, 0.6919012155104359]",18.92114709063274,0.763148530227382,420.48684554681546,13,"nsga-2382244-[0.510573, 3.61771, 0.638727, 0.382066, 0.402692, 0.404246, 2.30769, 0.237172, 3.12377, -0.369591, 0.25, 3.27994, 2.38535, 2, -1.54049]",0,420.48684554681546,300.0,18.92114709063274,0.8635157939864369,301.1403091244581,14.498933875851515,0.763148530227382,386.64154343023534,13.099410922352861,0.7946859755167147,420.48684554681546,0.0,0.0,0.0,0.0,0.0,0.0,0.0,0.0,0.0,0.0,291.1937561035156,0.0
1764796710.090746,"[0.19920868547788195, 0.4016850522346867, 0.6226024479791654, 0.34020892302292854, 0.2807404640533041, 0.004633871745512358, 0.952602621334391, 0.45919328829082884, 0.738663060333098, 0.5587131168041144, 0.5114840723635883, 0.48033151482148884, 0.44286780772538487, 0.4665870976518766, 0.3849307917378263]",18.61593414864889,0.6687731132274721,395.8322916914777,13,"nsga-2382244-[0.509763, 2.9059, 0.636781, 0.402063, 0.384222, 0.202317, 4.83411, 0.237758, 3.34666, 1.17426, 0.25, 2.46066, 2.38574, 2, -3.07535]",0,395.8322916914777,300.0,18.61593414864889,0.8057582596453224,300.4828827462545,14.190126837753668,0.6687731132274721,371.84277790348705,12.986365830026022,0.6893973466826648,395.8322916914777,0.0,0.0,0.0,0.0,0.0,0.0,0.0,0.0,0.0,0.0,265.38739013671875,0.0
1764796710.0918417,"[0.19953293871036984, 0.17214205473793565, 0.6185285398317115, 0.2732479123501644, 0.3445650433774622, 0.40462911007342806, 0.2864694440787615, 0.9777380506795212, 0.6455746655991788, 0.5567338915289443, 0.4788126930590101, 0.48708856848341336, 0.44286974063285406, 0.9654597976945758, 0.8839392204175944]",15.66020422214415,0.8792996854316898,489.3385981117807,13,"nsga-2382244-[0.50986, 2.1025, 0.635559, 0.381974, 0.40337, 0.402315, 2.50264, 0.393321, 3.11394, 1.13468, 0.25, 2.47418, 2.38574, 2, -0.580304]",0,489.3385981117807,300.0,15.66020422214415,0.9653705530050324,301.0118717286645,13.447450554080126,0.8792996854316898,450.0767207448076,10.957806954732755,0.9473054001970989,489.3385981117807,0.0,0.0,0.0,0.0,0.0,0.0,0.0,0.0,0.0,0.0,350.6409912109375,0.0
1764796710.0929422,"[0.37076558774650126, 0.4836580074952504, 0.9569071086225686, 0.33668256439723204, 0.3419780118741398, 0.4083709480557767, 0.033763452272115316, 0.4164383530135439, 0.6418834913143247, 0.5585054330041331, 0.7616703330713481, 0.6289505397068846, 0.33878804801577184, 0.46932663473280223, 0.6793854550678299]",18.21379540141036,0.7881347132892144,429.6653744581269,13,"nsga-2382244-[0.56123, 3.1928, 0.737072, 0.401005, 0.402593, 0.404185, 1.61817, 0.224932, 3.10471, 1.17011, 0.25, 2.7579, 2.17758, 2, -1.60307]",0,429.6653744581269,300.0,18.21379540141036,0.894518253861404,300.0380252000762,14.20538471035841,0.7881347132892144,393.5700372835485,12.61276995961259,0.7992601871490479,429.6653744581269,0.0,0.0,0.0,0.0,0.0,0.0,0.0,0.0,0.0,0.0,329.25262451171875,0.0
1764796710.094041,"[0.1990563052077766, 0.47233184650827736, 0.6226024479791654, 0.27267935191672954, 0.3416124693665338, 0.40804474980613736, 0.9475726372415127, 0.4622752656654706, 0.6473916367686879, 0.558593658498856, 0.5118762273285444, 0.4870928596058586, 0.4426758052985329, 0.9484099191940805, 0.6865125697765917]",18.928861720387527,0.7415151218088661,425.5971924572456,13,"nsga-2382244-[0.509717, 3.15316, 0.636781, 0.381804, 0.402484, 0.404022, 4.8165, 0.238683, 3.11848, 1.17187, 0.25, 2.47419, 2.38535, 2, -1.56744]",0,425.5971924572456,300.0,18.928861720387527,0.8667300730216794,300.0987288312214,13.847640591132931,0.7415151218088661,413.9028598320193,12.824812079638969,0.7613971963161376,425.5971924572456,0.0,0.0,0.0,0.0,0.0,0.0,0.0,0.0,0.0,0.0,319.57733154296875,0.0
1764796710.095134,"[0.5788093493905584, 0.4761670880085418, 0.6229094817089381, 0.2722601636718109, 0.34294790228292815, 0.1839180132464337, 0.9879446912315011, 0.8110344877807872, 0.7264563197825548, 0.5582504575191032, 0.475172933305039, 0.863940088276003, 0.341651964374821, 0.175551759287561, 0.4034022440806827]",17.274958103459056,0.6917077189538537,460.1732511939072,13,"nsga-2382244-[0.623643, 3.16658, 0.636873, 0.381678, 0.402884, 0.291959, 4.95781, 0.34331, 3.31614, 1.16501, 0.25, 3.22788, 2.1833, 2, -2.98299]",0,460.1732511939072,300.0,17.274958103459056,0.8768011546716458,300.2934242434618,13.030062912731635,0.6917077189538537,431.8983361220941,11.484974312200778,0.7112667787365797,460.1732511939072,0.0,0.0,0.0,0.0,0.0,0.0,0.0,0.0,0.0,0.0,390.02838134765625,0.0
1764796710.0962348,"[0.21105777358866784, 0.47233184650827736, 0.6226024479791654, 0.27267935191672954, 0.3416142398827594, 0.4080440484763953, 0.9475726372415127, 0.45919328829082884, 0.6464792224294926, 0.8260929201285921, 0.5114840723635883, 0.4870928596058586, 0.4439167480219346, 0.9484099191940805, 0.6882721064118994]",17.257013827998463,0.7314466386306576,423.03768556176163,13,"nsga-2382244-[0.513317, 3.15316, 0.636781, 0.381804, 0.402484, 0.404022, 4.8165, 0.237758, 3.1162, 6.52186, 0.25, 2.47419, 2.38783, 2, -1.55864]",0,423.03768556176163,300.0,17.257013827998463,0.82544642628693,301.60119414911037,14.400928153061285,0.7314466386306576,387.2939945872237,12.501709505406822,0.7634749781794664,423.03768556176163,0.0,0.0,0.0,0.0,0.0,0.0,0.0,0.0,0.0,0.0,301.53802490234375,0.0
1764796710.0976298,"[0.3577608079370156, 0.1915922579759587, 0.9563135063566897, 0.33681246149202143, 0.34197624135791416, 0.40837164938551873, 0.03650537664709269, 0.9460202325065197, 0.6425020061986486, 0.5570233504954512, 0.30577003732216723, 0.6297430508526051, 0.44271186952136843, 0.4720373229742576, 0.8844531744021059]",17.05191192161746,0.8497157544624515,491.2721214480516,13,"nsga-2382244-[0.557328, 2.17057, 0.736894, 0.401044, 0.402593, 0.404186, 1.62777, 0.383806, 3.10626, 1.14047, 0.25, 2.75949, 2.38542, 2, -0.577734]",0,491.2721214480516,300.0,17.05191192161746,0.9225210442775633,343.1990857380192,16.19816897787699,0.8497157544624515,301.0771242699972,11.192749851505932,0.9135385126602359,491.2721214480516,0.0,0.0,0.0,0.0,0.0,0.0,0.0,0.0,0.0,0.0,389.12274169921875,0.0
1764796710.0987425,"[0.3602376190953378, 0.47734194711590516, 0.9594383337072865, 0.4574158399789653, 0.34197948075260853, 0.4082322039480436, 0.9199044674297742, 0.9376570989657687, 0.6511250767617826, 0.5560029909450716, 0.9192693166483336, 0.8882180702729915, 0.33903023943047733, 0.47055824198937307, 0.9297433815224067]",16.473176104847976,0.7469739047492423,481.2909895734089,13,"nsga-2382244-[0.558071, 3.1707, 0.737832, 0.437225, 0.402594, 0.404116, 4.71967, 0.381297, 3.12781, 1.12006, 0.25, 3.27644, 2.17806, 2, -0.351283]",0,481.2909895734089,300.0,16.473176104847976,0.8756969643802177,300.3131393804783,13.326409684157953,0.7469739047492423,472.8041692222037,11.44297698881568,0.8209736480945494,481.2909895734089,0.0,0.0,0.0,0.0,0.0,0.0,0.0,0.0,0.0,0.0,298.9164733886719,0.0
1764796710.099835,"[0.361485999078052, 0.18951649251290592, 0.42848155114809294, 0.3368088090879285, 0.3419278475847739, 0.40806446714300815, 0.3301868837429566, 0.9227123449642394, 0.646402694079433, 0.8263433577238987, 0.7472681256878946, 0.4844522372599542, 0.3453249745298968, 0.9431121691451042, 0.8856843159122161]",15.934702668538907,0.8119771282847335,488.2615975728849,13,"nsga-2382244-[0.558446, 2.16331, 0.578544, 0.401043, 0.402578, 0.404032, 2.65565, 0.376814, 3.11601, 6.52687, 0.25, 2.4689, 2.19065, 2, -0.571578]",0,488.2615975728849,300.0,15.934702668538907,0.9671879634624574,300.5438312809642,11.98751053693818,0.8119771282847335,446.8888864656774,10.9118126892462,0.8332644480030711,488.2615975728849,0.0,0.0,0.0,0.0,0.0,0.0,0.0,0.0,0.0,0.0,367.04852294921875,0.0
1764797166.7444422,"[0.573849210907363, 0.39940259611318285, 0.4350707327577902, 0.45243667536823795, 0.34470747425722376, 0.0021234169658941207, 0.9503962348956743, 0.4572403672821529, 0.6490967428210871, 0.5597639931877749, 0.2852400332243076, 0.8521203692779156, 0.44292495578459246, 0.9583121444801814, 0.6965446183889064]",15.864569491874882,0.6260243215212008,396.1316313952934,14,"nsga-2382244-[0.622155, 2.89791, 0.580521, 0.435731, 0.403412, 0.201062, 4.82639, 0.237172, 3.12274, 1.19528, 0.25, 3.20424, 2.38585, 2, -1.51728]",0,396.1316313952934,300.0,15.864569491874882,0.7295919397982156,300.0746087051019,11.874415527901999,0.6260243215212008,385.53846346227135,11.723982694672376,0.6285159547154496,396.1316313952934,0.0,0.0,0.0,0.0,0.0,0.0,0.0,0.0,0.0,0.0,299.61834716796875,0.0
1764797166.750817,"[0.5738852470115303, 0.6090441104614399, 0.8721539565159722, 0.33911004247098575, 0.28349897464812945, 0.0021234169658941207, 0.27486870250575607, 0.5384800611480526, 0.6490967428210871, 0.4798713491620552, 0.3029413746928874, 0.8521203692779156, 0.4457858029238322, 0.46587269775184237, 0.915971571914765]",18.62926219847144,0.6484444327470733,427.9006490940001,14,"nsga-2382244-[0.622166, 3.63165, 0.711646, 0.401733, 0.38505, 0.201062, 2.46204, 0.261544, 3.12274, -0.402573, 0.25, 3.20424, 2.39157, 2, -0.420142]",0,427.9006490940001,300.0,18.62926219847144,0.8314716374001851,300.51182762704246,14.048132784773664,0.6484444327470733,390.3894162061738,11.061405014410251,0.7163747964835748,427.9006490940001,0.0,0.0,0.0,0.0,0.0,0.0,0.0,0.0,0.0,0.0,339.472900390625,0.0
1764797166.7520645,"[0.5760032485376028, 0.474299330040127, 0.9541350722160444, 0.3440366713368643, 0.27929719070203873, 0.1871628313429119, 0.3189893602375622, 0.45679502404842975, 0.7240703076850804, 0.5570555357387078, 0.5182926382516637, 0.8548508462597006, 0.44133546624587033, 0.9534134988100826, 0.8757360674690351]",17.810264285017805,0.6731867127302217,438.39337184254714,14,"nsga-2382244-[0.622801, 3.16005, 0.736241, 0.403211, 0.383789, 0.293581, 2.61646, 0.237039, 3.31018, 1.14111, 0.25, 3.2097, 2.38267, 2, -0.62132]",0,438.39337184254714,300.0,17.810264285017805,0.8599613654904249,300.2377941224633,12.483542321367961,0.6731867127302217,431.05210191680163,11.030092337073349,0.7187454313766666,438.39337184254714,0.0,0.0,0.0,0.0,0.0,0.0,0.0,0.0,0.0,0.0,360.74945068359375,0.0
1764797166.7532017,"[0.5683486697863154, 0.6100968551790096, 0.6228830170062789, 0.3390979333429418, 0.3440634445395725, 0.3923994723584888, 0.9475726372415127, 0.9401515840971304, 0.647659422768972, 0.5582526463597574, 0.456810701190243, 0.8948612451058138, 0.34299237265337507, 0.9448932952739482, 0.6899473868230321]",16.37301954408971,0.7449446625825835,475.53477775759814,14,"nsga-2382244-[0.620505, 3.63534, 0.636865, 0.401729, 0.403219, 0.3962, 4.8165, 0.382045, 3.11915, 1.16505, 0.25, 3.28972, 2.18598, 2, -1.55026]",0,475.53477775759814,300.0,16.37301954408971,0.8760589957237244,301.0300103536466,13.142877774122285,0.7449446625825835,428.20582915515433,11.025104787873058,0.7993028527352868,475.53477775759814,0.0,0.0,0.0,0.0,0.0,0.0,0.0,0.0,0.0,0.0,367.27142333984375,0.0
1764797166.7543437,"[0.36154799513143787, 0.18951649251290592, 0.9530213637837041, 0.3368088090879285, 0.34197817812432857, 0.40823509017484705, 0.9313797285750186, 0.9226109403674212, 0.646402694079433, 0.5558008423032487, 0.7472681256878946, 0.4844522372599542, 0.34530709120533787, 0.45841148159433376, 0.8856843159122161]",17.585440328644545,0.816925875442784,490.2872065102182,14,"nsga-2382244-[0.558464, 2.16331, 0.735906, 0.401043, 0.402593, 0.404118, 4.75983, 0.376783, 3.11601, 1.11602, 0.25, 2.4689, 2.19061, 2, -0.571578]",0,490.2872065102182,300.0,17.585440328644545,0.9173635782265082,313.8888433316859,13.424190674758538,0.816925875442784,447.3044879448123,11.63477104466136,0.8344889088374813,490.2872065102182,0.0,0.0,0.0,0.0,0.0,0.0,0.0,0.0,0.0,0.0,386.48358154296875,0.0
1764797166.755477,"[0.36017562304195194, 0.47734194711590516, 0.43497898394691265, 0.4574158399789653, 0.34192915021305387, 0.4080615809162047, 0.3187110663734555, 0.9377585035625868, 0.6511250767617826, 0.8265455063657199, 0.9192693166483336, 0.8882180702729915, 0.33904812275503626, 0.9552167931390088, 0.9297433815224067]",14.465653633489842,0.7595764994621277,461.3753780830197,14,"nsga-2382244-[0.558053, 3.1707, 0.580494, 0.437225, 0.402579, 0.404031, 2.61549, 0.381328, 3.12781, 6.53091, 0.25, 3.27644, 2.1781, 2, -0.351283]",0,461.3753780830197,300.0,14.465653633489842,0.8289993123310369,300.7941396573695,13.090152791651283,0.7595764994621277,396.72293105706933,11.246170588237483,0.8020375330273698,461.3753780830197,0.0,0.0,0.0,0.0,0.0,0.0,0.0,0.0,0.0,0.0,281.495361328125,0.0
1764797166.756602,"[0.3622333536547165, 0.4761670880085418, 0.4335649790353685, 0.2722601636718109, 0.3419310897147477, 0.17850531177247328, 0.9879446912315011, 0.8141164651560622, 0.6439352490748936, 0.5570272780180412, 0.47556508826999516, 0.8643403330099825, 0.341651964374821, 0.175551759287561, 0.9689148564142565]",16.933936309814452,0.7057444895186076,463.73116689542445,14,"nsga-2382244-[0.55867, 3.16658, 0.580069, 0.381678, 0.402579, 0.289253, 4.95781, 0.344235, 3.10984, 1.14055, 0.25, 3.22868, 2.1833, 2, -0.155426]",0,463.73116689542445,300.0,16.933936309814452,0.8236261806836942,300.2784887546446,12.992212076884945,0.7057444895186076,441.2079274619498,12.577018463320849,0.709827415826844,463.73116689542445,0.0,0.0,0.0,0.0,0.0,0.0,0.0,0.0,0.0,0.0,345.2796936035156,0.0
1764797166.7577012,"[0.57398002801668, 0.47734194711590516, 0.6243234866204822, 0.4556537949248568, 0.34294596278123424, 0.4136449054220052, 0.3141673066304372, 0.9377585035625868, 0.7284518880218823, 0.558590276559995, 0.919208328307975, 0.8877613531815826, 0.3416680014919255, 0.4682672300069276, 0.36306497299783175]",17.30249562612394,0.7787126099191061,470.09361066120425,14,"nsga-2382244-[0.622194, 3.1707, 0.637297, 0.436696, 0.402884, 0.406822, 2.59959, 0.381328, 3.32113, 1.17181, 0.25, 3.27552, 2.18334, 2, -3.18468]",0,470.09361066120425,300.0,17.30249562612394,0.935394666543821,300.08671147416277,12.53797380866074,0.7787126099191061,433.8819234336295,10.774846942250322,0.8381109790104192,470.09361066120425,0.0,0.0,0.0,0.0,0.0,0.0,0.0,0.0,0.0,0.0,376.5345153808594,0.0
1764797166.7592084,"[0.19898264127813894, 0.4739122344253078, 0.622625318407516, 0.2726794097780023, 0.33930861994743877, 0.40759824855119464, 0.2864694440787615, 0.5311215254276578, 0.645586090960663, 0.5595535697213504, 0.4788126930590101, 0.48708856848341336, 0.44267585458266423, 0.4705848053802866, 0.677121059647336]",18.759415491615854,0.7977916929779983,449.1454005171613,14,"nsga-2382244-[0.509695, 3.15869, 0.636788, 0.381804, 0.401793, 0.403799, 2.50264, 0.259336, 3.11397, 1.19107, 0.25, 2.47418, 2.38535, 2, -1.61439]",0,449.1454005171613,300.0,18.759415491615854,0.9053872500977865,301.22265770144577,14.99015143789896,0.7977916929779983,414.4339938280059,12.41184397906792,0.839356026707626,449.1454005171613,0.0,0.0,0.0,0.0,0.0,0.0,0.0,0.0,0.0,0.0,325.31304931640625,0.0
1764797166.7603304,"[0.20182789596796125, 0.47232454772064597, 0.6191292140373849, 0.27268405298727894, 0.3416124693665338, 0.40804474980613736, 0.9475726372415127, 0.45919328829082884, 0.6463314927118713, 0.5582243633391043, 0.5114840723635883, 0.4870928596058586, 0.44267281607228737, 0.9484099191940805, 0.6865125697765917]",18.723814159486352,0.7407828080944898,435.08425289247094,14,"nsga-2382244-[0.510548, 3.15314, 0.635739, 0.381805, 0.402484, 0.404022, 4.8165, 0.237758, 3.11583, 1.16449, 0.25, 2.47419, 2.38535, 2, -1.56744]",0,435.08425289247094,300.0,18.723814159486352,0.8649324294997425,301.3333279865544,14.316637001968012,0.7407828080944898,401.2233678678187,12.357930653269698,0.7781333652938285,435.08425289247094,0.0,0.0,0.0,0.0,0.0,0.0,0.0,0.0,0.0,0.0,321.4788818359375,0.0
1764797166.7614162,"[0.36017562304195194, 0.47734194711590516, 0.436178326637029, 0.3378067393899127, 0.34192915021305387, 0.4082322039480436, 0.23485806371982632, 0.9377585035625868, 0.6491232518943508, 0.5570260849198344, 0.9367865821024082, 0.8882180702729915, 0.44391758278647736, 0.47055824198937307, 0.9297433815224067]",15.855819260201804,0.7927110139916583,490.75496476336224,14,"nsga-2382244-[0.558053, 3.1707, 0.580853, 0.401342, 0.402579, 0.404116, 2.322, 0.381328, 3.12281, 1.14052, 0.25, 3.27644, 2.38784, 2, -0.351283]",0,490.75496476336224,300.0,15.855819260201804,0.9132465917889665,300.67055853866947,13.709752445686155,0.7927110139916583,439.6791812803687,11.684181245943394,0.8249101336409406,490.75496476336224,0.0,0.0,0.0,0.0,0.0,0.0,0.0,0.0,0.0,0.0,358.27911376953125,0.0
1764797166.7625177,"[0.19928915023527866, 0.39940259611318285, 0.62789134290031, 0.4606925172141928, 0.2814221119759998, 0.0021234169658941207, 0.31528279818861704, 0.4572403672821529, 0.6510985676885188, 0.4819809079827805, 0.2657370347692045, 0.8832067282561126, 0.3440488900772933, 0.4694986007957298, 0.6923073864372743]",17.377727997012254,0.6725506171947573,401.8793468568383,14,"nsga-2382244-[0.509787, 2.89791, 0.638367, 0.438208, 0.384427, 0.201062, 2.60349, 0.237172, 3.12775, -0.360382, 0.25, 3.26641, 2.1881, 2, -1.53846]",0,401.8793468568383,300.0,17.377727997012254,0.7627484955438754,301.9664868796744,14.583484617093715,0.6725506171947573,373.83185722537155,12.302010885099085,0.7303981330336594,401.8793468568383,0.0,0.0,0.0,0.0,0.0,0.0,0.0,0.0,0.0,0.0,261.496337890625,0.0
1764797166.763613,"[0.36015095049799795, 0.18036314701267467, 0.950655359301575, 0.33424443166194895, 0.3419261033455072, 0.4083709480557767, 0.31150164454235896, 0.9222992881322926, 0.646320646269771, 0.5526767722652844, 0.9305262472899779, 0.8861096042038406, 0.4394920738025995, 0.46835105455201453, 0.8856843159122161]",17.468421903470666,0.8109148627374231,489.3476793986995,14,"nsga-2382244-[0.558045, 2.13127, 0.735197, 0.400273, 0.402578, 0.404185, 2.59026, 0.37669, 3.1158, 1.05354, 0.25, 3.27222, 2.37898, 2, -0.571578]",0,489.3476793986995,300.0,17.468421903470666,0.9084792724469813,342.2067209755502,12.964527925630895,0.8109148627374231,454.48316505246044,11.986532755595881,0.822409916505581,489.3476793986995,0.0,0.0,0.0,0.0,0.0,0.0,0.0,0.0,0.0,0.0,401.86431884765625,0.0
1764797166.764699,"[0.20182789596796125, 0.47233184650827736, 0.6226024479791654, 0.27267935191672954, 0.34161491366678454, 0.40804474980613736, 0.9475726372415127, 0.45919328829082884, 0.6464321018606614, 0.8308695062463735, 0.5114840723635883, 0.4845144017546754, 0.34246907862318815, 0.9484099191940805, 0.6865125697765917]",17.22548916514327,0.7176022387132412,428.1153313241354,14,"nsga-2382244-[0.510548, 3.15316, 0.636781, 0.381804, 0.402484, 0.404022, 4.8165, 0.237758, 3.11608, 6.61739, 0.25, 2.46903, 2.18494, 2, -1.56744]",0,428.1153313241354,300.0,17.22548916514327,0.8160314562844067,300.4684604551734,14.343561391132633,0.7176022387132412,408.4578868214677,12.440045491660513,0.780749530036275,428.1153313241354,0.0,0.0,0.0,0.0,0.0,0.0,0.0,0.0,0.0,0.0,296.074462890625,0.0
1764797166.7657866,"[0.2040208591355473, 0.6068473568337618, 0.6222594763685334, 0.27228751105312077, 0.09673518473122544, 0.0021234169658941207, 0.27088700879383903, 0.4602629544904498, 0.7278361877620438, 0.48031274837520466, 0.4754325742967671, 0.852287234291121, 0.4426674404950225, 0.46911644042691275, 0.6910910188917635]",17.35614727299388,0.6904607737936624,410.4663681774605,14,"nsga-2382244-[0.511206, 3.62397, 0.636678, 0.381686, 0.329021, 0.201062, 2.4481, 0.238079, 3.31959, -0.393745, 0.25, 3.20457, 2.38533, 2, -1.54454]",0,410.4663681774605,300.0,17.35614727299388,0.8149203178359241,300.85858806517064,15.591558293598455,0.6904607737936624,377.00334576862616,13.562382237504169,0.7111309737693973,410.4663681774605,0.0,0.0,0.0,0.0,0.0,0.0,0.0,0.0,0.0,0.0,217.71539306640625,0.0
1764797166.7668967,"[0.5705583562023621, 0.4764196622923382, 0.8683481024824008, 0.2715110309657961, 0.3507256793751265, 0.4058522196249083, 0.9742918579798601, 0.5368750321424043, 0.652138348095127, 0.5590322583060574, 0.30375015754450085, 0.8832063539795698, 0.445786486383033, 0.9429456797189092, 0.9208039125470894]",18.182130232089904,0.6951882103594338,456.99036269769437,14,"nsga-2382244-[0.621168, 3.16747, 0.710504, 0.381453, 0.405218, 0.402926, 4.91002, 0.261063, 3.13035, 1.18065, 0.25, 3.26641, 2.39157, 2, -0.39598]",0,456.99036269769437,300.0,18.182130232089904,0.8862412467235472,300.61788320773985,13.094115164221787,0.6951882103594338,425.20199694749783,11.45529671645746,0.7151600389945798,456.99036269769437,0.0,0.0,0.0,0.0,0.0,0.0,0.0,0.0,0.0,0.0,393.04437255859375,0.0
1764797166.7680092,"[0.370763157528996, 0.3036855488357523, 0.6260424349218683, 0.3430770778988133, 0.34160981103514715, 0.41163685332283206, 0.47246403791536457, 0.5258887325531606, 0.6387606752059132, 0.5567457052138608, 0.4862325132668749, 0.8664744993574194, 0.3412721672432944, 0.9641918763365201, 0.7410754734041018]",17.931192314334034,0.7331186445747934,453.88581241514623,14,"nsga-2382244-[0.561229, 2.5629, 0.637813, 0.402923, 0.402483, 0.405818, 3.15362, 0.257767, 3.0969, 1.13491, 0.25, 3.23295, 2.18254, 2, -1.29462]",0,453.88581241514623,300.0,17.931192314334034,0.9073736536793593,301.1433839751453,12.73179706480445,0.7331186445747934,434.4055051477944,12.021185539989936,0.7448718521653153,453.88581241514623,0.0,0.0,0.0,0.0,0.0,0.0,0.0,0.0,0.0,0.0,378.12469482421875,0.0
1764797166.769113,"[0.3683630768855283, 0.18344317188143278, 0.9562862302595188, 0.33602917090680035, 0.34199289037207176, 0.4083709480557767, 0.033763452272115316, 0.9376829481662816, 0.26436912676973323, 0.5585054330041331, 0.7569759333477584, 0.6289505397068846, 0.3389157354050631, 0.945662858220886, 0.8862036158382889]",16.59227003702303,0.8694378919717742,505.1090981832365,14,"nsga-2382244-[0.560509, 2.14205, 0.736886, 0.400809, 0.402598, 0.404185, 1.61817, 0.381305, 2.16092, 1.17011, 0.25, 2.7579, 2.17783, 2, -0.568982]",0,505.1090981832365,300.0,16.59227003702303,0.941648237588929,355.7454924792778,15.743626487545852,0.8694378919717742,300.5747313150545,11.377328937809642,0.9675576835143856,505.1090981832365,0.0,0.0,0.0,0.0,0.0,0.0,0.0,0.0,0.0,0.0,330.32635498046875,0.0
1764797166.7705033,"[0.568307495316041, 0.18046834099029999, 0.9618601241484385, 0.33909981078977897, 0.34174909084243477, 0.4090534166986154, 0.9475726372415127, 0.45919328829082884, 0.647546145127853, 0.5582526463597574, 0.7576819299635033, 0.8545746499851415, 0.33776800709024324, 0.9528105494085345, 0.6899473868230321]",17.02011065599395,0.7371509377549335,436.7077698126072,14,"nsga-2382244-[0.620492, 2.13164, 0.738558, 0.40173, 0.402525, 0.404527, 4.8165, 0.237758, 3.11887, 1.16505, 0.25, 3.20915, 2.17554, 2, -1.55026]",0,436.7077698126072,300.0,17.02011065599395,0.915750830347945,313.041700484113,11.727609541358017,0.7371509377549335,431.12582155553304,11.622885848254692,0.7384572950805106,436.7077698126072,0.0,0.0,0.0,0.0,0.0,0.0,0.0,0.0,0.0,0.0,374.49951171875,0.0
1764797166.7716079,"[0.37076558774650126, 0.6130716861021198, 0.617019247331615, 0.3366806869503948, 0.28161838705422915, 0.3917170037156501, 0.033763452272115316, 0.9376829481662816, 0.6419967689554436, 0.5585054330041331, 0.5223243981898843, 0.6289505397068846, 0.44369584622406155, 0.9643510418015772, 0.8862036158382889]",15.685815866982065,0.8546461756636456,462.29000154820886,14,"nsga-2382244-[0.56123, 3.64575, 0.635106, 0.401004, 0.384486, 0.395859, 1.61817, 0.381305, 3.10499, 1.17011, 0.25, 2.7579, 2.38739, 2, -0.568982]",0,462.29000154820886,300.0,15.685815866982065,0.9335364396979169,300.7861099243164,14.27252143766822,0.8546461756636456,427.88626790860803,11.443804392000525,0.9199973580313892,462.29000154820886,0.0,0.0,0.0,0.0,0.0,0.0,0.0,0.0,0.0,0.0,302.39971923828125,0.0
1764797166.772693,"[0.5738986215997983, 0.6090441104614399, 0.46950942323994505, 0.4534896147680873, 0.3412656759928493, 0.0021313660373022455, 0.4684626915734702, 0.5276436218226429, 0.6523476268157041, 0.48130621084189135, 0.3029413746928874, 0.8521471600609244, 0.8337808438833569, 0.9721549457254719, 0.6885819668296226]",17.512989481484016,0.6477692740719493,394.2190595301186,14,"nsga-2382244-[0.62217, 3.63165, 0.590853, 0.436047, 0.40238, 0.201066, 3.13962, 0.258293, 3.13087, -0.373876, 0.25, 3.20429, 3.16756, 2, -1.55709]",0,394.2190595301186,300.0,17.512989481484016,0.7846692998234819,301.8674022767602,13.397128909971656,0.6477692740719493,383.57832578333415,12.466279141495868,0.6569606708317268,394.2190595301186,0.0,0.0,0.0,0.0,0.0,0.0,0.0,0.0,0.0,0.0,323.18603515625,0.0
1764797166.773781,"[0.5738848569061697, 0.6073461750818904, 0.87129419052184, 0.2751503212700304, 0.3429640998432594, 0.0021234169658941207, 0.26494834847034254, 0.5379446983420253, 0.649100625683087, 0.48031276437191, 0.3029413746928874, 0.853607567215139, 0.4426674404950225, 0.46911644042691275, 0.6922790035430446]",17.75998114609137,0.6552161059728483,422.2991823522056,14,"nsga-2382244-[0.622165, 3.62571, 0.711388, 0.382545, 0.402889, 0.201062, 2.42732, 0.261383, 3.12275, -0.393745, 0.25, 3.20722, 2.38533, 2, -1.5386]",0,422.2991823522056,300.0,17.75998114609137,0.7977298338238786,301.9100537928139,13.325367969419897,0.6552161059728483,401.475824086259,12.138061574610267,0.6690300740846773,422.2991823522056,0.0,0.0,0.0,0.0,0.0,0.0,0.0,0.0,0.0,0.0,336.35687255859375,0.0
1764797166.7748795,"[0.36836064666802304, 0.30590417340471127, 0.6260424349218683, 0.4557248029371015, 0.3415963861727427, 0.4083219681889409, 0.47246403791536457, 0.5059910729749078, 0.2611969759247945, 0.5567457052138608, 0.9204582557561709, 0.8661033080813642, 0.3413998546325857, 0.9455774117243276, 0.7367315463705487]",17.756298683910835,0.7603149794950718,474.6493625175662,14,"nsga-2382244-[0.560508, 2.57066, 0.637813, 0.436717, 0.402479, 0.404161, 3.15362, 0.251797, 2.15299, 1.13491, 0.25, 3.23221, 2.1828, 2, -1.31634]",0,474.6493625175662,300.0,17.756298683910835,0.9326859058403387,301.34773730766483,12.847281823507169,0.7603149794950718,445.1540796791635,12.189522980480659,0.7700774896435622,474.6493625175662,0.0,0.0,0.0,0.0,0.0,0.0,0.0,0.0,0.0,0.0,352.481201171875,0.0
1764797166.7759726,"[0.5760071941581836, 0.4720807054711679, 0.4372749041627489, 0.34235267639613687, 0.34065044726094085, 0.41154708908193477, 0.3135796117537264, 0.9576218793693619, 0.23618021999800853, 0.5570260849198344, 0.48280805962130857, 0.895508632656428, 0.3414022007575546, 0.9454225257069977, 0.9319319192749116]",16.873254855086163,0.8329182799269513,501.1645896353373,14,"nsga-2382244-[0.622802, 3.15228, 0.581182, 0.402706, 0.402195, 0.405774, 2.59753, 0.387287, 2.09045, 1.14052, 0.25, 3.29102, 2.1828, 2, -0.34034]",0,501.1645896353373,300.0,16.873254855086163,0.9915236446915603,301.4694119709294,12.07912539505377,0.8329182799269513,467.74125217344704,10.313660012221918,0.9023316008288685,501.1645896353373,0.0,0.0,0.0,0.0,0.0,0.0,0.0,0.0,0.0,0.0,389.10052490234375,0.0
1764797166.7770689,"[0.19953293871036984, 0.47235689035129885, 0.6191520844657356, 0.2732479123501644, 0.3445650433774622, 0.17669146485565185, 0.04103521914214303, 0.45737846725304715, 0.6427032568455558, 0.5567338915289443, 0.4788126930590101, 0.48708856848341336, 0.4428526860347197, 0.46656594668771934, 0.8934515797610983]",19.335324971268818,0.7430582316910348,433.0964691534275,14,"nsga-2382244-[0.50986, 3.15325, 0.635746, 0.381974, 0.40337, 0.288346, 1.64362, 0.237214, 3.10676, 1.13468, 0.25, 2.47418, 2.38571, 2, -0.532742]",0,433.0964691534275,300.0,19.335324971268818,0.8902540122590414,300.49851945086226,14.581280740877476,0.7430582316910348,417.1763836372189,13.103582414766636,0.7545483141410642,433.0964691534275,0.0,0.0,0.0,0.0,0.0,0.0,0.0,0.0,0.0,0.0,305.818359375,0.0
1764797166.7781723,"[0.36699068555772224, 0.30171097619644055, 0.6200889629674452, 0.3374503361376037, 0.3419739691591778, 0.40736729987386117, 0.28275836929225, 0.4540559362738971, 0.6455211446698929, 0.5580822023838149, 0.282899195607175, 0.6338403817663807, 0.44286959365648815, 0.47059080980117773, 0.6766866032558834]",18.071897176416908,0.7619880740235492,445.4019470214844,14,"nsga-2382244-[0.560097, 2.55599, 0.636027, 0.401235, 0.402592, 0.403684, 2.48965, 0.236217, 3.1138, 1.16164, 0.25, 2.76768, 2.38574, 2, -1.61657]",0,445.4019470214844,300.0,18.071897176416908,0.9149397931447844,315.09437575921777,13.107404527431582,0.7619880740235492,429.42595054812546,11.350766381984803,0.794470548920515,445.4019470214844,0.0,0.0,0.0,0.0,0.0,0.0,0.0,0.0,0.0,0.0,367.87640380859375,0.0
1764797166.7792637,"[0.5832136689882614, 0.3996953110205476, 0.43635482845670936, 0.45243667536823795, 0.3447155030039419, 0.004278735004590889, 0.23806593584076266, 0.4572403672821529, 0.6448019672341102, 0.5570238005292438, 0.3044894161320105, 0.8559383551922846, 0.44394130394899073, 0.4694858150334719, 0.9290938375008666]",16.85584343235667,0.6382152484684456,397.39677153796686,14,"nsga-2382244-[0.624964, 2.89893, 0.580906, 0.435731, 0.403415, 0.202139, 2.33323, 0.237172, 3.112, 1.14048, 0.25, 3.21188, 2.38788, 2, -0.354531]",0,397.39677153796686,300.0,16.85584343235667,0.8209911456922205,300.18096393492164,12.589643650520138,0.6382152484684456,391.3359229855421,12.86479295404946,0.6408910978131178,397.39677153796686,0.0,0.0,0.0,0.0,0.0,0.0,0.0,0.0,0.0,0.0,321.53857421875,0.0
1764797166.7803452,"[0.3508468109598602, 0.47734194711590516, 0.43498107418761034, 0.4556537949248568, 0.34192112146633574, 0.4091179874970522, 0.3141673066304372, 0.9377585035625868, 0.6491654488443818, 0.5566656238132746, 0.919208328307975, 0.8881615979155619, 0.3416680014919255, 0.4682800157691855, 0.9202211052121105]",15.78106097244635,0.7757699629155601,485.4340315283799,14,"nsga-2382244-[0.555254, 3.1707, 0.580494, 0.436696, 0.402576, 0.404559, 2.59959, 0.381328, 3.12291, 1.13331, 0.25, 3.27632, 2.18334, 2, -0.398894]",0,485.4340315283799,300.0,15.78106097244635,0.8867171174142419,301.0455550775295,13.531529273056403,0.7757699629155601,440.40079498291016,11.956648054355528,0.7995735249868253,485.4340315283799,0.0,0.0,0.0,0.0,0.0,0.0,0.0,0.0,0.0,0.0,348.86199951171875,0.0
1764797166.7817376,"[0.36017562304195194, 0.47734194711590516, 0.43497898394691265, 0.472817609570162, 0.3416246296153139, 0.4082369310514522, 0.9761430382944863, 0.9351813620578802, 0.6511250767617826, 0.5570897198016573, 0.9169773190136923, 0.8852535340568464, 0.4428981884426505, 0.48084024721896534, 0.9297433815224067]",15.921527597380848,0.7366923230450327,475.9275437517864,14,"nsga-2382244-[0.558053, 3.1707, 0.580494, 0.441845, 0.402487, 0.404118, 4.9165, 0.380554, 3.12781, 1.14179, 0.25, 3.27051, 2.3858, 2, -0.351283]",0,475.9275437517864,300.0,15.921527597380848,0.8676618683628919,300.0803976291563,13.694785667047269,0.7366923230450327,458.0864204592821,11.545108571866663,0.7829082887347152,475.9275437517864,0.0,0.0,0.0,0.0,0.0,0.0,0.0,0.0,0.0,0.0,324.76043701171875,0.0
1764797166.7828546,"[0.20182789596796125, 0.6073413491298577, 0.6226024479791654, 0.2572775823255328, 0.341929210130819, 0.40804002270272877, 0.28414178965298686, 0.4617674842545131, 0.7390730836930385, 0.5581890114779344, 0.5137759650037544, 0.49005739235871504, 0.3448795270747864, 0.9325878557728704, 0.384524620810988]",18.096483118941144,0.8060262054931827,427.75605632502857,14,"nsga-2382244-[0.510548, 3.62569, 0.636781, 0.377183, 0.402579, 0.40402, 2.4945, 0.23853, 3.34768, 1.16378, 0.25, 2.48011, 2.18976, 2, -3.07738]",0,427.75605632502857,300.0,18.096483118941144,0.8818442551101127,300.01798168275417,14.761150113547721,0.8060262054931827,401.74520695383956,13.59367169170845,0.8179001212120056,427.75605632502857,0.0,0.0,0.0,0.0,0.0,0.0,0.0,0.0,0.0,0.0,285.6650390625,0.0
1764797166.78398,"[0.5804818658771292, 0.4773282678132152, 0.6229094817089381, 0.2722601636718109, 0.34192085950346646, 0.1839180132464337, 0.33662624621887804, 0.8110344877807872, 0.6508478899150508, 0.5582276058097717, 0.475172933305039, 0.888012387980517, 0.341651964374821, 0.4752124639818356, 0.4034022440806827]",17.026773531843975,0.7279758177152494,473.7082492735328,14,"nsga-2382244-[0.624145, 3.17065, 0.636873, 0.381678, 0.402576, 0.291959, 2.67819, 0.34331, 3.12712, 1.16455, 0.25, 3.27602, 2.1833, 2, -2.98299]",0,473.7082492735328,300.0,17.026773531843975,0.8963673548000615,300.1933415482684,12.571167913297328,0.7279758177152494,446.4161730138267,10.881219505682225,0.7688196036873794,473.7082492735328,0.0,0.0,0.0,0.0,0.0,0.0,0.0,0.0,0.0,0.0,402.73455810546875,0.0
1764797166.7851155,"[0.3585031065553811, 0.47618076731123177, 0.43497898394691265, 0.4574158399789653, 0.3429561929925155, 0.4082322039480436, 0.9636242997532003, 0.9377585035625868, 0.7267335066292865, 0.5570489366291658, 0.9192693166483336, 0.8641457705684775, 0.345101910218904, 0.17089753729538856, 0.9297433815224067]",16.03619019578143,0.7305481750790666,463.5985069460985,14,"nsga-2382244-[0.557551, 3.16663, 0.580494, 0.437225, 0.402887, 0.404116, 4.87269, 0.381328, 3.31683, 1.14098, 0.25, 3.22829, 2.1902, 2, -0.351283]",0,463.5985069460985,300.0,16.03619019578143,0.8530804023510072,301.8813095464939,13.523596777567048,0.7305481750790666,458.9864851788777,12.055033172049173,0.7621697763117349,463.5985069460985,0.0,0.0,0.0,0.0,0.0,0.0,0.0,0.0,0.0,0.0,331.79266357421875,0.0
1764797166.7862232,"[0.19726528588290865, 0.39940259611318285, 0.6181607919420192, 0.2718684107118161, 0.34470747425722376, 0.0021234169658941207, 0.9544916035632129, 0.45724453624999883, 0.6490967428210871, 0.5583369399988035, 0.2852400332243076, 0.8521203692779156, 0.4458461960635581, 0.9551101099011696, 0.9202371868881293]",18.15228702731249,0.646905441109727,381.1538218428449,14,"nsga-2382244-[0.50918, 2.89791, 0.635448, 0.381561, 0.403412, 0.201062, 4.84072, 0.237173, 3.12274, 1.16674, 0.25, 3.20424, 2.39169, 2, -0.398814]",0,381.1538218428449,300.0,18.15228702731249,0.766468904948816,301.06998964635335,14.088322592944634,0.646905441109727,368.9713424682617,13.291856668053605,0.6558838937340713,381.1538218428449,0.0,0.0,0.0,0.0,0.0,0.0,0.0,0.0,0.0,0.0,265.8695373535156,0.0
1764797166.7873132,"[0.5772786735622547, 0.47592084404420976, 0.4362233291455281, 0.4520869858450677, 0.10619120867630866, 0.4058522196249083, 0.9742918579798601, 0.46836532025494226, 0.7276206089671629, 0.5590319947373471, 0.47624135714838056, 0.8833732189927752, 0.445786486383033, 0.9429456797189092, 0.9196159281012888]",16.509185963142208,0.6600895564730574,438.3603146436738,14,"nsga-2382244-[0.623184, 3.16572, 0.580867, 0.435626, 0.331857, 0.402926, 4.91002, 0.24051, 3.31905, 1.18064, 0.25, 3.26675, 2.39157, 2, -0.40192]",0,438.3603146436738,300.0,16.509185963142208,0.8919419140350527,300.1069628273568,12.465870145472085,0.6600895564730574,429.5911647889672,11.808143373815025,0.6712377190589904,438.3603146436738,0.0,0.0,0.0,0.0,0.0,0.0,0.0,0.0,0.0,0.0,301.52703857421875,0.0
1764797166.788421,"[0.37076558774650126, 0.17841867306748188, 0.9446665052169552, 0.34025852534064693, 0.34219450147829433, 0.4257817933267785, 0.27005657192963795, 0.4512689792628742, 0.6432933246321193, 0.5585054330041331, 0.28726007373698764, 0.6356304403418971, 0.3384462882870406, 0.9642825686710867, 0.8868701691877995]",17.48994736555146,0.7797903081265891,452.7838188171387,14,"nsga-2382244-[0.56123, 2.12447, 0.7334, 0.402078, 0.402658, 0.412891, 2.4452, 0.235381, 3.10823, 1.17011, 0.25, 2.77126, 2.17689, 2, -0.565649]",0,452.7838188171387,300.0,17.48994736555146,0.9100357773827343,326.01951986173304,12.783828200363532,0.7797903081265891,427.19067341874285,11.809639195698063,0.7882606910496224,452.7838188171387,0.0,0.0,0.0,0.0,0.0,0.0,0.0,0.0,0.0,0.0,371.33367919921875,0.0
1764797166.7895231,"[0.19928915023527866, 0.4044270949271343, 0.6402663559885318, 0.341090420192677, 0.2812056223718453, 0.00043996331128734467, 0.23597355527800612, 0.9436577691053991, 0.6490382755797559, 0.4819809079827805, 0.48473587537037083, 0.8765268276178256, 0.4428645626448666, 0.4694986007957298, 0.6923073864372743]",15.04770736694336,0.7639989704620548,435.2707331215463,14,"nsga-2382244-[0.509787, 2.91549, 0.64208, 0.402327, 0.384362, 0.20022, 2.32591, 0.383097, 3.1226, -0.360382, 0.25, 3.25305, 2.38573, 2, -1.53846]",0,435.2707331215463,300.0,15.04770736694336,0.8008965721944483,300.46457597686026,13.867513051847132,0.7639989704620548,403.47653886748526,13.126121200003276,0.7711969145914404,435.2707331215463,0.0,0.0,0.0,0.0,0.0,0.0,0.0,0.0,0.0,0.0,220.04176330566406,0.0
1764797166.79061,"[0.5738848569061697, 0.39877820270328834, 0.4345134916970895, 0.45243667536823795, 0.11002759376262097, 0.0021234169658941207, 0.23806593584076266, 0.9539067164601805, 0.6490967428210871, 0.556663339422684, 0.4872513555801237, 0.8559383551922846, 0.3507223901198078, 0.4694498200632904, 0.9163501673776024]",0.0,100.0,4.445733484407751,14,"nsga-2382244-[0.622165, 2.89572, 0.580354, 0.435731, 0.333008, 0.201062, 2.33323, 0.386172, 3.12274, 1.13327, 0.25, 3.21188, 2.20144, 2, -0.418249]",0,4.445733484407751,300.0,0.0,100.0,0.0,0.0,100.0,0.0,7.9012046674402745,0.22973320276998893,4.445733484407751,0.0,0.0,0.0,0.0,0.0,0.0,0.0,0.0,0.0,0.0,1.031790852546692,0.0
1764797166.7917001,"[0.5771244027867213, 0.39969349325886616, 0.4454352364089378, 0.11238326406565083, 0.3447920922793184, 0.00397627189620343, 0.27096779793389186, 0.46704428965547296, 0.6851746492128035, 0.5601086989070366, 0.3050370077349988, 0.8666885541023799, 0.4437055879121809, 0.4739239355951086, 0.6870457546101657]",16.915681322609505,0.6540849365839144,380.6392106219036,14,"nsga-2382244-[0.623137, 2.89893, 0.583631, 0.333715, 0.403438, 0.201988, 2.44839, 0.240113, 3.21294, 1.20217, 0.25, 3.23338, 2.38741, 2, -1.56477]",0,380.6392106219036,300.0,16.915681322609505,0.8251621205632279,300.34352895224964,12.203514657369475,0.6540849365839144,366.7837860107422,13.43792301736227,0.6624730496871762,380.6392106219036,0.0,0.0,0.0,0.0,0.0,0.0,0.0,0.0,0.0,0.0,258.46331787109375,0.0
1764797635.8854754,"[0.19928915023527866, 0.39940259611318285, 0.6290906855904265, 0.34107513980124127, 0.2814221119759998, 0.0021234169658941207, 0.23597355527800612, 0.4572403672821529, 0.6490967428210871, 0.48450735534698164, 0.28892394512363484, 0.8833679529871218, 0.4428645626448666, 0.4694986007957298, 0.6923073864372743]",18.211368244450266,0.6683059352200206,405.66580780773626,15,"nsga-2382244-[0.509787, 2.89791, 0.638727, 0.402323, 0.384427, 0.201062, 2.32591, 0.237172, 3.12274, -0.309853, 0.25, 3.26674, 2.38573, 2, -1.53846]",0,405.66580780773626,300.0,18.211368244450266,0.785605855976663,300.0178542346489,14.430493233843547,0.6683059352200206,386.21989958228136,12.373489524096977,0.7114453356440474,405.66580780773626,0.0,0.0,0.0,0.0,0.0,0.0,0.0,0.0,0.0,0.0,294.7608642578125,0.0
1764797635.8895977,"[0.36836064666802304, 0.3036855488357523, 0.6260424349218683, 0.3424319612322806, 0.3416246895330791, 0.41163685332283206, 0.47246403791536457, 0.5258887325531606, 0.2612463106613146, 0.5542192578496596, 0.47591504928124495, 0.8663132746264101, 0.3413998546325857, 0.9455721658863194, 0.7410754734041018]",17.941878839818443,0.7720353667328997,479.42258803204794,15,"nsga-2382244-[0.560508, 2.5629, 0.637813, 0.40273, 0.402487, 0.405818, 3.15362, 0.257767, 2.15312, 1.08439, 0.25, 3.23263, 2.1828, 2, -1.29462]",0,479.42258803204794,300.0,17.941878839818443,0.9297798581239654,300.3404966400891,13.152355863989854,0.7720353667328997,442.4064456102325,11.115887074354218,0.8184238497803851,479.42258803204794,0.0,0.0,0.0,0.0,0.0,0.0,0.0,0.0,0.0,0.0,375.7677917480469,0.0
1764797635.8908346,"[0.36017562304195194, 0.47743375150972656, 0.43767281853196005, 0.4574158399789653, 0.34192915021305387, 0.403175859485038, 0.3131876638329879, 0.9377585035625868, 0.6511250767617826, 0.5583426623298978, 0.9192693166483336, 0.8882180702729915, 0.4462147667715667, 0.47055824198937307, 0.9297433815224067]",16.003061941193373,0.7768548881135335,482.137752998166,15,"nsga-2382244-[0.558053, 3.17102, 0.581302, 0.437225, 0.402579, 0.401588, 2.59616, 0.381328, 3.12781, 1.16685, 0.25, 3.27644, 2.39243, 2, -0.351283]",0,482.137752998166,300.0,16.003061941193373,0.9048058791858394,300.7736358642578,13.31560824789652,0.7768548881135335,428.9820640377882,12.067074263968118,0.7928667487167731,482.137752998166,0.0,0.0,0.0,0.0,0.0,0.0,0.0,0.0,0.0,0.0,347.6392517089844,0.0
1764797635.8928132,"[0.19726528588290865, 0.39931079171936146, 0.6154669573569718, 0.2718684107118161, 0.34470747425722376, 0.01003117000291398, 0.9553708968537888, 0.45724453624999883, 0.6490967428210871, 0.5570203625887401, 0.2852400332243076, 0.8521203692779156, 0.34473333951089546, 0.9551101099011696, 0.9202371868881293]",16.882477141589654,0.6502583326362982,378.6646218090523,15,"nsga-2382244-[0.50918, 2.89759, 0.63464, 0.381561, 0.403412, 0.205016, 4.8438, 0.237173, 3.12274, 1.14041, 0.25, 3.20424, 2.18947, 2, -0.398814]",0,378.6646218090523,300.0,16.882477141589654,0.7096440323969213,300.0183357797018,14.340536973534562,0.6502583326362982,363.04720477592656,12.565188938233911,0.6846356557636726,378.6646218090523,0.0,0.0,0.0,0.0,0.0,0.0,0.0,0.0,0.0,0.0,264.3837585449219,0.0
1764797635.8940434,"[0.5738496010127236, 0.39940259611318285, 0.43511023559189954, 0.45243667536823795, 0.34470747425722376, 0.002053894271586051, 0.9544916035632129, 0.4572403672821529, 0.6490967428210871, 0.5583484628443897, 0.2852400332243076, 0.8520704599175819, 0.44402488366475984, 0.9551101099011696, 0.9292705329196497]",15.56596626653904,0.6220961748099909,368.9095914887219,15,"nsga-2382244-[0.622155, 2.89791, 0.580533, 0.435731, 0.403412, 0.201027, 4.84072, 0.237172, 3.12274, 1.16697, 0.25, 3.20414, 2.38805, 2, -0.353647]",0,368.9095914887219,300.0,15.56596626653904,0.7145367724139516,300.0702788190144,12.6092918256434,0.6220961748099909,366.45716489466224,12.622391728657048,0.6222761529247935,368.9095914887219,0.0,0.0,0.0,0.0,0.0,0.0,0.0,0.0,0.0,0.0,283.559326171875,0.0
1764797635.8951607,"[0.5832136689882614, 0.3996953110205476, 0.4363153256226, 0.45243667536823795, 0.3447155030039419, 0.004348257698898959, 0.23806593584076266, 0.4572403672821529, 0.6448019672341102, 0.5570120141149472, 0.3044894161320105, 0.8559882645526182, 0.44576261634778896, 0.4694858150334719, 0.9200604914693463]",16.81369537260474,0.6390625296569452,405.37687147187023,15,"nsga-2382244-[0.624964, 2.89893, 0.580895, 0.435731, 0.403415, 0.202174, 2.33323, 0.237172, 3.112, 1.14024, 0.25, 3.21198, 2.39153, 2, -0.399698]",0,405.37687147187023,300.0,16.81369537260474,0.8169730296949061,300.6469318296851,11.866513959372917,0.6390625296569452,404.509029407036,11.884194146133051,0.6392249459173621,405.37687147187023,0.0,0.0,0.0,0.0,0.0,0.0,0.0,0.0,0.0,0.0,324.36175537109375,0.0
1764797635.8962724,"[0.21899863525604812, 0.47233184650827736, 0.6226024479791654, 0.2801095812000475, 0.3415918289006016, 0.40804474980613736, 0.9475726372415127, 0.45919328829082884, 0.6463314927118713, 0.5570499528903212, 0.5114840723635883, 0.85172287082618, 0.4426758052985329, 0.9486724227091654, 0.6865125697765917]",19.05497314639208,0.7057990266055596,421.0086760730278,15,"nsga-2382244-[0.5157, 3.15316, 0.636781, 0.384033, 0.402478, 0.404022, 4.8165, 0.237758, 3.11583, 1.141, 0.25, 3.20345, 2.38535, 2, -1.56744]",0,421.0086760730278,300.0,19.05497314639208,0.8541988201257659,300.72699964569836,14.665665728871415,0.7057990266055596,413.75789776313593,12.335950442058284,0.7477357233442912,421.0086760730278,0.0,0.0,0.0,0.0,0.0,0.0,0.0,0.0,0.0,0.0,336.2822265625,0.0
1764797635.8974051,"[0.5660429297007086, 0.3996953110205476, 0.43635482845670936, 0.44500644608492, 0.344736143469874, 0.004278735004590889, 0.23806593584076266, 0.4572403672821529, 0.6448019672341102, 0.5582264939986799, 0.3044894161320105, 0.4913083439227962, 0.44394130394899073, 0.4692135306548309, 0.9290938375008666]",16.03284424572456,0.6638682089200834,391.0647330307379,15,"nsga-2382244-[0.619813, 2.89893, 0.580906, 0.433502, 0.403421, 0.202139, 2.33323, 0.237172, 3.112, 1.16453, 0.25, 2.48262, 2.38788, 2, -0.354531]",0,391.0647330307379,300.0,16.03284424572456,0.7831301410023759,300.70914377352085,12.167439176978135,0.6638682089200834,381.67020334383335,11.863976874002596,0.6682879485735079,391.0647330307379,0.0,0.0,0.0,0.0,0.0,0.0,0.0,0.0,0.0,0.0,284.11053466796875,0.0
1764797635.8984916,"[0.1936704632634426, 0.3923543846003526, 0.6181644438358848, 0.3390979333429418, 0.3444286762561021, 0.3923994723584888, 0.9475726372415127, 0.45919328829082884, 0.6490118626510308, 0.5583317873644531, 0.5183359950820394, 0.8545403671944335, 0.4426768087628786, 0.9551294248727362, 0.6899473868230321]",18.873013240535084,0.7027031247208758,432.3088054750024,15,"nsga-2382244-[0.508101, 2.87324, 0.635449, 0.401729, 0.403329, 0.3962, 4.8165, 0.237758, 3.12253, 1.16664, 0.25, 3.20908, 2.38535, 2, -1.55026]",0,432.3088054750024,300.0,18.873013240535084,0.8568689276532429,300.8215648744164,13.775066645552473,0.7027031247208758,414.79608865133144,11.806110279734542,0.7662781552570622,432.3088054750024,0.0,0.0,0.0,0.0,0.0,0.0,0.0,0.0,0.0,0.0,338.6650390625,0.0
1764797635.8995848,"[0.5719023179369266, 0.6171450666918398, 0.6225987960852998, 0.2718684107118161, 0.28166826402364575, 0.0021234169658941207, 0.9544916035632129, 0.45724453624999883, 0.6477443029390284, 0.5582577989941078, 0.2852400332243076, 0.8521546520686237, 0.4458451925992123, 0.9528597075674583, 0.9202371868881293]",16.722642800866105,0.6292206237955791,397.53534229557687,15,"nsga-2382244-[0.621571, 3.66001, 0.63678, 0.381561, 0.3845, 0.201062, 4.84072, 0.237173, 3.11936, 1.16516, 0.25, 3.20431, 2.39169, 2, -0.398814]",0,397.53534229557687,300.0,16.722642800866105,0.7193638981842413,302.04470469777175,13.763614282375428,0.6292206237955791,385.8542480096584,13.280330136927162,0.6334397635808805,397.53534229557687,0.0,0.0,0.0,0.0,0.0,0.0,0.0,0.0,0.0,0.0,301.13922119140625,0.0
1764797635.900703,"[0.36185499692713025, 0.39466040215383236, 0.6292964218569118, 0.3424115061246489, 0.28026214630223, 0.0021234169658941207, 0.23597355527800612, 0.4572403672821529, 0.6490967428210871, 0.4819809079827805, 0.47679400016585805, 0.8832067282561126, 0.34319735465943424, 0.4694986007957298, 0.6923073864372743]",17.83536011300436,0.654402410693285,419.3473249854111,15,"nsga-2382244-[0.558556, 2.88131, 0.638789, 0.402723, 0.384079, 0.201062, 2.32591, 0.237172, 3.12274, -0.360382, 0.25, 3.26641, 2.18639, 2, -1.53846]",0,419.3473249854111,300.0,17.83536011300436,0.8065482540828426,300.5290623734637,13.821349143981934,0.654402410693285,392.5648459085604,11.593075007927126,0.6992340518207085,419.3473249854111,0.0,0.0,0.0,0.0,0.0,0.0,0.0,0.0,0.0,0.0,315.759521484375,0.0
1764797635.9021058,"[0.1996675069628649, 0.4809092819678923, 0.43335924276888316, 0.27093207417230225, 0.3430910553885175, 0.17850531177247328, 0.9879446912315011, 0.8141164651560622, 0.6439352490748936, 0.5570272780180412, 0.2820719689657315, 0.8643403330099825, 0.4413191723602534, 0.175551759287561, 0.9689148564142565]",15.925567026836116,0.7207897892812404,439.24865566346705,15,"nsga-2382244-[0.5099, 3.18318, 0.580008, 0.38128, 0.402927, 0.289253, 4.95781, 0.344235, 3.10984, 1.14055, 0.25, 3.22868, 2.38264, 2, -0.155426]",0,439.24865566346705,300.0,15.925567026836116,0.7767477239050516,300.04750520659655,13.957243807722882,0.7207897892812404,408.2930394614615,12.370534357210484,0.761518459494521,439.24865566346705,0.0,0.0,0.0,0.0,0.0,0.0,0.0,0.0,0.0,0.0,282.64715576171875,0.0
1764797635.9032266,"[0.577032129857488, 0.1897067336643046, 0.9662548765678706, 0.33770889682749083, 0.3449174924087095, 0.40804474980613736, 0.9371692796549753, 0.9394301644910356, 0.6460931517221156, 0.5572665384438572, 0.755976192233409, 0.8658975571488177, 0.3415466207454762, 0.9455721658863194, 0.928270740540776]",16.976581582790466,0.7825621982900107,489.99543829196836,15,"nsga-2382244-[0.62311, 2.16397, 0.739876, 0.401313, 0.403475, 0.404022, 4.78009, 0.381829, 3.11523, 1.14533, 0.25, 3.2318, 2.18309, 2, -0.358646]",0,489.99543829196836,300.0,16.976581582790466,0.9148473408164047,324.69267328774055,11.517334924093108,0.7825621982900107,466.1761673345798,10.854218175934582,0.7991670945795571,489.99543829196836,0.0,0.0,0.0,0.0,0.0,0.0,0.0,0.0,0.0,0.0,416.41937255859375,0.0
1764797635.9043276,"[0.3617279834820259, 0.47219870245180195, 0.4257869759815306, 0.453220489450334, 0.34197817812432857, 0.40806446714300815, 0.9710924193725473, 0.9226109403674212, 0.7280761072706821, 0.8270555142160261, 0.48000233846059925, 0.4850785929459017, 0.33925330374147017, 0.9431121691451042, 0.8855038712575227]",14.848369105269269,0.7560525405697707,425.99969471256907,15,"nsga-2382244-[0.558518, 3.1527, 0.577736, 0.435966, 0.402593, 0.404032, 4.89882, 0.376783, 3.32019, 6.54111, 0.25, 2.47016, 2.17851, 2, -0.572481]",0,425.99969471256907,300.0,14.848369105269269,0.8217587933307741,300.38519808141194,12.683874437285633,0.7560525405697707,400.99918934891866,11.723774412201672,0.7938859631375569,425.99969471256907,0.0,0.0,0.0,0.0,0.0,0.0,0.0,0.0,0.0,0.0,245.65342712402344,0.0
1764797635.9054244,"[0.37076232291107825, 0.1814058783653197, 0.9562862302595188, 0.33668256439723204, 0.3419780118741398, 0.4085401854012317, 0.47642444217682345, 0.9376829481662816, 0.6418834913143247, 0.5585054330041331, 0.4718281810366195, 0.6347627577499902, 0.34142264565320973, 0.9455103491044884, 0.8896238120215618]",17.393970224333973,0.8241370893106228,485.7932257675543,15,"nsga-2382244-[0.561229, 2.13492, 0.736886, 0.401005, 0.402593, 0.40427, 3.16749, 0.381305, 3.10471, 1.17011, 0.25, 2.76953, 2.18285, 2, -0.551881]",0,485.7932257675543,300.0,17.393970224333973,0.9143872339551041,312.2832843687476,12.712168400462081,0.8241370893106228,470.81815446062785,11.519728618714868,0.8523205254136063,485.7932257675543,0.0,0.0,0.0,0.0,0.0,0.0,0.0,0.0,0.0,0.0,402.11553955078125,0.0
1764797635.9066896,"[0.36836391150344605, 0.3057228423518653, 0.6260424349218683, 0.3424236844083816, 0.3416246895330791, 0.411467615977377, 0.029907931077572197, 0.5258887325531606, 0.2612463106613146, 0.5567457052138608, 0.7713802655780124, 0.8606622813141829, 0.33876525699514776, 0.9643443854529178, 0.737655277220827]",17.61769534785573,0.8213157115913019,460.4277113379502,15,"nsga-2382244-[0.560509, 2.57003, 0.637813, 0.402727, 0.402487, 0.405734, 1.60468, 0.257767, 2.15312, 1.13491, 0.25, 3.22132, 2.17753, 2, -1.31172]",0,460.4277113379502,300.0,17.61769534785573,0.9334401654034126,325.13836379632716,12.590406380630121,0.8213157115913019,433.1600220098728,11.427386590911121,0.8495158808987315,460.4277113379502,0.0,0.0,0.0,0.0,0.0,0.0,0.0,0.0,0.0,0.0,356.9586181640625,0.0
1764797635.9078045,"[0.1995315319884653, 0.47235689035129885, 0.6191520844657356, 0.27325315409487894, 0.3445497191783474, 0.40462911007342806, 0.2864694440787615, 0.4573545295935562, 0.6455746655991788, 0.5567338915289443, 0.4788126930590101, 0.4870885718040707, 0.44268465172045757, 0.4722321001542736, 0.38754734945138314]",18.756866729550246,0.8047884327609365,433.2063785459937,15,"nsga-2382244-[0.509859, 3.15325, 0.635746, 0.381976, 0.403365, 0.402315, 2.50264, 0.237206, 3.11394, 1.13468, 0.25, 2.47418, 2.38537, 2, -3.06226]",0,433.2063785459937,300.0,18.756866729550246,0.9056657346283518,300.3481353573683,14.671832773162098,0.8047884327609365,406.5545583213248,12.269451290223657,0.8530844630264655,433.2063785459937,0.0,0.0,0.0,0.0,0.0,0.0,0.0,0.0,0.0,0.0,308.4499816894531,0.0
1764797635.9089308,"[0.20182930268986576, 0.6073413491298577, 0.6226024479791654, 0.27267411017201504, 0.3416400137321939, 0.40804474980613736, 0.9475726372415127, 0.4592172259503197, 0.7390730836930385, 0.5582526463597574, 0.5114840723635883, 0.48709285628520127, 0.44286089421092945, 0.9412223992578719, 0.6740983310069409]",18.89406202362805,0.7332097239610625,419.010921645746,15,"nsga-2382244-[0.510549, 3.62569, 0.636781, 0.381802, 0.402492, 0.404022, 4.8165, 0.237765, 3.34768, 1.16505, 0.25, 2.47419, 2.38572, 2, -1.62951]",0,419.010921645746,300.0,18.89406202362805,0.8407130974095042,300.7580562684594,14.570807633748869,0.7332097239610625,416.58604304616046,14.229976626140315,0.7371504016038848,419.010921645746,0.0,0.0,0.0,0.0,0.0,0.0,0.0,0.0,0.0,0.0,301.5315856933594,0.0
1764797635.9100218,"[0.5705765970001703, 0.4739049356376764, 0.620353406716682, 0.4546276307881643, 0.33930861994743877, 0.40759824855119464, 0.2864694440787615, 0.5275241291492151, 0.6457019758889856, 0.5597966108888234, 0.4788126930590101, 0.48708856848341336, 0.44267286535641864, 0.4672343789014085, 0.677121059647336]",17.883223068423387,0.7526069190444016,461.2874130621189,15,"nsga-2382244-[0.621173, 3.15867, 0.636106, 0.436388, 0.401793, 0.403799, 2.50264, 0.258257, 3.11425, 1.19593, 0.25, 2.47418, 2.38535, 2, -1.61439]",0,461.2874130621189,300.0,17.883223068423387,0.9179041388558178,308.3610125285823,12.426393122789337,0.7526069190444016,447.43459792718653,11.915629321772878,0.7589019830633954,461.2874130621189,0.0,0.0,0.0,0.0,0.0,0.0,0.0,0.0,0.0,0.0,382.0691833496094,0.0
1764797635.9111311,"[0.20230466587830795, 0.6090441104614399, 0.46830810098899867, 0.274416595268234, 0.3429601204989992, 0.0021313660373022455, 0.46252403124997366, 0.5312410181010855, 0.6489784406804605, 0.48103490265047066, 0.3029413746928874, 0.8536343579981478, 0.8337808438833569, 0.9751952435367701, 0.6885819668296226]",18.8235570256303,0.6914089351165585,354.18201803812167,15,"nsga-2382244-[0.510691, 3.63165, 0.590492, 0.382325, 0.402888, 0.201066, 3.11883, 0.259372, 3.12245, -0.379302, 0.25, 3.20727, 3.16756, 2, -1.55709]",0,354.18201803812167,300.0,18.8235570256303,0.7917687116599664,300.5019201697373,14.25677517681587,0.6914089351165585,351.58670196533205,14.452804086266495,0.6932754443912972,354.18201803812167,0.0,0.0,0.0,0.0,0.0,0.0,0.0,0.0,0.0,0.0,242.99403381347656,0.0
1764797635.9122288,"[0.36232694556855183, 0.6090441104614399, 0.9602896566319411, 0.4563601152078466, 0.34307213347602483, 0.00025006925767051547, 0.46252403124997366, 0.5352822015517236, 0.6489222770811338, 0.48263847603508064, 0.7596691361932002, 0.8536343579981478, 0.8339129777630673, 0.9721549457254719, 0.6885819668296226]",17.99030623087069,0.6741944289788967,396.11266245027866,15,"nsga-2382244-[0.558698, 3.63165, 0.738087, 0.436908, 0.402922, 0.200125, 3.11883, 0.260585, 3.12231, -0.34723, 0.25, 3.20727, 3.16783, 2, -1.55709]",0,396.11266245027866,300.0,17.99030623087069,0.765245255609838,300.0137294862329,14.91449967361078,0.6741944289788967,382.7551676308236,14.317997467227098,0.677161400201844,396.11266245027866,0.0,0.0,0.0,0.0,0.0,0.0,0.0,0.0,0.0,0.0,267.01849365234375,0.0
1764797635.9133284,"[0.5823372637777477, 0.18344317188143278, 0.4654504256957158, 0.33668256439723204, 0.3418659988971141, 0.429959518683917, 0.033763452272115316, 0.9300435177183061, 0.6420555398419738, 0.5571731838076492, 0.304942571570115, 0.6289505397068846, 0.3386559136365645, 0.9642825686710867, 0.8862036158382889]",16.272322854763125,0.8498253970611386,493.87946055342513,15,"nsga-2382244-[0.624701, 2.14205, 0.589635, 0.401005, 0.40256, 0.41498, 1.61817, 0.379013, 3.10514, 1.14346, 0.25, 2.7579, 2.17731, 2, -0.568982]",0,493.87946055342513,300.0,16.272322854763125,0.9722033012204054,363.65935486584175,15.109238838567967,0.8498253970611386,302.400004661374,10.330647124313726,0.8828631860453908,493.87946055342513,0.0,0.0,0.0,0.0,0.0,0.0,0.0,0.0,0.0,0.0,436.8064270019531,0.0
1764797635.914644,"[0.36154799513143787, 0.48032745425778767, 0.9414835197536459, 0.3368088090879285, 0.34197817812432857, 0.4046559822099715, 0.9359383364730396, 0.9250424418212299, 0.6464005452380418, 0.5585804512746926, 0.7472681256878946, 0.4844522372599542, 0.4411905457571045, 0.4709606862056732, 0.876546967114508]",16.480830057655893,0.8006621023503745,459.5595664419779,15,"nsga-2382244-[0.558464, 3.18115, 0.732445, 0.401043, 0.402593, 0.402328, 4.77578, 0.377513, 3.116, 1.17161, 0.25, 2.4689, 2.38238, 2, -0.617265]",0,459.5595664419779,300.0,16.480830057655893,0.8907280218310473,301.05747970953223,14.088090505832579,0.8006621023503745,417.8526916503906,11.162079676186167,0.885711148599299,459.5595664419779,0.0,0.0,0.0,0.0,0.0,0.0,0.0,0.0,0.0,0.0,318.7794494628906,0.0
1764797635.9157567,"[0.19953293871036984, 0.18154592860650276, 0.6306887785634816, 0.2732479123501644, 0.3445650433774622, 0.4080375950064647, 0.2864694440787615, 0.4549460581511915, 0.6455768144405699, 0.8234737040033944, 0.4788126930590101, 0.48708856848341336, 0.34093249861721975, 0.9427315470529305, 0.6862584084448777]",17.098184729785455,0.7782368255824578,440.9630858258503,15,"nsga-2382244-[0.50986, 2.13541, 0.639207, 0.381974, 0.40337, 0.404019, 2.50264, 0.236484, 3.11394, 6.46947, 0.25, 2.47418, 2.18186, 2, -1.56871]",0,440.9630858258503,300.0,17.098184729785455,0.9262068399568884,300.63441898997235,13.2941942959297,0.7782368255824578,423.415420160061,12.020870390170957,0.7923636520781168,440.9630858258503,0.0,0.0,0.0,0.0,0.0,0.0,0.0,0.0,0.0,0.0,330.0806884765625,0.0
1764797635.9168508,"[0.5692235056128477, 0.39877638494160683, 0.4451670870858385, 0.11238326406565083, 0.11182168529763707, 0.00397627189620343, 0.31210385281986824, 0.9637731307266131, 0.6851746492128035, 0.5601086989070366, 0.48759459521032866, 0.8883678192190853, 0.34517238757061786, 0.4738929906651917, 0.6831392382294912]",16.32667831793064,0.7202697733553445,463.4029175549019,15,"nsga-2382244-[0.620767, 2.89572, 0.58355, 0.333715, 0.333547, 0.201988, 2.59236, 0.389132, 3.21294, 1.20217, 0.25, 3.27674, 2.19034, 2, -1.5843]",0,463.4029175549019,300.0,16.32667831793064,0.8927922434923126,300.3394432440037,12.532505137745927,0.7202697733553445,430.0058880317502,10.797541804429962,0.7619582417534618,463.4029175549019,0.0,0.0,0.0,0.0,0.0,0.0,0.0,0.0,0.0,0.0,358.52410888671875,0.0
1764797635.9179502,"[0.3680765202158255, 0.47734194711590516, 0.43493822393574133, 0.4574158399789653, 0.3402196766995957, 0.4082322039480436, 0.2730312517444608, 0.9377585035625868, 0.6511250767617826, 0.5570260849198344, 0.9194734748009866, 0.8665388051562862, 0.3504161967312842, 0.4705404061868506, 0.9297433815224067]",15.946413654234352,0.7778455411515585,483.50527790348707,15,"nsga-2382244-[0.560423, 3.1707, 0.580481, 0.437225, 0.402066, 0.404116, 2.45561, 0.381328, 3.12781, 1.14052, 0.25, 3.23308, 2.20083, 2, -0.351283]",0,483.50527790348707,300.0,15.946413654234352,0.9047289394750828,300.2808602681974,12.86133267937637,0.7778455411515585,451.7341886939072,11.254358840570218,0.8285669553570632,483.50527790348707,0.0,0.0,0.0,0.0,0.0,0.0,0.0,0.0,0.0,0.0,353.9900817871094,0.0
1764797635.9190419,"[0.2006943584313035, 0.47592084404420976, 0.619313388329757, 0.27422165766135487, 0.10619120867630866, 0.4058522196249083, 0.9742918579798601, 0.45919328829082884, 0.7279241079334374, 0.55899364023077, 0.4653364306412521, 0.8833732189927752, 0.445786486383033, 0.9429456797189092, 0.9196159281012888]",18.685660883275474,0.6784531587507666,441.0871739829459,15,"nsga-2382244-[0.510208, 3.16572, 0.635794, 0.382266, 0.331857, 0.402926, 4.91002, 0.237758, 3.31981, 1.17987, 0.25, 3.26675, 2.39157, 2, -0.40192]",0,441.0871739829459,300.0,18.685660883275474,0.8442988811469659,300.2310064920565,14.474389527483684,0.6784531587507666,420.8309911960509,13.09349054010903,0.6967060714233212,441.0871739829459,0.0,0.0,0.0,0.0,0.0,0.0,0.0,0.0,0.0,0.0,319.5657958984375,0.0
1764797635.9201384,"[0.5812193891243173, 0.47592084404420976, 0.6451968990155474, 0.2715980443964665, 0.11183647510422533, 0.4058522196249083, 0.9742918579798601, 0.4555918943258652, 0.7170959532148341, 0.5569891095310384, 0.4763388893019993, 0.8833732189927752, 0.3404973575444609, 0.9429456797189092, 0.9217250108181966]",17.279614760236043,0.6640765739650261,448.3978341451505,15,"nsga-2382244-[0.624366, 3.16572, 0.643559, 0.381479, 0.333551, 0.402926, 4.91002, 0.236678, 3.29274, 1.13978, 0.25, 3.26675, 2.18099, 2, -0.391375]",0,448.3978341451505,300.0,17.279614760236043,0.8773824087003382,300.241091100181,12.738039286543684,0.6640765739650261,424.4780769162062,11.76439603479897,0.6749944936938402,448.3978341451505,0.0,0.0,0.0,0.0,0.0,0.0,0.0,0.0,0.0,0.0,342.3145751953125,0.0
1764797635.9212334,"[0.36015095049799795, 0.18036314701267467, 0.950655359301575, 0.27247969471643674, 0.3419261033455072, 0.40835084637800767, 0.31150164454235896, 0.9222992881322926, 0.646320646269771, 0.5526767722652844, 0.9305262472899779, 0.8861096042038406, 0.4394920738025995, 0.4614788225814199, 0.8856843159122161]",17.450050433089093,0.8212158357224814,475.2260531541778,15,"nsga-2382244-[0.558045, 2.13127, 0.735197, 0.381744, 0.402578, 0.404175, 2.59026, 0.37669, 3.1158, 1.05354, 0.25, 3.27222, 2.37898, 2, -0.571578]",0,475.2260531541778,300.0,17.450050433089093,0.9101938407595564,319.57875935624287,12.742968103362292,0.8212158357224814,456.12815838325315,11.13724026098484,0.8628033012878604,475.2260531541778,0.0,0.0,0.0,0.0,0.0,0.0,0.0,0.0,0.0,0.0,405.5506896972656,0.0
1764797635.9223194,"[0.20182789596796125, 0.47233184650827736, 0.6226024479791654, 0.33444408886224175, 0.3416124693665338, 0.40806485148390637, 0.9475726372415127, 0.45919328829082884, 0.6463314927118713, 0.5582526463597574, 0.5114840723635883, 0.4870928596058586, 0.4426758052985329, 0.9552460455366595, 0.6865125697765917]",19.23619383835211,0.7339270155604293,440.4487960071099,15,"nsga-2382244-[0.510548, 3.15316, 0.636781, 0.400333, 0.402484, 0.404032, 4.8165, 0.237758, 3.11583, 1.16505, 0.25, 2.47419, 2.38535, 2, -1.56744]",0,440.4487960071099,300.0,19.23619383835211,0.8727852393941181,300.31197546982185,14.459026532056855,0.7339270155604293,406.77920815072406,12.806415092654344,0.7549865144055065,440.4487960071099,0.0,0.0,0.0,0.0,0.0,0.0,0.0,0.0,0.0,0.0,325.3777160644531,0.0
1764797635.9234226,"[0.5701974084762902, 0.609241992093956, 0.9488603771603856, 0.3343504670149417, 0.3419261033455072, 0.40513552520812113, 0.31150164454235896, 0.9222992881322926, 0.646320646269771, 0.4799397621996577, 0.315734195491717, 0.8861096042038406, 0.4394920738025995, 0.46590166507656416, 0.8856843159122161]",17.551296648165074,0.7834620126863805,447.5694598314239,15,"nsga-2382244-[0.621059, 3.63235, 0.734658, 0.400305, 0.402578, 0.402568, 2.59026, 0.37669, 3.1158, -0.401205, 0.25, 3.27222, 2.37898, 2, -0.571578]",0,447.5694598314239,300.0,17.551296648165074,0.906970637309842,300.7293762207031,13.620167094905202,0.7834620126863805,433.4387903725229,12.198483006547137,0.8117188110584166,447.5694598314239,0.0,0.0,0.0,0.0,0.0,0.0,0.0,0.0,0.0,0.0,364.31939697265625,0.0
1764797635.9245336,"[0.3638387890332381, 0.18016526540221003, 0.8739489386571548, 0.339004007117993, 0.28349897464812945, 0.00823786629781842, 0.27486870250575607, 0.5384800611480526, 0.6490967428210871, 0.5526083592276818, 0.9177235685036573, 0.8521203692779156, 0.4457858029238322, 0.46832208722729274, 0.915971571914765]",17.96563465769698,0.6955812829296764,451.66019636945026,15,"nsga-2382244-[0.559152, 2.13058, 0.712185, 0.401701, 0.38505, 0.204119, 2.46204, 0.261544, 3.12274, 1.05217, 0.25, 3.20424, 2.39157, 2, -0.420142]",0,451.66019636945026,300.0,17.96563465769698,0.8980149716865725,303.5426869462176,12.617108926540467,0.6955812829296764,437.68601727369355,10.993028752396746,0.7392450687361927,451.66019636945026,0.0,0.0,0.0,0.0,0.0,0.0,0.0,0.0,0.0,0.0,357.1593017578125,0.0
1764797635.925857,"[0.2012093681335062, 0.6077846648018954, 0.6226024479791654, 0.27267935191672954, 0.3416246895330791, 0.40804474980613736, 0.9743438725910831, 0.45919328829082884, 0.7390730836930385, 0.5590343748300974, 0.5114840723635883, 0.8785015857782108, 0.44565012870323895, 0.9429503029612955, 0.9250162188529544]",19.351957739853276,0.6972303681257295,401.8782633711652,15,"nsga-2382244-[0.510363, 3.62725, 0.636781, 0.381804, 0.402487, 0.404022, 4.9102, 0.237758, 3.34768, 1.18069, 0.25, 3.257, 2.3913, 2, -0.374919]",0,401.8782633711652,300.0,19.351957739853276,0.8295979351532169,300.2665488266363,14.40180435645871,0.6972303681257295,386.7776973631324,13.45031935529011,0.7097797934601947,401.8782633711652,0.0,0.0,0.0,0.0,0.0,0.0,0.0,0.0,0.0,0.0,303.5218505859375,0.0
1764797635.9269829,"[0.5711768840372206, 0.4759763466203004, 0.8683481024824008, 0.2715110309657961, 0.3507256793751265, 0.4058522196249083, 0.9475206226302897, 0.5368750321424043, 0.652138348095127, 0.5582505298357174, 0.30375015754450085, 0.4917976260157686, 0.44281216297832693, 0.9428696530747681, 0.38030908163458554]",18.30863264130383,0.7537407767481921,455.4579020430402,15,"nsga-2382244-[0.621353, 3.16592, 0.710504, 0.381453, 0.405218, 0.402926, 4.81632, 0.261063, 3.13035, 1.16501, 0.25, 2.4836, 2.38562, 2, -3.09845]",0,455.4579020430402,300.0,18.30863264130383,0.9006376574679119,300.35020897097706,13.05832011060017,0.7537407767481921,416.80312686082794,12.246524178109517,0.7556727391917532,455.4579020430402,0.0,0.0,0.0,0.0,0.0,0.0,0.0,0.0,0.0,0.0,377.7667541503906,0.0
1764797635.92811,"[0.36154993279945535, 0.47736462709120997, 0.43332596061274437, 0.34353520703039575, 0.3419708298699675, 0.1871628313429119, 0.3189701583419399, 0.9377585035625868, 0.7240703076850804, 0.5570555357387078, 0.45165760032416924, 0.8951374413803728, 0.34165203360071256, 0.945427771545006, 0.9285023653591247]",15.71814706848889,0.7386477612867588,478.76685500726467,15,"nsga-2382244-[0.558465, 3.17078, 0.579998, 0.403061, 0.402591, 0.293581, 2.6164, 0.381328, 3.31018, 1.14111, 0.25, 3.29027, 2.1833, 2, -0.357488]",0,478.76685500726467,300.0,15.71814706848889,0.8331649934373251,300.5950119204638,12.987806376015268,0.7386477612867588,441.4382978858017,10.914551683751549,0.8242182193732843,478.76685500726467,0.0,0.0,0.0,0.0,0.0,0.0,0.0,0.0,0.0,0.0,335.4121398925781,0.0
1764797635.9292212,"[0.5746701132503736, 0.4742766500648221, 0.9560299667518894, 0.45615525923132527, 0.3419294895621735, 0.4082322039480436, 0.3141865085260594, 0.9377585035625868, 0.6448706732574048, 0.5570260849198344, 0.9243170379251744, 0.8881615979155619, 0.3416680014919255, 0.4682672300069276, 0.8762919608449327]",17.887514495849608,0.762151867587392,481.2072359410728,15,"nsga-2382244-[0.622401, 3.15997, 0.736809, 0.436847, 0.402579, 0.404116, 2.59965, 0.381328, 3.11218, 1.14052, 0.25, 3.27632, 2.18334, 2, -0.61854]",0,481.2072359410728,300.0,17.887514495849608,0.9043117590066864,300.9563843889934,12.53824093051073,0.762151867587392,454.303032405202,10.901038174512909,0.816074612373259,481.2072359410728,0.0,0.0,0.0,0.0,0.0,0.0,0.0,0.0,0.0,0.0,375.2672119140625,0.0
1764797635.9303088,"[0.5765816470339115, 0.474299330040127, 0.9772925157803762, 0.3428843600058557, 0.10867373956513228, 0.4058701748501332, 0.3135796117537264, 0.9377585035625868, 0.23457591219592255, 0.5570555357387078, 0.9217284845694984, 0.8951374413803728, 0.3405176056911582, 0.942919510895181, 0.8757360674690351]",0.0,100.0,290.17916925942023,15,"nsga-2382244-[0.622974, 3.16005, 0.743188, 0.402865, 0.332602, 0.402935, 2.59753, 0.381328, 2.08644, 1.14111, 0.25, 3.29027, 2.18104, 2, -0.62132]",0,290.17916925942023,300.0,0.0,100.0,0.0,0.0,100.0,0.0,9.470414971142281,1.2096888088598483,290.17916925942023,0.0,0.0,0.0,0.0,0.0,0.0,0.0,0.0,0.0,0.0,81.50515747070312,0.0
1764797635.931402,"[0.5812193891243173, 0.47592084404420976, 0.6221836275825195, 0.27545329220018405, 0.34513390476318406, 0.40821424872281864, 0.9742918579798601, 0.4555918943258652, 0.7189544252499886, 0.5569504914557509, 0.4654339627948708, 0.8833732189927752, 0.34138195261085735, 0.9454539403687342, 0.9217250108181966]",17.740334408457688,0.6705399362052359,429.7196125681807,15,"nsga-2382244-[0.624366, 3.16572, 0.636655, 0.382636, 0.40354, 0.404107, 4.91002, 0.236678, 3.29739, 1.13901, 0.25, 3.26675, 2.18276, 2, -0.391375]",0,429.7196125681807,300.0,17.740334408457688,0.8657961586626565,302.17496687726276,12.319316161551127,0.6705399362052359,405.5116709267221,11.65196221514446,0.680418184908425,429.7196125681807,0.0,0.0,0.0,0.0,0.0,0.0,0.0,0.0,0.0,0.0,367.6375732421875,0.0
1764798133.6406393,"[0.3650201889589338, 0.30325959047977086, 0.6200889629674452, 0.3374503361376037, 0.3419674523113185, 0.18800921230043727, 0.03732356665607847, 0.4572202919077265, 0.6448438562621, 0.5580822023838149, 0.2828527275379065, 0.8556709835646172, 0.44283219564260223, 0.4694722709933912, 0.8927025569508507]",17.73932716090505,0.7114544115415433,427.1335532956007,16,"nsga-2382244-[0.559506, 2.56141, 0.636027, 0.401235, 0.40259, 0.294005, 1.63063, 0.237166, 3.11211, 1.16164, 0.25, 3.21134, 2.38566, 2, -0.536487]",0,427.1335532956007,300.0,17.73932716090505,0.8921366217659741,301.49549575433497,13.130284425688952,0.7114544115415433,426.79546631603705,13.134814708988841,0.7117525664771476,427.1335532956007,0.0,0.0,0.0,0.0,0.0,0.0,0.0,0.0,0.0,0.0,358.5513916015625,0.0
1764798133.647345,"[0.5851841655870499, 0.3981466967372173, 0.4363153256226, 0.45243667536823795, 0.34472201985180123, 0.0005878513905938076, 0.23806593584076266, 0.45407601164832345, 0.6426078468882801, 0.5570120141149472, 0.30453588420127903, 0.6341576627543701, 0.44578295976354054, 0.46658549514869113, 0.9203750578893248]",16.419416353179187,0.6513132653585294,395.023978405464,16,"nsga-2382244-[0.625555, 2.89351, 0.580895, 0.435731, 0.403417, 0.200294, 2.33323, 0.236223, 3.10652, 1.14024, 0.25, 2.76832, 2.39157, 2, -0.398125]",0,395.023978405464,300.0,16.419416353179187,0.8009052497584646,300.56609411472226,12.647956708582436,0.6513132653585294,392.60436449748715,11.418036400399558,0.6619113265014276,395.023978405464,0.0,0.0,0.0,0.0,0.0,0.0,0.0,0.0,0.0,0.0,305.5177307128906,0.0
1764798133.648811,"[0.37076558774650126, 0.18579279350579994, 0.9524038513594533, 0.33668256439723204, 0.3419285818628097, 0.4083709480557767, 0.032140862250951835, 0.9376829481662816, 0.6418834913143247, 0.5570199876825214, 0.922350414739153, 0.8864464320598596, 0.3416685275535866, 0.9642825686710867, 0.8862036158382889]",17.004361180561343,0.8408297111348408,478.5373766643245,16,"nsga-2382244-[0.56123, 2.15027, 0.735721, 0.401005, 0.402579, 0.404185, 1.61249, 0.381305, 3.10471, 1.1404, 0.25, 3.27289, 2.18334, 2, -0.568982]",0,478.5373766643245,300.0,17.004361180561343,0.921259099681203,339.5919956114234,12.855284825766958,0.8408297111348408,458.3890820386933,11.173221299706436,0.8811514554954156,478.5373766643245,0.0,0.0,0.0,0.0,0.0,0.0,0.0,0.0,0.0,0.0,393.836181640625,0.0
1764798133.649981,"[0.36017562304195194, 0.4749923254915669, 0.4388274231703975, 0.4556537949248568, 0.341978580224384, 0.4082322039480436, 0.31579519065162787, 0.9377585035625868, 0.6448706732574048, 0.5585115302414462, 0.7585282466377989, 0.6306657055539079, 0.3387875219541107, 0.4682672300069276, 0.9290582587350221]",15.738656588298518,0.7994736825547567,483.88302865377284,16,"nsga-2382244-[0.558053, 3.16247, 0.581648, 0.436696, 0.402594, 0.404116, 2.60528, 0.381328, 3.11218, 1.17023, 0.25, 2.76133, 2.17758, 2, -0.354709]",0,483.88302865377284,300.0,15.738656588298518,0.9113145755558479,300.18299713134763,13.361548726151629,0.7994736825547567,462.46030184117757,10.53569762997511,0.9043373285270319,483.88302865377284,0.0,0.0,0.0,0.0,0.0,0.0,0.0,0.0,0.0,0.0,342.9619140625,0.0
1764798133.6511407,"[0.536553493163344, 0.47233184650827736, 0.6226024479791654, 0.33444408886224175, 0.3416124693665338, 0.40806485148390637, 0.9475726372415127, 0.45919328829082884, 0.2338645651597695, 0.5570272135204205, 0.5098385706169071, 0.4870928596058586, 0.4399408156178288, 0.945246431623888, 0.6865125697765917]",17.98845068768757,0.7586906799455968,467.250162338629,16,"nsga-2382244-[0.610966, 3.15316, 0.636781, 0.400333, 0.402484, 0.404032, 4.8165, 0.237758, 2.08466, 1.14054, 0.25, 2.47419, 2.37988, 2, -1.56744]",0,467.250162338629,300.0,17.98845068768757,0.9268158043303141,300.2896780990973,12.66862482210485,0.7586906799455968,432.74703540336793,10.962844760243486,0.7980250890662031,467.250162338629,0.0,0.0,0.0,0.0,0.0,0.0,0.0,0.0,0.0,0.0,382.5241394042969,0.0
1764798133.652653,"[0.20423388789086114, 0.47734194711590516, 0.4372749041627489, 0.4556537949248568, 0.34062214390060447, 0.4082322039480436, 0.3141673066304372, 0.9377585035625868, 0.6485978128138843, 0.5582511096744597, 0.9233737545253026, 0.8952293742700049, 0.3441371904382587, 0.9554273854577775, 0.9271239089887913]",14.662941016220465,0.8018289534057059,470.0258325344179,16,"nsga-2382244-[0.51127, 3.1707, 0.581182, 0.436696, 0.402187, 0.404116, 2.59959, 0.381328, 3.12149, 1.16502, 0.25, 3.29046, 2.18827, 2, -0.36438]",0,470.0258325344179,300.0,14.662941016220465,0.8508009898953321,300.1383841165682,13.624405986506764,0.8018289534057059,408.0424403865163,12.255892106963367,0.8293606906402402,470.0258325344179,0.0,0.0,0.0,0.0,0.0,0.0,0.0,0.0,0.0,0.0,277.0130615234375,0.0
1764798133.6537893,"[0.18912513337885967, 0.6107201502780046, 0.9530213637837041, 0.27298176408704466, 0.3419948973533254, 0.40806388302040086, 0.9359383364730396, 0.47294329586169226, 0.646402694079433, 0.8253202637491556, 0.7472681256878946, 0.48714442962445786, 0.33925330374147017, 0.9431121691451042, 0.8888788346153389]",18.073923045832938,0.7289186277040621,425.31726919034634,16,"nsga-2382244-[0.506738, 3.63752, 0.735906, 0.381895, 0.402598, 0.404032, 4.77578, 0.241883, 3.11601, 6.50641, 0.25, 2.47429, 2.17851, 2, -0.555606]",0,425.31726919034634,300.0,18.073923045832938,0.8149722247588925,300.01368795255337,14.71472908113061,0.7289186277040621,398.97904592374476,13.94461615492658,0.7359995612284033,425.31726919034634,0.0,0.0,0.0,0.0,0.0,0.0,0.0,0.0,0.0,0.0,282.06512451171875,0.0
1764798133.654919,"[0.37425075772053945, 0.18613769138068662, 0.6226024479791654, 0.3365063969176134, 0.34160797030408235, 0.40804533392874465, 0.9475726372415127, 0.9088604690940635, 0.7390730836930385, 0.5582526463597574, 0.5114840723635883, 0.48440066724135494, 0.4426758052985329, 0.9428742763171544, 0.38133003214676964]",17.59894224027308,0.8243573523149258,475.2635387513696,16,"nsga-2382244-[0.562275, 2.15148, 0.636781, 0.400952, 0.402482, 0.404023, 4.8165, 0.372658, 3.34768, 1.16505, 0.25, 2.4688, 2.38535, 2, -3.09335]",0,475.2635387513696,300.0,17.59894224027308,0.9373519025197843,317.54784369119784,12.743993610289039,0.8243573523149258,455.30991791515817,10.21905004454822,0.914782553765832,475.2635387513696,0.0,0.0,0.0,0.0,0.0,0.0,0.0,0.0,0.0,0.0,386.62506103515625,0.0
1764798133.6560373,"[0.5802262845875661, 0.1916145359110916, 0.950655359301575, 0.3331581267164208, 0.3419780118741398, 0.4083709480557767, 0.9827186178580773, 0.9226109403674212, 0.6464011622294156, 0.5516650910118882, 0.45884037520268717, 0.6290052069031367, 0.33925330374147017, 0.4720373229742576, 0.8854174851323258]",16.954268906756145,0.7948525524720913,487.62192178121427,16,"nsga-2382244-[0.624068, 2.17065, 0.735197, 0.399947, 0.402593, 0.404185, 4.93952, 0.376783, 3.116, 1.0333, 0.25, 2.75801, 2.17851, 2, -0.572913]",0,487.62192178121427,300.0,16.954268906756145,0.9220700074986714,330.58657300995617,12.085064683309415,0.7948525524720913,474.1601455316311,11.16075977697605,0.8042741513833767,487.62192178121427,0.0,0.0,0.0,0.0,0.0,0.0,0.0,0.0,0.0,0.0,418.3087463378906,0.0
1764798133.6571612,"[0.3625410996681891, 0.47592084404420976, 0.6451968990155474, 0.27795166324068327, 0.11183647510422533, 0.4058522196249083, 0.02597231285546664, 0.4555918943258652, 0.7173994521811087, 0.8306056641929427, 0.7538617132800778, 0.8833732189927752, 0.3404973575444609, 0.9429456797189092, 0.921991841598087]",15.895613084188321,0.7359559131831658,426.814778732672,16,"nsga-2382244-[0.558762, 3.16572, 0.643559, 0.383385, 0.333551, 0.402926, 1.5909, 0.236678, 3.2935, 6.61211, 0.25, 3.26675, 2.18099, 2, -0.390041]",0,426.814778732672,300.0,15.895613084188321,0.8422781548848967,300.61452037532155,13.095779907412645,0.7359559131831658,396.12829738709985,12.000131360495963,0.7510863504758696,426.814778732672,0.0,0.0,0.0,0.0,0.0,0.0,0.0,0.0,0.0,0.0,304.75872802734375,0.0
1764798133.6582773,"[0.36015095049799795, 0.18036314701267467, 0.9507134863310303, 0.33424443166194895, 0.34192854764575803, 0.4083709480557767, 0.31150164454235896, 0.9222992881322926, 0.2317269145752552, 0.5564573290750254, 0.9218200987653058, 0.8835311502028742, 0.3392853471272548, 0.9476239123418538, 0.8856843159122161]",17.07011661064334,0.8636679883410291,499.89871401903105,16,"nsga-2382244-[0.558045, 2.13127, 0.735214, 0.400273, 0.402579, 0.404185, 2.59026, 0.37669, 2.07932, 1.12915, 0.25, 3.26706, 2.17857, 2, -0.571578]",0,499.89871401903105,300.0,17.07011661064334,0.9256007517256388,338.61531550709793,16.269509236405536,0.8636679883410291,300.614427478139,11.07186730082442,0.926463499011063,499.89871401903105,0.0,0.0,0.0,0.0,0.0,0.0,0.0,0.0,0.0,0.0,333.7887268066406,0.0
1764798133.6593876,"[0.5765816470339115, 0.474299330040127, 0.9543589550919866, 0.3440366713368643, 0.34197116921908716, 0.4082322039480436, 0.3135796117537264, 0.9377585035625868, 0.6508252261052658, 0.8258918388156411, 0.9304346330941706, 0.8951374413803728, 0.3414022007575546, 0.4661440617151117, 0.8757360674690351]",15.409628923927865,0.7538321181041439,472.555832727944,16,"nsga-2382244-[0.622974, 3.16005, 0.736308, 0.403211, 0.402591, 0.404116, 2.59753, 0.381328, 3.12706, 6.51784, 0.25, 3.29027, 2.1828, 2, -0.62132]",0,472.555832727944,300.0,15.409628923927865,0.8751288076726401,301.3084291039444,12.629134280507158,0.7538321181041439,445.1547364025581,11.473730259406857,0.7738607360095513,472.555832727944,0.0,0.0,0.0,0.0,0.0,0.0,0.0,0.0,0.0,0.0,366.4873046875,0.0
1764798133.6605005,"[0.36699068555772224, 0.30351241977014715, 0.4378490772014392, 0.3374503361376037, 0.3419739691591778, 0.17942965465608404, 0.03732356665607847, 0.4540559362738971, 0.24401764584926025, 0.5580822023838149, 0.282899195607175, 0.9006206383183006, 0.4428525390583538, 0.4665719511086105, 0.8945425309613435]",17.759400125829185,0.7410496223263624,452.57738677234187,16,"nsga-2382244-[0.560097, 2.56229, 0.581355, 0.401235, 0.402592, 0.289715, 1.63063, 0.236217, 2.11004, 1.16164, 0.25, 3.30124, 2.38571, 2, -0.527287]",0,452.57738677234187,300.0,17.759400125829185,0.9357841558572723,302.5450241833198,13.385682901522008,0.7410496223263624,437.821833764053,11.671254544141815,0.7552089874337359,452.57738677234187,0.0,0.0,0.0,0.0,0.0,0.0,0.0,0.0,0.0,0.0,367.908203125,0.0
1764798133.661616,"[0.5389594850861763, 0.4755405035421986, 0.619514789928755, 0.4556537949248568, 0.34062214390060447, 0.4082322039480436, 0.3141673066304372, 0.9377585035625868, 0.6347629753286299, 0.5570256768351228, 0.9217284845694984, 0.628449117561771, 0.3414022007575546, 0.945427771545006, 0.9255985013982768]",17.2302428547929,0.7837128935790644,487.6821983523485,16,"nsga-2382244-[0.611688, 3.16439, 0.635854, 0.436696, 0.402187, 0.404116, 2.59959, 0.381328, 3.08691, 1.14051, 0.25, 2.7569, 2.1828, 2, -0.372007]",0,487.6821983523485,300.0,17.2302428547929,0.9411926362572647,306.42396664503144,12.917638820555151,0.7837128935790644,453.9951728634718,9.7055226674894,0.9293011871779837,487.6821983523485,0.0,0.0,0.0,0.0,0.0,0.0,0.0,0.0,0.0,0.0,401.1054992675781,0.0
1764798133.6627207,"[0.5757627627198929, 0.47734194711590516, 0.469442637416537, 0.45564650275317087, 0.34192915021305387, 0.41539466589917284, 0.3141673066304372, 0.9377585035625868, 0.6448706732574048, 0.5570260849198344, 0.919208328307975, 0.8528344915086731, 0.3485451893574012, 0.971387205386635, 0.9290582587350221]",17.840443104069408,0.759173929109806,491.3809476898938,16,"nsga-2382244-[0.622729, 3.1707, 0.590833, 0.436694, 0.402579, 0.407697, 2.59959, 0.381328, 3.11218, 1.14052, 0.25, 3.20567, 2.19709, 2, -0.354709]",0,491.3809476898938,300.0,17.840443104069408,0.9450355835077239,300.50848362620286,12.58094367050543,0.759173929109806,463.2244523583389,10.126142860040432,0.847212145677427,491.3809476898938,0.0,0.0,0.0,0.0,0.0,0.0,0.0,0.0,0.0,0.0,420.99517822265625,0.0
1764798133.664134,"[0.3583114819218574, 0.6090441104614399, 0.4350457697703207, 0.4563674073795325, 0.3429601204989992, 0.0017352958993875067, 0.46252403124997366, 0.5276436218226429, 0.6490943256087831, 0.48130622683859664, 0.3029413746928874, 0.8889614644050366, 0.8269036555837866, 0.4688762469636483, 0.6885819668296226]",18.395545387268065,0.6624346901730793,389.6528935874381,16,"nsga-2382244-[0.557493, 3.63165, 0.580514, 0.43691, 0.402888, 0.200868, 3.11883, 0.258293, 3.12274, -0.373875, 0.25, 3.27792, 3.15381, 2, -1.55709]",0,389.6528935874381,300.0,18.395545387268065,0.790855595251409,300.3594607655595,14.343033730111472,0.6624346901730793,386.30973097638383,14.571597992501609,0.6630909902293508,389.6528935874381,0.0,0.0,0.0,0.0,0.0,0.0,0.0,0.0,0.0,0.0,297.4200439453125,0.0
1764798133.66527,"[0.20754296518556287, 0.6044747234673127, 0.6226024479791654, 0.26263020076054444, 0.34164417444227824, 0.40804474980613736, 0.9475726372415127, 0.45919328829082884, 0.7402135882966385, 0.5582526463597574, 0.5114840723635883, 0.4870928596058586, 0.4426758052985329, 0.9428742763171544, 0.911749974233512]",18.8726676475711,0.7246517501226286,431.48465330542587,16,"nsga-2382244-[0.512263, 3.61566, 0.636781, 0.378789, 0.402493, 0.404022, 4.8165, 0.237758, 3.35053, 1.16505, 0.25, 2.47419, 2.38535, 2, -0.44125]",0,431.48465330542587,300.0,18.8726676475711,0.8433327590546957,300.2971827437238,14.184998935606421,0.7246517501226286,398.39605314673446,13.404167286942645,0.7412096578900407,431.48465330542587,0.0,0.0,0.0,0.0,0.0,0.0,0.0,0.0,0.0,0.0,301.05230712890625,0.0
1764798133.6663864,"[0.5681345317954946, 0.4022692217757277, 0.43511023559189954, 0.46248582652442305, 0.3446879893480246, 0.002053894271586051, 0.9544916035632129, 0.4572403672821529, 0.647956238217487, 0.5583484628443897, 0.2852400332243076, 0.8520704599175819, 0.44402488366475984, 0.9551101099011696, 0.40204197374008066]",16.052156927527452,0.6262881828517448,396.60036996980995,16,"nsga-2382244-[0.62044, 2.90794, 0.580533, 0.438746, 0.403406, 0.201027, 4.84072, 0.237172, 3.11989, 1.16697, 0.25, 3.20414, 2.38805, 2, -2.98979]",0,396.60036996980995,300.0,16.052156927527452,0.7470914538313703,300.12147568493356,12.60260405656768,0.6262881828517448,372.0811369360947,11.258040674721322,0.650028497707553,396.60036996980995,0.0,0.0,0.0,0.0,0.0,0.0,0.0,0.0,0.0,0.0,296.37261962890625,0.0
1764798133.6675003,"[0.5760081115483667, 0.39940259611318285, 0.948177625168104, 0.45243667536823795, 0.34198422988547067, 0.002053894271586051, 0.9611786965738005, 0.4572403672821529, 0.6490967428210871, 0.5570387259043577, 0.2852400332243076, 0.8520704599175819, 0.44402488366475984, 0.9454437251143945, 0.8758889882640943]",17.08669769938399,0.6277426687682547,413.37866843618997,16,"nsga-2382244-[0.622802, 2.89791, 0.734453, 0.435731, 0.402595, 0.201027, 4.86413, 0.237172, 3.12274, 1.14077, 0.25, 3.20414, 2.38805, 2, -0.620555]",0,413.37866843618997,300.0,17.08669769938399,0.7824618987920807,301.5079801978135,12.821506463027582,0.6277426687682547,398.73844347697934,12.322920115401105,0.6302637460755138,413.37866843618997,0.0,0.0,0.0,0.0,0.0,0.0,0.0,0.0,0.0,0.0,303.8871765136719,0.0
1764798133.6686246,"[0.5738859124722341, 0.471070686853812, 0.4413224857830735, 0.3440366713368643, 0.34469441359084024, 0.1871628313429119, 0.3120653505266094, 0.9377585035625868, 0.7240703076850804, 0.5583652726787398, 0.4567673443598672, 0.8951374413803728, 0.34165203360071256, 0.9550941563317811, 0.9291176121245903]",17.03893503793856,0.7192276815088784,466.37579643435595,16,"nsga-2382244-[0.622166, 3.14875, 0.582397, 0.403211, 0.403408, 0.293581, 2.59223, 0.381328, 3.31018, 1.16731, 0.25, 3.29027, 2.1833, 2, -0.354412]",0,466.37579643435595,300.0,17.03893503793856,0.912502050109026,300.12024325859255,12.866998188670088,0.7192276815088784,445.5455935594512,11.260867425872059,0.7432770647653719,466.37579643435595,0.0,0.0,0.0,0.0,0.0,0.0,0.0,0.0,0.0,0.0,411.6336364746094,0.0
1764798133.669744,"[0.5765816470339115, 0.4702463455756173, 0.9506408306611932, 0.3440481610692759, 0.3419285006873527, 0.4082322039480436, 0.3135796117537264, 0.9228311302884206, 0.6427341616515, 0.5534623618844832, 0.9217284845694984, 0.8950490615034655, 0.3414022007575546, 0.9410779853906566, 0.8757283229822347]",17.837728579451397,0.7706260750933391,470.3138761939072,16,"nsga-2382244-[0.622974, 3.14586, 0.735192, 0.403214, 0.402579, 0.404116, 2.59753, 0.376849, 3.10684, 1.06925, 0.25, 3.2901, 2.1828, 2, -0.621358]",0,470.3138761939072,300.0,17.837728579451397,0.9081157303437954,301.0935494027487,12.809650690962629,0.7706260750933391,443.364182337319,11.336696559626882,0.7977324628248448,470.3138761939072,0.0,0.0,0.0,0.0,0.0,0.0,0.0,0.0,0.0,0.0,402.77264404296875,0.0
1764798133.6709008,"[0.36015095049799795, 0.1844161314772226, 0.9544316107618237, 0.3342329419295373, 0.3419712161774925, 0.4083709480557767, 0.31150164454235896, 0.9372266614064587, 0.23981797902870788, 0.8288868060061536, 0.9305262472899779, 0.8836195300797814, 0.3392853471272548, 0.4726944772779458, 0.8856920603990165]",16.85099155612108,0.8541924078290055,505.4681666676591,16,"nsga-2382244-[0.558045, 2.14546, 0.736329, 0.40027, 0.402591, 0.404185, 2.59026, 0.381168, 2.09954, 6.57774, 0.25, 3.26724, 2.17857, 2, -0.57154]",0,505.4681666676591,300.0,16.85099155612108,0.9356489655448169,322.65164091528914,12.07651967304509,0.8541924078290055,462.89945600556166,10.301076065621725,0.9331048895673054,505.4681666676591,0.0,0.0,0.0,0.0,0.0,0.0,0.0,0.0,0.0,0.0,325.69537353515625,0.0
1764798133.6720102,"[0.19550443098828943, 0.30546365132642106, 0.6260424349218683, 0.34282564276087835, 0.3429762777949996, 0.42288793577435724, 0.47246403791536457, 0.5312325905761544, 0.2612463106613146, 0.5567457052138608, 0.29823740461533926, 0.8664744993574194, 0.33921514008942877, 0.9463520811194062, 0.7398263025430095]",18.564786245764754,0.7836304443638499,476.0223349966654,16,"nsga-2382244-[0.508651, 2.56912, 0.637813, 0.402848, 0.402893, 0.411444, 3.15362, 0.25937, 2.15312, 1.13491, 0.25, 3.23295, 2.17843, 2, -1.30087]",0,476.0223349966654,300.0,18.564786245764754,0.9150729019467424,306.4182546848204,14.020010864443895,0.7836304443638499,426.7084242099669,11.198871231079101,0.8684264732570183,476.0223349966654,0.0,0.0,0.0,0.0,0.0,0.0,0.0,0.0,0.0,0.0,351.0571594238281,0.0
1764798133.673139,"[0.3751608815580416, 0.6072660079707711, 0.46830810098899867, 0.27401463691573724, 0.34160853223707877, 0.0010299841166271362, 0.46252403124997366, 0.5258971600780917, 0.6489784406804605, 0.48103490265047066, 0.4862420836208335, 0.8536343579981478, 0.8359655576866606, 0.9744153283036834, 0.6898311376907148]",17.774239916917754,0.6627893029189691,379.9465190608327,16,"nsga-2382244-[0.562548, 3.62543, 0.590492, 0.382204, 0.402483, 0.200515, 3.11883, 0.257769, 3.12245, -0.379302, 0.25, 3.20727, 3.17193, 2, -1.55084]",0,379.9465190608327,300.0,17.774239916917754,0.7681386366123106,300.1021677901105,14.097350446189322,0.6627893029189691,378.97312428544205,13.660864006600729,0.6653576525246224,379.9465190608327,0.0,0.0,0.0,0.0,0.0,0.0,0.0,0.0,0.0,0.0,271.9715270996094,0.0
1764798133.6742585,"[0.36017562304195194, 0.47734194711590516, 0.43497898394691265, 0.34020018689379844, 0.34192915021305387, 0.41488228335448896, 0.3141673066304372, 0.9377585035625868, 0.65105497513779, 0.5570260849198344, 0.9192693166483336, 0.8520062847248138, 0.345101910218904, 0.46589928690916393, 0.9297433815224067]",15.719780233429699,0.7883176507019415,477.43349929437403,16,"nsga-2382244-[0.558053, 3.1707, 0.580494, 0.40206, 0.402579, 0.407441, 2.59959, 0.381328, 3.12764, 1.14052, 0.25, 3.20401, 2.1902, 2, -0.351283]",0,477.43349929437403,300.0,15.719780233429699,0.8926843611205496,301.4162445440525,12.993231852461651,0.7883176507019415,461.4888745563786,10.88006590866461,0.8637384949660882,477.43349929437403,0.0,0.0,0.0,0.0,0.0,0.0,0.0,0.0,0.0,0.0,351.9914245605469,0.0
1764798133.6755989,"[0.5738852470115303, 0.6090441104614399, 0.8721539565159722, 0.4563256955561526, 0.28349897464812945, 0.0018505319991886648, 0.27486870250575607, 0.5384800611480526, 0.6491668444450797, 0.4798713491620552, 0.3029413746928874, 0.8883321548260934, 0.4457858029238322, 0.47053165283205145, 0.915971571914765]",17.928769302368163,0.6445805674645959,427.6387145996094,16,"nsga-2382244-[0.622166, 3.63165, 0.711646, 0.436898, 0.38505, 0.200925, 2.46204, 0.261544, 3.12292, -0.402573, 0.25, 3.27666, 2.39157, 2, -0.420142]",0,427.6387145996094,300.0,17.928769302368163,0.8108854916037582,300.01676107267053,13.318159410430164,0.6445805674645959,418.4083371046113,12.741205341059986,0.6528613075977419,427.6387145996094,0.0,0.0,0.0,0.0,0.0,0.0,0.0,0.0,0.0,0.0,303.80279541015625,0.0
1764798133.6767159,"[0.37071444915105356, 0.18595842512202, 0.9512643939592742, 0.33668256439723204, 0.3419284208286079, 0.4083709480557767, 0.033763452272115316, 0.9376829481662816, 0.6510265410327045, 0.5585054330041331, 0.9212964263647538, 0.6289505397068846, 0.33878804801577184, 0.9901591588566214, 0.8869885822391346]",17.00733590474943,0.8415821643864236,495.62198847328744,16,"nsga-2382244-[0.561214, 2.15085, 0.735379, 0.401005, 0.402579, 0.404185, 1.61817, 0.381305, 3.12757, 1.17011, 0.25, 2.7579, 2.17758, 2, -0.565057]",0,495.62198847328744,300.0,17.00733590474943,0.9231869328312757,354.1149862894198,16.045616005688178,0.8415821643864236,301.82753233560703,11.734027197302842,0.8768763350277412,495.62198847328744,0.0,0.0,0.0,0.0,0.0,0.0,0.0,0.0,0.0,0.0,399.0179443359375,0.0
1764798133.6778262,"[0.36022676163739964, 0.47482669387534676, 0.4399670311825183, 0.4574158399789653, 0.3419787412585858, 0.4082322039480436, 0.3141673066304372, 0.9377585035625868, 0.6419820270434027, 0.5570260849198344, 0.7596432233535149, 0.8882180702729915, 0.345101910218904, 0.4411596832701003, 0.9289584151215611]",15.821954889995295,0.7705222327534745,482.82982482910154,16,"nsga-2382244-[0.558068, 3.16189, 0.58199, 0.437225, 0.402594, 0.404116, 2.59959, 0.381328, 3.10496, 1.14052, 0.25, 3.27644, 2.1902, 2, -0.355208]",0,482.82982482910154,300.0,15.821954889995295,0.8908626393574041,300.6051835222942,13.787667935069015,0.7705222327534745,461.9393312407703,10.730183275734506,0.8686794147258852,482.82982482910154,0.0,0.0,0.0,0.0,0.0,0.0,0.0,0.0,0.0,0.0,352.53680419921875,0.0
1764798133.6789515,"[0.3635325854488115, 0.18036314701267467, 0.950655359301575, 0.2709171865701847, 0.341625647992255, 0.4083709480557767, 0.31150164454235896, 0.9222992881322926, 0.646320646269771, 0.5527227458835832, 0.9305262472899779, 0.8861096042038406, 0.439443419661581, 0.47427238374946146, 0.9246752164875587]",17.465639598195146,0.8181339359864956,494.3191869968321,16,"nsga-2382244-[0.55906, 2.13127, 0.735197, 0.381275, 0.402488, 0.404185, 2.59026, 0.37669, 3.1158, 1.05445, 0.25, 3.27222, 2.37889, 2, -0.376624]",0,494.3191869968321,300.0,17.465639598195146,0.909141404454301,332.3133765616068,13.092363622711925,0.8181339359864956,462.08923879483854,11.518641253215511,0.8383840264343634,494.3191869968321,0.0,0.0,0.0,0.0,0.0,0.0,0.0,0.0,0.0,0.0,413.76611328125,0.0
1764798133.680066,"[0.19782773318269264, 0.6077846648018954, 0.6226024479791654, 0.3360065970084938, 0.34192514488633136, 0.40804474980613736, 0.9743438725910831, 0.45919328829082884, 0.7390730836930385, 0.5589884012117986, 0.5114840723635883, 0.8785015857782108, 0.4456987828442574, 0.937024280041055, 0.8860253182776119]",19.260066130103134,0.6916839166385371,414.04106847251336,16,"nsga-2382244-[0.509348, 3.62725, 0.636781, 0.400802, 0.402578, 0.404022, 4.9102, 0.237758, 3.34768, 1.17977, 0.25, 3.257, 2.3914, 2, -0.569873]",0,414.04106847251336,300.0,19.260066130103134,0.8189363278993746,300.225420137731,15.4525100987132,0.6916839166385371,375.48168822497854,13.03841779755383,0.7186845526462649,414.04106847251336,0.0,0.0,0.0,0.0,0.0,0.0,0.0,0.0,0.0,0.0,307.24249267578125,0.0
1764798133.6811929,"[0.19896957177710542, 0.39940259611318285, 0.952472547431169, 0.2718684107118161, 0.34209222032927517, 0.0021234169658941207, 0.025425911890481823, 0.45724453624999883, 0.6490967428210871, 0.564458816169928, 0.27925485444203424, 0.6277412324090671, 0.33797408663685646, 0.9551101099011696, 0.9202371868881293]",18.79946395129692,0.6919203682643611,415.6153214617473,16,"nsga-2382244-[0.509691, 2.89791, 0.735742, 0.381561, 0.402628, 0.201062, 1.58899, 0.237173, 3.12274, 1.28918, 0.25, 2.75548, 2.17595, 2, -0.398814]",0,415.6153214617473,300.0,18.79946395129692,0.8239369648258861,301.0686502224062,13.91055427644311,0.6919203682643611,396.63769698724514,13.333182758238257,0.6965750136026522,415.6153214617473,0.0,0.0,0.0,0.0,0.0,0.0,0.0,0.0,0.0,0.0,296.3818664550781,0.0
1764798133.682308,"[0.35984370923724107, 0.1916145359110916, 0.616342056287557, 0.3368088090879285, 0.34459326580208843, 0.4083709480557767, 0.9666193894678845, 0.9226109403674212, 0.6464011622294156, 0.8191983875780199, 0.7532533044688974, 0.8533843437719707, 0.4471254131681718, 0.4720373229742576, 0.8856843159122161]",15.901017063419994,0.766542111955038,488.8307553175019,16,"nsga-2382244-[0.557953, 2.17065, 0.634903, 0.401043, 0.403378, 0.404185, 4.88317, 0.376783, 3.116, 6.38397, 0.25, 3.20677, 2.39425, 2, -0.571578]",0,488.8307553175019,300.0,15.901017063419994,0.9264663155485944,300.74579650134575,12.81240348350711,0.766542111955038,444.5823577508694,10.106714946467703,0.8532615696511617,488.8307553175019,0.0,0.0,0.0,0.0,0.0,0.0,0.0,0.0,0.0,0.0,361.81182861328125,0.0
1764798133.6834307,"[0.38675198258985466, 0.476733297714016, 0.4697314525157332, 0.4563601152078466, 0.34344797410971706, 0.0021313660373022455, 0.3169400293182367, 0.5322787476991868, 0.6529692319949841, 0.48130622683859664, 0.3029413746928874, 0.8526189238055517, 0.8374385539771897, 0.9721549457254719, 0.6885819668296226]",18.35029352699838,0.6673781205968159,402.94285248547067,16,"nsga-2382244-[0.566026, 3.16857, 0.590919, 0.436908, 0.403034, 0.201066, 2.60929, 0.259684, 3.13242, -0.373875, 0.25, 3.20524, 3.17488, 2, -1.55709]",0,402.94285248547067,300.0,18.35029352699838,0.8288904672715722,300.54380980700984,13.461088296843737,0.6673781205968159,398.64575541426495,13.857569187443431,0.6697572356317102,402.94285248547067,0.0,0.0,0.0,0.0,0.0,0.0,0.0,0.0,0.0,0.0,315.1109313964844,0.0
1764798133.6845307,"[0.5799693067221391, 0.6096527598633292, 0.4347569546711245, 0.4574158399789653, 0.3419942069809133, 0.4082322039480436, 0.45975130856217405, 0.9331225050963586, 0.6491231082001375, 0.5570260849198344, 0.9192693166483336, 0.8892335044655875, 0.34144419923031233, 0.47055824198937307, 0.9297433815224067]",16.867646924460807,0.7440231547123048,483.3516626125429,16,"nsga-2382244-[0.623991, 3.63378, 0.580427, 0.437225, 0.402598, 0.404116, 3.10913, 0.379937, 3.12281, 1.14052, 0.25, 3.27847, 2.18289, 2, -0.351283]",0,483.3516626125429,300.0,16.867646924460807,0.9174365002934526,300.0026398077244,12.499939699870785,0.7440231547123048,468.46119771817837,10.676036574200886,0.8151008070969,483.3516626125429,0.0,0.0,0.0,0.0,0.0,0.0,0.0,0.0,0.0,0.0,393.64727783203125,0.0
1764798133.6856472,"[0.36017562304195194, 0.39655754260156134, 0.43497898394691265, 0.11716408722704819, 0.3425902277300992, 0.4082322039480436, 0.3141673066304372, 0.9634715323630471, 0.6511250767617826, 0.5570260849198344, 0.49551287594627813, 0.8882180702729915, 0.345101910218904, 0.47389762243636685, 0.9239005440340665]",15.656500327877882,0.8116315396820627,470.6710534816835,16,"nsga-2382244-[0.558053, 2.88795, 0.580494, 0.335149, 0.402777, 0.404116, 2.59959, 0.389041, 3.12781, 1.14052, 0.25, 3.27644, 2.1902, 2, -0.380497]",0,470.6710534816835,300.0,15.656500327877882,0.9196308322069121,300.58103795865685,13.31484061450493,0.8116315396820627,450.3559550215558,10.398219708698551,0.8969028301355315,470.6710534816835,0.0,0.0,0.0,0.0,0.0,0.0,0.0,0.0,0.0,0.0,361.69012451171875,0.0
1764798133.686734,"[0.5771244027867213, 0.47956078945595065, 0.4451263270746672, 0.45263501729457156, 0.10945113426791277, 0.00397627189620343, 0.27096779793389186, 0.9380601019261529, 0.6851746492128035, 0.5285001175531152, 0.9115552116647461, 0.8666885541023799, 0.35048667408299805, 0.47053577441567546, 0.6889820741094675]",0.0,100.0,4.869295203976515,16,"nsga-2382244-[0.623137, 3.17846, 0.583538, 0.435791, 0.332835, 0.201988, 2.44839, 0.381418, 3.21294, 0.570002, 0.25, 3.23338, 2.20097, 2, -1.55509]",0,4.869295203976515,300.0,0.0,100.0,0.0,0.0,100.0,0.0,7.693191488777719,0.1206134846661149,4.869295203976515,0.0,0.0,0.0,0.0,0.0,0.0,0.0,0.0,0.0,0.0,1.0669105052947998,0.0
1764798133.6880765,"[0.36154799513143787, 0.18951649251290592, 0.9530213637837041, 0.33823251911967, 0.33921955059233233, 0.40806446714300815, 0.9419748755528563, 0.9226109403674212, 0.646402694079433, 0.8253202637491556, 0.7472681256878946, 0.4870036683078846, 0.4511316807931782, 0.4698641575040127, 0.8849117094915403]",16.40411489068008,0.803454210409304,485.86923932331365,16,"nsga-2382244-[0.558464, 2.16331, 0.735906, 0.40147, 0.401766, 0.404032, 4.79691, 0.376783, 3.11601, 6.50641, 0.25, 2.47401, 2.40226, 2, -0.575441]",0,485.86923932331365,300.0,16.40411489068008,0.9402274902273969,300.97039426477943,12.335563171200636,0.803454210409304,450.25599268471325,10.45028640933153,0.8652934106384835,485.86923932331365,0.0,0.0,0.0,0.0,0.0,0.0,0.0,0.0,0.0,0.0,340.6081237792969,0.0
1764798133.6891997,"[0.19898264127813894, 0.4739049356376764, 0.6191520844657356, 0.27126040081681024, 0.34206724747943507, 0.40759824855119464, 0.28038163533996635, 0.5311215254276578, 0.645586090960663, 0.5595252867006973, 0.4788126930590101, 0.48453713743548293, 0.3307944883047106, 0.9438271143797419, 0.6778936660678306]",18.990989685058594,0.8047521477792321,439.1028623999619,16,"nsga-2382244-[0.509695, 3.15867, 0.635746, 0.381378, 0.40262, 0.403799, 2.48134, 0.259336, 3.11397, 1.19051, 0.25, 2.46907, 2.16159, 2, -1.61053]",0,439.1028623999619,300.0,18.990989685058594,0.907388997950205,300.7134313071646,14.017094900549912,0.8047521477792321,407.746715992253,11.888638291707853,0.8557894625314852,439.1028623999619,0.0,0.0,0.0,0.0,0.0,0.0,0.0,0.0,0.0,0.0,316.4400329589844,0.0
